file_id,namespace,name,full_name,base_type
-57921444,"","<>f__AnonymousType0`2","<>f__AnonymousType0`2","System.Object"
1698898411,"","<>f__AnonymousType1`3","<>f__AnonymousType1`3","System.Object"
-1250650611,"","<>f__AnonymousType2`2","<>f__AnonymousType2`2","System.Object"
-456681233,"","<Module>","<Module>",""
-1007137335,"","<PrivateImplementationDetails>","<PrivateImplementationDetails>","System.Object"
-1279130830,"","__StaticArrayInitTypeSize=1024","<PrivateImplementationDetails>/__StaticArrayInitTypeSize=1024","System.ValueType"
1699054216,"","__StaticArrayInitTypeSize=112","<PrivateImplementationDetails>/__StaticArrayInitTypeSize=112","System.ValueType"
-807225555,"","__StaticArrayInitTypeSize=1152","<PrivateImplementationDetails>/__StaticArrayInitTypeSize=1152","System.ValueType"
-1514308802,"","__StaticArrayInitTypeSize=116","<PrivateImplementationDetails>/__StaticArrayInitTypeSize=116","System.ValueType"
1343825106,"","__StaticArrayInitTypeSize=12","<PrivateImplementationDetails>/__StaticArrayInitTypeSize=12","System.ValueType"
1950954537,"","__StaticArrayInitTypeSize=120","<PrivateImplementationDetails>/__StaticArrayInitTypeSize=120","System.ValueType"
-1791293902,"","__StaticArrayInitTypeSize=124","<PrivateImplementationDetails>/__StaticArrayInitTypeSize=124","System.ValueType"
122501505,"","__StaticArrayInitTypeSize=128","<PrivateImplementationDetails>/__StaticArrayInitTypeSize=128","System.ValueType"
-168931420,"","__StaticArrayInitTypeSize=144","<PrivateImplementationDetails>/__StaticArrayInitTypeSize=144","System.ValueType"
-212169884,"","__StaticArrayInitTypeSize=16","<PrivateImplementationDetails>/__StaticArrayInitTypeSize=16","System.ValueType"
1776417222,"","__StaticArrayInitTypeSize=19","<PrivateImplementationDetails>/__StaticArrayInitTypeSize=19","System.ValueType"
-1243194549,"","__StaticArrayInitTypeSize=20","<PrivateImplementationDetails>/__StaticArrayInitTypeSize=20","System.ValueType"
-1767041181,"","__StaticArrayInitTypeSize=2048","<PrivateImplementationDetails>/__StaticArrayInitTypeSize=2048","System.ValueType"
782641672,"","__StaticArrayInitTypeSize=216","<PrivateImplementationDetails>/__StaticArrayInitTypeSize=216","System.ValueType"
738333499,"","__StaticArrayInitTypeSize=24","<PrivateImplementationDetails>/__StaticArrayInitTypeSize=24","System.ValueType"
-403457467,"","__StaticArrayInitTypeSize=256","<PrivateImplementationDetails>/__StaticArrayInitTypeSize=256","System.ValueType"
-2023328174,"","__StaticArrayInitTypeSize=28","<PrivateImplementationDetails>/__StaticArrayInitTypeSize=28","System.ValueType"
-464487278,"","__StaticArrayInitTypeSize=3","<PrivateImplementationDetails>/__StaticArrayInitTypeSize=3","System.ValueType"
1119464277,"","__StaticArrayInitTypeSize=30","<PrivateImplementationDetails>/__StaticArrayInitTypeSize=30","System.ValueType"
954074228,"","__StaticArrayInitTypeSize=32","<PrivateImplementationDetails>/__StaticArrayInitTypeSize=32","System.ValueType"
869193687,"","__StaticArrayInitTypeSize=36","<PrivateImplementationDetails>/__StaticArrayInitTypeSize=36","System.ValueType"
1043473240,"","__StaticArrayInitTypeSize=384","<PrivateImplementationDetails>/__StaticArrayInitTypeSize=384","System.ValueType"
-1678801011,"","__StaticArrayInitTypeSize=40","<PrivateImplementationDetails>/__StaticArrayInitTypeSize=40","System.ValueType"
-556667107,"","__StaticArrayInitTypeSize=4096","<PrivateImplementationDetails>/__StaticArrayInitTypeSize=4096","System.ValueType"
-2145119014,"","__StaticArrayInitTypeSize=44","<PrivateImplementationDetails>/__StaticArrayInitTypeSize=44","System.ValueType"
-1620161348,"","__StaticArrayInitTypeSize=48","<PrivateImplementationDetails>/__StaticArrayInitTypeSize=48","System.ValueType"
37315981,"","__StaticArrayInitTypeSize=5","<PrivateImplementationDetails>/__StaticArrayInitTypeSize=5","System.ValueType"
1834753276,"","__StaticArrayInitTypeSize=511","<PrivateImplementationDetails>/__StaticArrayInitTypeSize=511","System.ValueType"
-487676398,"","__StaticArrayInitTypeSize=512","<PrivateImplementationDetails>/__StaticArrayInitTypeSize=512","System.ValueType"
-644654953,"","__StaticArrayInitTypeSize=56","<PrivateImplementationDetails>/__StaticArrayInitTypeSize=56","System.ValueType"
-1962453234,"","__StaticArrayInitTypeSize=6","<PrivateImplementationDetails>/__StaticArrayInitTypeSize=6","System.ValueType"
-1087666326,"","__StaticArrayInitTypeSize=60","<PrivateImplementationDetails>/__StaticArrayInitTypeSize=60","System.ValueType"
-308139879,"","__StaticArrayInitTypeSize=6144","<PrivateImplementationDetails>/__StaticArrayInitTypeSize=6144","System.ValueType"
1899815046,"","__StaticArrayInitTypeSize=64","<PrivateImplementationDetails>/__StaticArrayInitTypeSize=64","System.ValueType"
117411489,"","__StaticArrayInitTypeSize=640","<PrivateImplementationDetails>/__StaticArrayInitTypeSize=640","System.ValueType"
285865932,"","__StaticArrayInitTypeSize=68","<PrivateImplementationDetails>/__StaticArrayInitTypeSize=68","System.ValueType"
-881193404,"","__StaticArrayInitTypeSize=72","<PrivateImplementationDetails>/__StaticArrayInitTypeSize=72","System.ValueType"
959911571,"","__StaticArrayInitTypeSize=76","<PrivateImplementationDetails>/__StaticArrayInitTypeSize=76","System.ValueType"
15516650,"","__StaticArrayInitTypeSize=96","<PrivateImplementationDetails>/__StaticArrayInitTypeSize=96","System.ValueType"
-597504804,"","ActiveAnimation","ActiveAnimation","IgnoreTimeScale"
1969159771,"","OnFinished","ActiveAnimation/OnFinished","System.MulticastDelegate"
1834602302,"","ActorProperties","ActorProperties","System.Object"
-2044104412,"","AnalyticsHelper","AnalyticsHelper","System.Object"
929658209,"","AnalyticsServiceBase","AnalyticsServiceBase","System.Object"
-1750120720,"","AndroidRotationLockUtil","AndroidRotationLockUtil","System.Object"
1574229189,"","AnimatedAlpha","AnimatedAlpha","UnityEngine.MonoBehaviour"
-1406004163,"","AnimatedColor","AnimatedColor","UnityEngine.MonoBehaviour"
1649712837,"AnimationOrTween","Direction","AnimationOrTween.Direction","System.Enum"
-665909261,"AnimationOrTween","DisableCondition","AnimationOrTween.DisableCondition","System.Enum"
150041054,"AnimationOrTween","EnableCondition","AnimationOrTween.EnableCondition","System.Enum"
732767001,"AnimationOrTween","Trigger","AnimationOrTween.Trigger","System.Enum"
-867676493,"","ArrayExtensions","ArrayExtensions","System.Object"
69007293,"","StabilizingComparer`1","ArrayExtensions/StabilizingComparer`1","System.Object"
1415369507,"","AuthModeOption","AuthModeOption","System.Enum"
1491321854,"","AuthenticationSample","AuthenticationSample","UnityEngine.MonoBehaviour"
-1715202197,"","AuthenticationValues","AuthenticationValues","System.Object"
91176604,"","BMFont","BMFont","System.Object"
1811138410,"","BMGlyph","BMGlyph","System.Object"
246273273,"","BMSymbol","BMSymbol","System.Object"
-1177651555,"","BaseHub","BaseHub","BestHTTP.SignalR.Hubs.Hub"
1524808671,"","BasicRopeTypes","BasicRopeTypes","System.Enum"
-237906453,"BestHTTP.Authentication","AuthenticationTypes","BestHTTP.Authentication.AuthenticationTypes","System.Enum"
-1336530452,"BestHTTP.Authentication","Credentials","BestHTTP.Authentication.Credentials","System.Object"
-1506588744,"BestHTTP.Authentication","Digest","BestHTTP.Authentication.Digest","System.Object"
-13149264,"BestHTTP.Authentication","DigestStore","BestHTTP.Authentication.DigestStore","System.Object"
1935907666,"","<>c__DisplayClass6_0","BestHTTP.Authentication.DigestStore/<>c__DisplayClass6_0","System.Object"
-162517957,"BestHTTP.Caching","HTTPCacheFileInfo","BestHTTP.Caching.HTTPCacheFileInfo","System.Object"
2030483058,"BestHTTP.Caching","HTTPCacheFileLock","BestHTTP.Caching.HTTPCacheFileLock","System.Object"
410127542,"BestHTTP.Caching","HTTPCacheMaintananceParams","BestHTTP.Caching.HTTPCacheMaintananceParams","System.Object"
-1120530400,"BestHTTP.Caching","HTTPCacheService","BestHTTP.Caching.HTTPCacheService","System.Object"
-2057008898,"","<>c","BestHTTP.Caching.HTTPCacheService/<>c","System.Object"
-418137756,"","<>c__DisplayClass35_0","BestHTTP.Caching.HTTPCacheService/<>c__DisplayClass35_0","System.Object"
1265156158,"BestHTTP","ConnectionBase","BestHTTP.ConnectionBase","System.Object"
1089833415,"BestHTTP.Cookies","Cookie","BestHTTP.Cookies.Cookie","System.Object"
-2057008898,"","<>c","BestHTTP.Cookies.Cookie/<>c","System.Object"
1123740779,"BestHTTP.Cookies","CookieJar","BestHTTP.Cookies.CookieJar","System.Object"
-295172597,"BestHTTP.Decompression.Crc","CRC32","BestHTTP.Decompression.Crc.CRC32","System.Object"
-219649342,"BestHTTP.Decompression.Zlib","Adler","BestHTTP.Decompression.Zlib.Adler","System.Object"
-785728742,"BestHTTP.Decompression.Zlib","BlockState","BestHTTP.Decompression.Zlib.BlockState","System.Enum"
685884929,"BestHTTP.Decompression.Zlib","CompressionLevel","BestHTTP.Decompression.Zlib.CompressionLevel","System.Enum"
-435487105,"BestHTTP.Decompression.Zlib","CompressionMode","BestHTTP.Decompression.Zlib.CompressionMode","System.Enum"
-754230306,"BestHTTP.Decompression.Zlib","CompressionStrategy","BestHTTP.Decompression.Zlib.CompressionStrategy","System.Enum"
432453337,"BestHTTP.Decompression.Zlib","DeflateFlavor","BestHTTP.Decompression.Zlib.DeflateFlavor","System.Enum"
1804330326,"BestHTTP.Decompression.Zlib","DeflateManager","BestHTTP.Decompression.Zlib.DeflateManager","System.Object"
-491868520,"","CompressFunc","BestHTTP.Decompression.Zlib.DeflateManager/CompressFunc","System.MulticastDelegate"
1598915159,"","Config","BestHTTP.Decompression.Zlib.DeflateManager/Config","System.Object"
-617708169,"BestHTTP.Decompression.Zlib","DeflateStream","BestHTTP.Decompression.Zlib.DeflateStream","System.IO.Stream"
-1951399618,"BestHTTP.Decompression.Zlib","FlushType","BestHTTP.Decompression.Zlib.FlushType","System.Enum"
-275442728,"BestHTTP.Decompression.Zlib","GZipStream","BestHTTP.Decompression.Zlib.GZipStream","System.IO.Stream"
1926550997,"BestHTTP.Decompression.Zlib","InfTree","BestHTTP.Decompression.Zlib.InfTree","System.Object"
813351801,"BestHTTP.Decompression.Zlib","InflateBlocks","BestHTTP.Decompression.Zlib.InflateBlocks","System.Object"
-1808641264,"","InflateBlockMode","BestHTTP.Decompression.Zlib.InflateBlocks/InflateBlockMode","System.Enum"
-1288311698,"BestHTTP.Decompression.Zlib","InflateCodes","BestHTTP.Decompression.Zlib.InflateCodes","System.Object"
-789730920,"BestHTTP.Decompression.Zlib","InflateManager","BestHTTP.Decompression.Zlib.InflateManager","System.Object"
-853584956,"","InflateManagerMode","BestHTTP.Decompression.Zlib.InflateManager/InflateManagerMode","System.Enum"
58904716,"BestHTTP.Decompression.Zlib","InternalConstants","BestHTTP.Decompression.Zlib.InternalConstants","System.Object"
-2008884743,"BestHTTP.Decompression.Zlib","InternalInflateConstants","BestHTTP.Decompression.Zlib.InternalInflateConstants","System.Object"
260521679,"BestHTTP.Decompression.Zlib","SharedUtils","BestHTTP.Decompression.Zlib.SharedUtils","System.Object"
1920902380,"BestHTTP.Decompression.Zlib","StaticTree","BestHTTP.Decompression.Zlib.StaticTree","System.Object"
-326297718,"BestHTTP.Decompression.Zlib","ZTree","BestHTTP.Decompression.Zlib.ZTree","System.Object"
1016098206,"BestHTTP.Decompression.Zlib","ZlibBaseStream","BestHTTP.Decompression.Zlib.ZlibBaseStream","System.IO.Stream"
2043062715,"","StreamMode","BestHTTP.Decompression.Zlib.ZlibBaseStream/StreamMode","System.Enum"
1101397263,"BestHTTP.Decompression.Zlib","ZlibCodec","BestHTTP.Decompression.Zlib.ZlibCodec","System.Object"
793312754,"BestHTTP.Decompression.Zlib","ZlibConstants","BestHTTP.Decompression.Zlib.ZlibConstants","System.Object"
1547279791,"BestHTTP.Decompression.Zlib","ZlibException","BestHTTP.Decompression.Zlib.ZlibException","System.Exception"
55292457,"BestHTTP.Decompression.Zlib","ZlibStreamFlavor","BestHTTP.Decompression.Zlib.ZlibStreamFlavor","System.Enum"
-1988954349,"BestHTTP.Examples","AssetBundleSample","BestHTTP.Examples.AssetBundleSample","UnityEngine.MonoBehaviour"
-930419960,"","<DownloadAssetBundle>d__7","BestHTTP.Examples.AssetBundleSample/<DownloadAssetBundle>d__7","System.Object"
-1581070031,"","<ProcessAssetBundle>d__8","BestHTTP.Examples.AssetBundleSample/<ProcessAssetBundle>d__8","System.Object"
-621064794,"BestHTTP.Examples","CacheMaintenanceSample","BestHTTP.Examples.CacheMaintenanceSample","UnityEngine.MonoBehaviour"
1448270558,"","DeleteOlderTypes","BestHTTP.Examples.CacheMaintenanceSample/DeleteOlderTypes","System.Enum"
965785853,"BestHTTP.Examples","CodeBlocks","BestHTTP.Examples.CodeBlocks","System.Object"
-215802266,"BestHTTP.Examples","GUIHelper","BestHTTP.Examples.GUIHelper","System.Object"
-1276756210,"BestHTTP.Examples","GUIMessageList","BestHTTP.Examples.GUIMessageList","System.Object"
-767322066,"BestHTTP.Examples","LargeFileDownloadSample","BestHTTP.Examples.LargeFileDownloadSample","UnityEngine.MonoBehaviour"
999495312,"BestHTTP.Examples","TextureDownloadSample","BestHTTP.Examples.TextureDownloadSample","UnityEngine.MonoBehaviour"
-1346709540,"BestHTTP.Extensions","ExceptionHelper","BestHTTP.Extensions.ExceptionHelper","System.Object"
-349527372,"BestHTTP.Extensions","Extensions","BestHTTP.Extensions.Extensions","System.Object"
-2057008898,"","<>c","BestHTTP.Extensions.Extensions/<>c","System.Object"
-1588141143,"","<>c__DisplayClass13_0","BestHTTP.Extensions.Extensions/<>c__DisplayClass13_0","System.Object"
2083960929,"BestHTTP.Extensions","HeaderParser","BestHTTP.Extensions.HeaderParser","BestHTTP.Extensions.KeyValuePairList"
-1737441390,"BestHTTP.Extensions","HeaderValue","BestHTTP.Extensions.HeaderValue","System.Object"
-2057008898,"","<>c","BestHTTP.Extensions.HeaderValue/<>c","System.Object"
-1434839826,"BestHTTP.Extensions","HeartbeatManager","BestHTTP.Extensions.HeartbeatManager","System.Object"
-381030305,"BestHTTP.Extensions","IHeartbeat","BestHTTP.Extensions.IHeartbeat",""
1611150970,"BestHTTP.Extensions","KeyValuePair","BestHTTP.Extensions.KeyValuePair","System.Object"
-799336102,"BestHTTP.Extensions","KeyValuePairList","BestHTTP.Extensions.KeyValuePairList","System.Object"
-356870790,"BestHTTP.Extensions","WWWAuthenticateHeaderParser","BestHTTP.Extensions.WWWAuthenticateHeaderParser","BestHTTP.Extensions.KeyValuePairList"
-2057008898,"","<>c","BestHTTP.Extensions.WWWAuthenticateHeaderParser/<>c","System.Object"
-487935608,"BestHTTP","FileConnection","BestHTTP.FileConnection","BestHTTP.ConnectionBase"
-647155268,"BestHTTP.Forms","HTTPFieldData","BestHTTP.Forms.HTTPFieldData","System.Object"
1762375155,"BestHTTP.Forms","HTTPFormBase","BestHTTP.Forms.HTTPFormBase","System.Object"
1518302545,"BestHTTP.Forms","HTTPFormUsage","BestHTTP.Forms.HTTPFormUsage","System.Enum"
-291375644,"BestHTTP.Forms","HTTPMultiPartForm","BestHTTP.Forms.HTTPMultiPartForm","BestHTTP.Forms.HTTPFormBase"
-685506738,"BestHTTP.Forms","HTTPUrlEncodedForm","BestHTTP.Forms.HTTPUrlEncodedForm","BestHTTP.Forms.HTTPFormBase"
-434346507,"BestHTTP.Forms","UnityForm","BestHTTP.Forms.UnityForm","BestHTTP.Forms.HTTPFormBase"
975605115,"BestHTTP","HTTPConnection","BestHTTP.HTTPConnection","BestHTTP.ConnectionBase"
-2062112335,"","RetryCauses","BestHTTP.HTTPConnection/RetryCauses","System.Enum"
-1375652548,"BestHTTP","HTTPConnectionRecycledDelegate","BestHTTP.HTTPConnectionRecycledDelegate","System.MulticastDelegate"
-478268875,"BestHTTP","HTTPConnectionStates","BestHTTP.HTTPConnectionStates","System.Enum"
1533095766,"BestHTTP","HTTPManager","BestHTTP.HTTPManager","System.Object"
-2057008898,"","<>c","BestHTTP.HTTPManager/<>c","System.Object"
819214730,"","<>c__DisplayClass82_0","BestHTTP.HTTPManager/<>c__DisplayClass82_0","System.Object"
1537970462,"BestHTTP","HTTPMethods","BestHTTP.HTTPMethods","System.Enum"
-1822154175,"BestHTTP","HTTPProtocolFactory","BestHTTP.HTTPProtocolFactory","System.Object"
-256285588,"BestHTTP","HTTPProxy","BestHTTP.HTTPProxy","System.Object"
-540650170,"BestHTTP","HTTPRange","BestHTTP.HTTPRange","System.Object"
-330130029,"BestHTTP","HTTPRequest","BestHTTP.HTTPRequest","System.Object"
1794651012,"","<>c__DisplayClass211_0","BestHTTP.HTTPRequest/<>c__DisplayClass211_0","System.Object"
380805823,"","<>c__DisplayClass212_0","BestHTTP.HTTPRequest/<>c__DisplayClass212_0","System.Object"
-1412429247,"BestHTTP","HTTPRequestStates","BestHTTP.HTTPRequestStates","System.Enum"
-1847422767,"BestHTTP","HTTPResponse","BestHTTP.HTTPResponse","System.Object"
-1733230495,"BestHTTP","HTTPUpdateDelegator","BestHTTP.HTTPUpdateDelegator","UnityEngine.MonoBehaviour"
1140621916,"BestHTTP","IProtocol","BestHTTP.IProtocol",""
1793143647,"BestHTTP.JSON","Json","BestHTTP.JSON.Json","System.Object"
1159575098,"BestHTTP.Logger","DefaultLogger","BestHTTP.Logger.DefaultLogger","System.Object"
-1303825167,"BestHTTP.Logger","ILogger","BestHTTP.Logger.ILogger",""
1036059735,"BestHTTP.Logger","Loglevels","BestHTTP.Logger.Loglevels","System.Enum"
1312104343,"BestHTTP","OnBeforeRedirectionDelegate","BestHTTP.OnBeforeRedirectionDelegate","System.MulticastDelegate"
1535305809,"BestHTTP","OnDownloadProgressDelegate","BestHTTP.OnDownloadProgressDelegate","System.MulticastDelegate"
2142773512,"BestHTTP","OnHeaderEnumerationDelegate","BestHTTP.OnHeaderEnumerationDelegate","System.MulticastDelegate"
-419913566,"BestHTTP","OnRequestFinishedDelegate","BestHTTP.OnRequestFinishedDelegate","System.MulticastDelegate"
879249015,"BestHTTP","OnUploadProgressDelegate","BestHTTP.OnUploadProgressDelegate","System.MulticastDelegate"
1761469194,"BestHTTP.PlatformSupport.TcpClient.General","TcpClient","BestHTTP.PlatformSupport.TcpClient.General.TcpClient","System.Object"
1363384660,"","<>c__DisplayClass55_0","BestHTTP.PlatformSupport.TcpClient.General.TcpClient/<>c__DisplayClass55_0","System.Object"
-1784426095,"","Properties","BestHTTP.PlatformSupport.TcpClient.General.TcpClient/Properties","System.Enum"
-2095485484,"BestHTTP.ServerSentEvents","EventSource","BestHTTP.ServerSentEvents.EventSource","System.Object"
1734487458,"BestHTTP.ServerSentEvents","EventSourceResponse","BestHTTP.ServerSentEvents.EventSourceResponse","BestHTTP.HTTPResponse"
-2054839440,"BestHTTP.ServerSentEvents","Message","BestHTTP.ServerSentEvents.Message","System.Object"
975830057,"BestHTTP.ServerSentEvents","OnErrorDelegate","BestHTTP.ServerSentEvents.OnErrorDelegate","System.MulticastDelegate"
-238160410,"BestHTTP.ServerSentEvents","OnEventDelegate","BestHTTP.ServerSentEvents.OnEventDelegate","System.MulticastDelegate"
378383179,"BestHTTP.ServerSentEvents","OnGeneralEventDelegate","BestHTTP.ServerSentEvents.OnGeneralEventDelegate","System.MulticastDelegate"
524960899,"BestHTTP.ServerSentEvents","OnMessageDelegate","BestHTTP.ServerSentEvents.OnMessageDelegate","System.MulticastDelegate"
1097192759,"BestHTTP.ServerSentEvents","OnRetryDelegate","BestHTTP.ServerSentEvents.OnRetryDelegate","System.MulticastDelegate"
-1729946541,"BestHTTP.ServerSentEvents","OnStateChangedDelegate","BestHTTP.ServerSentEvents.OnStateChangedDelegate","System.MulticastDelegate"
-1650188000,"BestHTTP.ServerSentEvents","States","BestHTTP.ServerSentEvents.States","System.Enum"
-659205076,"BestHTTP.SignalR.Authentication","HeaderAuthenticator","BestHTTP.SignalR.Authentication.HeaderAuthenticator","System.Object"
1436852492,"BestHTTP.SignalR.Authentication","IAuthenticationProvider","BestHTTP.SignalR.Authentication.IAuthenticationProvider",""
-761641601,"BestHTTP.SignalR.Authentication","OnAuthenticationFailedDelegate","BestHTTP.SignalR.Authentication.OnAuthenticationFailedDelegate","System.MulticastDelegate"
513443101,"BestHTTP.SignalR.Authentication","OnAuthenticationSuccededDelegate","BestHTTP.SignalR.Authentication.OnAuthenticationSuccededDelegate","System.MulticastDelegate"
1324852040,"BestHTTP.SignalR.Authentication","SampleCookieAuthentication","BestHTTP.SignalR.Authentication.SampleCookieAuthentication","System.Object"
-2057008898,"","<>c","BestHTTP.SignalR.Authentication.SampleCookieAuthentication/<>c","System.Object"
1173752345,"BestHTTP.SignalR","Connection","BestHTTP.SignalR.Connection","System.Object"
1370033900,"BestHTTP.SignalR","ConnectionStates","BestHTTP.SignalR.ConnectionStates","System.Enum"
-1965589305,"BestHTTP.SignalR.Hubs","Hub","BestHTTP.SignalR.Hubs.Hub","System.Object"
1055413798,"BestHTTP.SignalR.Hubs","IHub","BestHTTP.SignalR.Hubs.IHub",""
539645536,"BestHTTP.SignalR.Hubs","OnMethodCallCallbackDelegate","BestHTTP.SignalR.Hubs.OnMethodCallCallbackDelegate","System.MulticastDelegate"
822625803,"BestHTTP.SignalR.Hubs","OnMethodCallDelegate","BestHTTP.SignalR.Hubs.OnMethodCallDelegate","System.MulticastDelegate"
-1537902679,"BestHTTP.SignalR.Hubs","OnMethodFailedDelegate","BestHTTP.SignalR.Hubs.OnMethodFailedDelegate","System.MulticastDelegate"
-1458390633,"BestHTTP.SignalR.Hubs","OnMethodProgressDelegate","BestHTTP.SignalR.Hubs.OnMethodProgressDelegate","System.MulticastDelegate"
-1496129157,"BestHTTP.SignalR.Hubs","OnMethodResultDelegate","BestHTTP.SignalR.Hubs.OnMethodResultDelegate","System.MulticastDelegate"
2023228545,"BestHTTP.SignalR","IConnection","BestHTTP.SignalR.IConnection",""
169186938,"BestHTTP.SignalR.JsonEncoders","DefaultJsonEncoder","BestHTTP.SignalR.JsonEncoders.DefaultJsonEncoder","System.Object"
-1389981833,"BestHTTP.SignalR.JsonEncoders","IJsonEncoder","BestHTTP.SignalR.JsonEncoders.IJsonEncoder",""
-19403283,"BestHTTP.SignalR.JsonEncoders","LitJsonEncoder","BestHTTP.SignalR.JsonEncoders.LitJsonEncoder","System.Object"
-1206385364,"BestHTTP.SignalR","MessageTypes","BestHTTP.SignalR.MessageTypes","System.Enum"
-56188377,"BestHTTP.SignalR.Messages","ClientMessage","BestHTTP.SignalR.Messages.ClientMessage","System.ValueType"
-1092959689,"BestHTTP.SignalR.Messages","DataMessage","BestHTTP.SignalR.Messages.DataMessage","System.Object"
1691000235,"BestHTTP.SignalR.Messages","FailureMessage","BestHTTP.SignalR.Messages.FailureMessage","System.Object"
-1547058735,"BestHTTP.SignalR.Messages","IHubMessage","BestHTTP.SignalR.Messages.IHubMessage",""
-590761998,"BestHTTP.SignalR.Messages","IServerMessage","BestHTTP.SignalR.Messages.IServerMessage",""
1586319594,"BestHTTP.SignalR.Messages","KeepAliveMessage","BestHTTP.SignalR.Messages.KeepAliveMessage","System.Object"
380112494,"BestHTTP.SignalR.Messages","MethodCallMessage","BestHTTP.SignalR.Messages.MethodCallMessage","System.Object"
-1129854820,"BestHTTP.SignalR.Messages","MultiMessage","BestHTTP.SignalR.Messages.MultiMessage","System.Object"
1923464341,"BestHTTP.SignalR.Messages","ProgressMessage","BestHTTP.SignalR.Messages.ProgressMessage","System.Object"
1145630194,"BestHTTP.SignalR.Messages","ResultMessage","BestHTTP.SignalR.Messages.ResultMessage","System.Object"
-198696193,"BestHTTP.SignalR","NegotiationData","BestHTTP.SignalR.NegotiationData","System.Object"
1969564279,"BestHTTP.SignalR","OnClosedDelegate","BestHTTP.SignalR.OnClosedDelegate","System.MulticastDelegate"
229783499,"BestHTTP.SignalR","OnConnectedDelegate","BestHTTP.SignalR.OnConnectedDelegate","System.MulticastDelegate"
-1153005269,"BestHTTP.SignalR","OnErrorDelegate","BestHTTP.SignalR.OnErrorDelegate","System.MulticastDelegate"
1303255156,"BestHTTP.SignalR","OnNonHubMessageDelegate","BestHTTP.SignalR.OnNonHubMessageDelegate","System.MulticastDelegate"
2000316791,"BestHTTP.SignalR","OnPrepareRequestDelegate","BestHTTP.SignalR.OnPrepareRequestDelegate","System.MulticastDelegate"
335229776,"BestHTTP.SignalR","OnStateChanged","BestHTTP.SignalR.OnStateChanged","System.MulticastDelegate"
-1357512923,"BestHTTP.SignalR","ProtocolVersions","BestHTTP.SignalR.ProtocolVersions","System.Enum"
1677871669,"BestHTTP.SignalR","RequestTypes","BestHTTP.SignalR.RequestTypes","System.Enum"
1490598818,"BestHTTP.SignalR","TransportStates","BestHTTP.SignalR.TransportStates","System.Enum"
1979640099,"BestHTTP.SignalR","TransportTypes","BestHTTP.SignalR.TransportTypes","System.Enum"
-1057423802,"BestHTTP.SignalR.Transports","OnTransportStateChangedDelegate","BestHTTP.SignalR.Transports.OnTransportStateChangedDelegate","System.MulticastDelegate"
1873929945,"BestHTTP.SignalR.Transports","PollingTransport","BestHTTP.SignalR.Transports.PollingTransport","BestHTTP.SignalR.Transports.PostSendTransportBase"
-1578631119,"BestHTTP.SignalR.Transports","PostSendTransportBase","BestHTTP.SignalR.Transports.PostSendTransportBase","BestHTTP.SignalR.Transports.TransportBase"
1156003478,"BestHTTP.SignalR.Transports","ServerSentEventsTransport","BestHTTP.SignalR.Transports.ServerSentEventsTransport","BestHTTP.SignalR.Transports.PostSendTransportBase"
-2057008898,"","<>c","BestHTTP.SignalR.Transports.ServerSentEventsTransport/<>c","System.Object"
564098713,"BestHTTP.SignalR.Transports","TransportBase","BestHTTP.SignalR.Transports.TransportBase","System.Object"
-979551581,"BestHTTP.SignalR.Transports","WebSocketTransport","BestHTTP.SignalR.Transports.WebSocketTransport","BestHTTP.SignalR.Transports.TransportBase"
702310314,"BestHTTP.SocketIO","Error","BestHTTP.SocketIO.Error","System.Object"
1104733901,"BestHTTP.SocketIO.Events","EventDescriptor","BestHTTP.SocketIO.Events.EventDescriptor","System.Object"
-38929473,"BestHTTP.SocketIO.Events","EventNames","BestHTTP.SocketIO.Events.EventNames","System.Object"
2113069967,"BestHTTP.SocketIO.Events","EventTable","BestHTTP.SocketIO.Events.EventTable","System.Object"
1935907666,"","<>c__DisplayClass6_0","BestHTTP.SocketIO.Events.EventTable/<>c__DisplayClass6_0","System.Object"
-260296286,"BestHTTP.SocketIO.Events","SocketIOAckCallback","BestHTTP.SocketIO.Events.SocketIOAckCallback","System.MulticastDelegate"
316151026,"BestHTTP.SocketIO.Events","SocketIOCallback","BestHTTP.SocketIO.Events.SocketIOCallback","System.MulticastDelegate"
349164688,"BestHTTP.SocketIO","HandshakeData","BestHTTP.SocketIO.HandshakeData","System.Object"
-1102359067,"BestHTTP.SocketIO","IManager","BestHTTP.SocketIO.IManager",""
-1640073381,"BestHTTP.SocketIO","ISocket","BestHTTP.SocketIO.ISocket",""
434942100,"BestHTTP.SocketIO.JsonEncoders","DefaultJSonEncoder","BestHTTP.SocketIO.JsonEncoders.DefaultJSonEncoder","System.Object"
1430745138,"BestHTTP.SocketIO.JsonEncoders","IJsonEncoder","BestHTTP.SocketIO.JsonEncoders.IJsonEncoder",""
-160170359,"BestHTTP.SocketIO.JsonEncoders","LitJsonEncoder","BestHTTP.SocketIO.JsonEncoders.LitJsonEncoder","System.Object"
-1105244889,"BestHTTP.SocketIO","Packet","BestHTTP.SocketIO.Packet","System.Object"
1514125796,"","PayloadTypes","BestHTTP.SocketIO.Packet/PayloadTypes","System.Enum"
-1646102272,"BestHTTP.SocketIO","Socket","BestHTTP.SocketIO.Socket","System.Object"
-1220337923,"BestHTTP.SocketIO","SocketIOErrors","BestHTTP.SocketIO.SocketIOErrors","System.Enum"
-317594578,"BestHTTP.SocketIO","SocketIOEventTypes","BestHTTP.SocketIO.SocketIOEventTypes","System.Enum"
602793435,"BestHTTP.SocketIO","SocketManager","BestHTTP.SocketIO.SocketManager","System.Object"
-1096149187,"","States","BestHTTP.SocketIO.SocketManager/States","System.Enum"
530710847,"BestHTTP.SocketIO","SocketOptions","BestHTTP.SocketIO.SocketOptions","System.Object"
-1744002201,"BestHTTP.SocketIO","TransportEventTypes","BestHTTP.SocketIO.TransportEventTypes","System.Enum"
519955588,"BestHTTP.SocketIO.Transports","ITransport","BestHTTP.SocketIO.Transports.ITransport",""
1114935612,"BestHTTP.SocketIO.Transports","PollingTransport","BestHTTP.SocketIO.Transports.PollingTransport","System.Object"
438128457,"BestHTTP.SocketIO.Transports","TransportStates","BestHTTP.SocketIO.Transports.TransportStates","System.Enum"
-1308559884,"BestHTTP.SocketIO.Transports","WebSocketTransport","BestHTTP.SocketIO.Transports.WebSocketTransport","System.Object"
-465399093,"BestHTTP.Statistics","GeneralStatistics","BestHTTP.Statistics.GeneralStatistics","System.ValueType"
398141768,"BestHTTP.Statistics","StatisticsQueryFlags","BestHTTP.Statistics.StatisticsQueryFlags","System.Enum"
-288696873,"BestHTTP","StreamList","BestHTTP.StreamList","System.IO.Stream"
-833802246,"BestHTTP","SupportedProtocols","BestHTTP.SupportedProtocols","System.Enum"
1224887133,"BestHTTP.WebSocket.Extensions","IExtension","BestHTTP.WebSocket.Extensions.IExtension",""
-1156644683,"BestHTTP.WebSocket.Extensions","PerMessageCompression","BestHTTP.WebSocket.Extensions.PerMessageCompression","System.Object"
-1473997037,"BestHTTP.WebSocket.Frames","IWebSocketFrameWriter","BestHTTP.WebSocket.Frames.IWebSocketFrameWriter",""
1073841189,"BestHTTP.WebSocket.Frames","WebSocketBinaryFrame","BestHTTP.WebSocket.Frames.WebSocketBinaryFrame","System.Object"
-995191446,"BestHTTP.WebSocket.Frames","WebSocketClose","BestHTTP.WebSocket.Frames.WebSocketClose","BestHTTP.WebSocket.Frames.WebSocketBinaryFrame"
-1525884452,"BestHTTP.WebSocket.Frames","WebSocketContinuationFrame","BestHTTP.WebSocket.Frames.WebSocketContinuationFrame","BestHTTP.WebSocket.Frames.WebSocketBinaryFrame"
-1426644697,"BestHTTP.WebSocket.Frames","WebSocketFrame","BestHTTP.WebSocket.Frames.WebSocketFrame","System.Object"
1725070169,"BestHTTP.WebSocket.Frames","WebSocketFrameReader","BestHTTP.WebSocket.Frames.WebSocketFrameReader","System.Object"
1322533670,"BestHTTP.WebSocket.Frames","WebSocketFrameTypes","BestHTTP.WebSocket.Frames.WebSocketFrameTypes","System.Enum"
804751958,"BestHTTP.WebSocket.Frames","WebSocketPing","BestHTTP.WebSocket.Frames.WebSocketPing","BestHTTP.WebSocket.Frames.WebSocketBinaryFrame"
770172919,"BestHTTP.WebSocket.Frames","WebSocketPong","BestHTTP.WebSocket.Frames.WebSocketPong","BestHTTP.WebSocket.Frames.WebSocketBinaryFrame"
1022552066,"BestHTTP.WebSocket.Frames","WebSocketTextFrame","BestHTTP.WebSocket.Frames.WebSocketTextFrame","BestHTTP.WebSocket.Frames.WebSocketBinaryFrame"
-257717718,"BestHTTP.WebSocket","OnWebSocketBinaryDelegate","BestHTTP.WebSocket.OnWebSocketBinaryDelegate","System.MulticastDelegate"
-1661821256,"BestHTTP.WebSocket","OnWebSocketClosedDelegate","BestHTTP.WebSocket.OnWebSocketClosedDelegate","System.MulticastDelegate"
-1676648,"BestHTTP.WebSocket","OnWebSocketErrorDelegate","BestHTTP.WebSocket.OnWebSocketErrorDelegate","System.MulticastDelegate"
1836215244,"BestHTTP.WebSocket","OnWebSocketErrorDescriptionDelegate","BestHTTP.WebSocket.OnWebSocketErrorDescriptionDelegate","System.MulticastDelegate"
2030798895,"BestHTTP.WebSocket","OnWebSocketIncompleteFrameDelegate","BestHTTP.WebSocket.OnWebSocketIncompleteFrameDelegate","System.MulticastDelegate"
-1788671561,"BestHTTP.WebSocket","OnWebSocketMessageDelegate","BestHTTP.WebSocket.OnWebSocketMessageDelegate","System.MulticastDelegate"
-706050294,"BestHTTP.WebSocket","OnWebSocketOpenDelegate","BestHTTP.WebSocket.OnWebSocketOpenDelegate","System.MulticastDelegate"
466985155,"BestHTTP.WebSocket","WebSocket","BestHTTP.WebSocket.WebSocket","System.Object"
269061809,"BestHTTP.WebSocket","WebSocketResponse","BestHTTP.WebSocket.WebSocketResponse","BestHTTP.HTTPResponse"
1484802747,"BestHTTP.WebSocket","WebSocketStausCodes","BestHTTP.WebSocket.WebSocketStausCodes","System.Enum"
303581226,"","BetterList`1","BetterList`1","System.Object"
-307140928,"","<GetEnumerator>d__2","BetterList`1/<GetEnumerator>d__2","System.Object"
-1134762297,"","BitMaskAttribute","BitMaskAttribute","UnityEngine.PropertyAttribute"
1718980003,"","BlendMode","BlendMode","System.Enum"
830401090,"","BlurEffect","BlurEffect","UnityEngine.MonoBehaviour"
-1656063522,"","BuildVersion","BuildVersion","System.Object"
685266953,"","BundleVersionBindings","BundleVersionBindings","System.Object"
-1276110776,"","ByteReader","ByteReader","System.Object"
-870063495,"","CPMath","CPMath","System.Object"
618042143,"","CameraExtensions","CameraExtensions","System.Object"
-1864862832,"","CameraPath","CameraPath","UnityEngine.MonoBehaviour"
-2144125339,"","CheckEndPointCullHandler","CameraPath/CheckEndPointCullHandler","System.MulticastDelegate"
32356207,"","CheckStartPointCullHandler","CameraPath/CheckStartPointCullHandler","System.MulticastDelegate"
666992490,"","CleanUpListsHandler","CameraPath/CleanUpListsHandler","System.MulticastDelegate"
567647561,"","Interpolation","CameraPath/Interpolation","System.Enum"
661748256,"","PathPointAddedHandler","CameraPath/PathPointAddedHandler","System.MulticastDelegate"
152698609,"","PathPointRemovedHandler","CameraPath/PathPointRemovedHandler","System.MulticastDelegate"
-725783862,"","PointModes","CameraPath/PointModes","System.Enum"
967596181,"","RecalculateCurvesHandler","CameraPath/RecalculateCurvesHandler","System.MulticastDelegate"
1901699065,"","CameraPathAnimator","CameraPathAnimator","UnityEngine.MonoBehaviour"
-1375308428,"","AnimationCustomEventHandler","CameraPathAnimator/AnimationCustomEventHandler","System.MulticastDelegate"
-1249517671,"","AnimationFinishedEventHandler","CameraPathAnimator/AnimationFinishedEventHandler","System.MulticastDelegate"
1878984191,"","AnimationLoopedEventHandler","CameraPathAnimator/AnimationLoopedEventHandler","System.MulticastDelegate"
1501785805,"","AnimationPausedEventHandler","CameraPathAnimator/AnimationPausedEventHandler","System.MulticastDelegate"
-503483079,"","AnimationPingPongEventHandler","CameraPathAnimator/AnimationPingPongEventHandler","System.MulticastDelegate"
-1777340740,"","AnimationPointReachedEventHandler","CameraPathAnimator/AnimationPointReachedEventHandler","System.MulticastDelegate"
-1554241051,"","AnimationPointReachedWithNumberEventHandler","CameraPathAnimator/AnimationPointReachedWithNumberEventHandler","System.MulticastDelegate"
-1424872186,"","AnimationStartedEventHandler","CameraPathAnimator/AnimationStartedEventHandler","System.MulticastDelegate"
1786445991,"","AnimationStoppedEventHandler","CameraPathAnimator/AnimationStoppedEventHandler","System.MulticastDelegate"
1534661213,"","animationModes","CameraPathAnimator/animationModes","System.Enum"
-1042991713,"","orientationModes","CameraPathAnimator/orientationModes","System.Enum"
875795041,"","CameraPathColours","CameraPathColours","System.Object"
-95813947,"","CameraPathControlPoint","CameraPathControlPoint","UnityEngine.MonoBehaviour"
-248269956,"","CameraPathDelay","CameraPathDelay","CameraPathPoint"
-162490380,"","CameraPathDelayList","CameraPathDelayList","CameraPathPointList"
1348929940,"","CameraPathDelayEventHandler","CameraPathDelayList/CameraPathDelayEventHandler","System.MulticastDelegate"
809701684,"","CameraPathEvent","CameraPathEvent","CameraPathPoint"
1320905815,"","ArgumentTypes","CameraPathEvent/ArgumentTypes","System.Enum"
-887193537,"","Types","CameraPathEvent/Types","System.Enum"
-767858161,"","CameraPathEventList","CameraPathEventList","CameraPathPointList"
1239909693,"","CameraPathEventPointHandler","CameraPathEventList/CameraPathEventPointHandler","System.MulticastDelegate"
159191228,"","CameraPathFOV","CameraPathFOV","CameraPathPoint"
-1458620534,"","CameraPathFOVList","CameraPathFOVList","CameraPathPointList"
567647561,"","Interpolation","CameraPathFOVList/Interpolation","System.Enum"
1600184086,"","CameraPathOrientation","CameraPathOrientation","CameraPathPoint"
1001561889,"","CameraPathOrientationList","CameraPathOrientationList","CameraPathPointList"
567647561,"","Interpolation","CameraPathOrientationList/Interpolation","System.Enum"
748003640,"","CameraPathPoint","CameraPathPoint","UnityEngine.MonoBehaviour"
161574615,"","PositionModes","CameraPathPoint/PositionModes","System.Enum"
-207687968,"","CameraPathPointList","CameraPathPointList","UnityEngine.MonoBehaviour"
48794141,"","CameraPathSpeed","CameraPathSpeed","CameraPathPoint"
-1832432264,"","CameraPathSpeedList","CameraPathSpeedList","CameraPathPointList"
567647561,"","Interpolation","CameraPathSpeedList/Interpolation","System.Enum"
1334101500,"","CameraPathTilt","CameraPathTilt","CameraPathPoint"
306435896,"","CameraPathTiltList","CameraPathTiltList","CameraPathPointList"
567647561,"","Interpolation","CameraPathTiltList/Interpolation","System.Enum"
1002569622,"","ChangeLayerOnAwake","ChangeLayerOnAwake","UnityEngine.MonoBehaviour"
-882618569,"","ClassSelectionAttribute","ClassSelectionAttribute","UnityEngine.PropertyAttribute"
-883227411,"","ClientState","ClientState","System.Enum"
-1013576453,"","CloudRegionCode","CloudRegionCode","System.Enum"
-250941323,"","CloudRegionFlag","CloudRegionFlag","System.Enum"
504804983,"CodeStage.AdvancedFPSCounter","AFPSCounter","CodeStage.AdvancedFPSCounter.AFPSCounter","UnityEngine.MonoBehaviour"
989139088,"","<UpdateFPSCounter>d__36","CodeStage.AdvancedFPSCounter.AFPSCounter/<UpdateFPSCounter>d__36","System.Object"
2030498656,"","<UpdateMemoryCounter>d__37","CodeStage.AdvancedFPSCounter.AFPSCounter/<UpdateMemoryCounter>d__37","System.Object"
-245722421,"CodeStage.AdvancedFPSCounter","AFPSCounterOperationMode","CodeStage.AdvancedFPSCounter.AFPSCounterOperationMode","System.Enum"
657239042,"CodeStage.AdvancedFPSCounter.CountersData","BaseCounterData","CodeStage.AdvancedFPSCounter.CountersData.BaseCounterData","System.Object"
-781213372,"CodeStage.AdvancedFPSCounter.CountersData","DeviceInfoCounterData","CodeStage.AdvancedFPSCounter.CountersData.DeviceInfoCounterData","CodeStage.AdvancedFPSCounter.CountersData.BaseCounterData"
509868446,"CodeStage.AdvancedFPSCounter.CountersData","FPSCounterData","CodeStage.AdvancedFPSCounter.CountersData.FPSCounterData","CodeStage.AdvancedFPSCounter.CountersData.BaseCounterData"
1531963097,"CodeStage.AdvancedFPSCounter.CountersData","MemoryCounterData","CodeStage.AdvancedFPSCounter.CountersData.MemoryCounterData","CodeStage.AdvancedFPSCounter.CountersData.BaseCounterData"
1004409769,"CodeStage.AdvancedFPSCounter.Labels","DrawableLabel","CodeStage.AdvancedFPSCounter.Labels.DrawableLabel","System.Object"
-515264918,"CodeStage.AdvancedFPSCounter.Labels","LabelAnchor","CodeStage.AdvancedFPSCounter.Labels.LabelAnchor","System.Enum"
2101314257,"CodeStage.AntiCheat.Common","Constants","CodeStage.AntiCheat.Common.Constants","System.Object"
1726524163,"CodeStage.AntiCheat.Detectors","ActDetectorBase","CodeStage.AntiCheat.Detectors.ActDetectorBase","UnityEngine.MonoBehaviour"
783624574,"CodeStage.AntiCheat.Detectors","InjectionDetector","CodeStage.AntiCheat.Detectors.InjectionDetector","CodeStage.AntiCheat.Detectors.ActDetectorBase"
-588558931,"","AllowedAssembly","CodeStage.AntiCheat.Detectors.InjectionDetector/AllowedAssembly","System.Object"
1874223882,"CodeStage.AntiCheat.Detectors","ObscuredCheatingDetector","CodeStage.AntiCheat.Detectors.ObscuredCheatingDetector","CodeStage.AntiCheat.Detectors.ActDetectorBase"
146710121,"CodeStage.AntiCheat.Detectors","SpeedHackDetector","CodeStage.AntiCheat.Detectors.SpeedHackDetector","CodeStage.AntiCheat.Detectors.ActDetectorBase"
-292309324,"CodeStage.AntiCheat.Detectors","WallHackDetector","CodeStage.AntiCheat.Detectors.WallHackDetector","CodeStage.AntiCheat.Detectors.ActDetectorBase"
996009248,"","<CaptureFrame>d__79","CodeStage.AntiCheat.Detectors.WallHackDetector/<CaptureFrame>d__79","System.Object"
-1266976879,"","<InitDetector>d__74","CodeStage.AntiCheat.Detectors.WallHackDetector/<InitDetector>d__74","System.Object"
-167685672,"CodeStage.AntiCheat.Examples","ActRotatorExample","CodeStage.AntiCheat.Examples.ActRotatorExample","UnityEngine.MonoBehaviour"
-1126510773,"CodeStage.AntiCheat.Examples","ActTesterGui","CodeStage.AntiCheat.Examples.ActTesterGui","UnityEngine.MonoBehaviour"
-2057008898,"","<>c","CodeStage.AntiCheat.Examples.ActTesterGui/<>c","System.Object"
1196585340,"","<>c__DisplayClass61_0","CodeStage.AntiCheat.Examples.ActTesterGui/<>c__DisplayClass61_0","System.Object"
-1720092495,"CodeStage.AntiCheat.Examples","HorizontalLayout","CodeStage.AntiCheat.Examples.HorizontalLayout","System.Object"
1633592360,"CodeStage.AntiCheat.Examples","ObscuredPerformanceTests","CodeStage.AntiCheat.Examples.ObscuredPerformanceTests","UnityEngine.MonoBehaviour"
782397809,"CodeStage.AntiCheat.Examples","VerticalLayout","CodeStage.AntiCheat.Examples.VerticalLayout","System.Object"
152407655,"CodeStage.AntiCheat.ObscuredTypes","ConfigurationSaver","CodeStage.AntiCheat.ObscuredTypes.ConfigurationSaver","System.Object"
253773740,"CodeStage.AntiCheat.ObscuredTypes","ObscuredBool","CodeStage.AntiCheat.ObscuredTypes.ObscuredBool","System.ValueType"
1450571848,"CodeStage.AntiCheat.ObscuredTypes","ObscuredByte","CodeStage.AntiCheat.ObscuredTypes.ObscuredByte","System.ValueType"
1796193087,"CodeStage.AntiCheat.ObscuredTypes","ObscuredChar","CodeStage.AntiCheat.ObscuredTypes.ObscuredChar","System.ValueType"
847562930,"CodeStage.AntiCheat.ObscuredTypes","ObscuredDecimal","CodeStage.AntiCheat.ObscuredTypes.ObscuredDecimal","System.ValueType"
2089466311,"","DecimalLongBytesUnion","CodeStage.AntiCheat.ObscuredTypes.ObscuredDecimal/DecimalLongBytesUnion","System.ValueType"
961988269,"CodeStage.AntiCheat.ObscuredTypes","ObscuredDouble","CodeStage.AntiCheat.ObscuredTypes.ObscuredDouble","System.ValueType"
-1490833782,"","DoubleLongBytesUnion","CodeStage.AntiCheat.ObscuredTypes.ObscuredDouble/DoubleLongBytesUnion","System.ValueType"
172845214,"CodeStage.AntiCheat.ObscuredTypes","ObscuredFloat","CodeStage.AntiCheat.ObscuredTypes.ObscuredFloat","System.ValueType"
-1968021475,"","FloatIntBytesUnion","CodeStage.AntiCheat.ObscuredTypes.ObscuredFloat/FloatIntBytesUnion","System.ValueType"
-90212034,"CodeStage.AntiCheat.ObscuredTypes","ObscuredInt","CodeStage.AntiCheat.ObscuredTypes.ObscuredInt","System.ValueType"
-1578787084,"CodeStage.AntiCheat.ObscuredTypes","ObscuredLong","CodeStage.AntiCheat.ObscuredTypes.ObscuredLong","System.ValueType"
525478932,"CodeStage.AntiCheat.ObscuredTypes","ObscuredPrefs","CodeStage.AntiCheat.ObscuredTypes.ObscuredPrefs","System.Object"
-1055558720,"","DataType","CodeStage.AntiCheat.ObscuredTypes.ObscuredPrefs/DataType","System.Enum"
262372565,"","DeviceLockLevel","CodeStage.AntiCheat.ObscuredTypes.ObscuredPrefs/DeviceLockLevel","System.Enum"
2016730947,"CodeStage.AntiCheat.ObscuredTypes","ObscuredQuaternion","CodeStage.AntiCheat.ObscuredTypes.ObscuredQuaternion","System.ValueType"
-241523741,"","RawEncryptedQuaternion","CodeStage.AntiCheat.ObscuredTypes.ObscuredQuaternion/RawEncryptedQuaternion","System.ValueType"
-1723614256,"CodeStage.AntiCheat.ObscuredTypes","ObscuredSByte","CodeStage.AntiCheat.ObscuredTypes.ObscuredSByte","System.ValueType"
1164375517,"CodeStage.AntiCheat.ObscuredTypes","ObscuredShort","CodeStage.AntiCheat.ObscuredTypes.ObscuredShort","System.ValueType"
1178298236,"CodeStage.AntiCheat.ObscuredTypes","ObscuredString","CodeStage.AntiCheat.ObscuredTypes.ObscuredString","System.Object"
1541978452,"CodeStage.AntiCheat.ObscuredTypes","ObscuredUInt","CodeStage.AntiCheat.ObscuredTypes.ObscuredUInt","System.ValueType"
591930340,"CodeStage.AntiCheat.ObscuredTypes","ObscuredULong","CodeStage.AntiCheat.ObscuredTypes.ObscuredULong","System.ValueType"
1575031137,"CodeStage.AntiCheat.ObscuredTypes","ObscuredUShort","CodeStage.AntiCheat.ObscuredTypes.ObscuredUShort","System.ValueType"
-1697556230,"CodeStage.AntiCheat.ObscuredTypes","ObscuredVector2","CodeStage.AntiCheat.ObscuredTypes.ObscuredVector2","System.ValueType"
975235249,"","RawEncryptedVector2","CodeStage.AntiCheat.ObscuredTypes.ObscuredVector2/RawEncryptedVector2","System.ValueType"
508891402,"CodeStage.AntiCheat.ObscuredTypes","ObscuredVector3","CodeStage.AntiCheat.ObscuredTypes.ObscuredVector3","System.ValueType"
1418616080,"","RawEncryptedVector3","CodeStage.AntiCheat.ObscuredTypes.ObscuredVector3/RawEncryptedVector3","System.ValueType"
-1704721784,"CodeStage.AntiCheat.Utils","xxHash","CodeStage.AntiCheat.Utils.xxHash","System.Object"
-1768842096,"","ColorEx","ColorEx","System.Object"
2089588828,"","Colours","Colours","System.Object"
1073343376,"","CompactAttribute","CompactAttribute","UnityEngine.PropertyAttribute"
-1900806409,"","ConnectionAPISample","ConnectionAPISample","UnityEngine.MonoBehaviour"
2085782443,"","MessageTypes","ConnectionAPISample/MessageTypes","System.Enum"
-806338246,"","ConnectionState","ConnectionState","System.Enum"
-92129014,"","ConnectionStatusSample","ConnectionStatusSample","UnityEngine.MonoBehaviour"
-251709598,"","Core_BaseScript","Core_BaseScript","UnityEngine.MonoBehaviour"
-220741082,"","<WaitAndCall>d__7","Core_BaseScript/<WaitAndCall>d__7","System.Object"
-175160148,"","<WaitAndCallAfterFrame>d__5","Core_BaseScript/<WaitAndCallAfterFrame>d__5","System.Object"
2016311508,"","<WaitAndCallAfterXFrames>d__6","Core_BaseScript/<WaitAndCallAfterXFrames>d__6","System.Object"
-1433113751,"","<WaitAndCallRealTime>d__8","Core_BaseScript/<WaitAndCallRealTime>d__8","System.Object"
386836600,"","<WaitAndCallRealTimeWithoutPause>d__9","Core_BaseScript/<WaitAndCallRealTimeWithoutPause>d__9","System.Object"
1546107323,"","CoroutineReturn","CoroutineReturn","System.Object"
1619065979,"","CustomAuthenticationType","CustomAuthenticationType","System.Enum"
1751769021,"","CustomTypes","CustomTypes","System.Object"
-124278640,"","CutoutPlugin","CutoutPlugin","UnityEngine.MonoBehaviour"
-1393742800,"","DemoHub","DemoHub","BestHTTP.SignalR.Hubs.Hub"
1863344507,"","DemoHubSample","DemoHubSample","UnityEngine.MonoBehaviour"
1319557048,"","DeviceDisplay","DeviceDisplay","UnityEngine.MonoBehaviour"
1562036111,"","DisableOnAwake","DisableOnAwake","UnityEngine.MonoBehaviour"
-2026297196,"","DisconnectCause","DisconnectCause","System.Enum"
-481179616,"EeekSoft.Text","IStringSearchAlgorithm","EeekSoft.Text.IStringSearchAlgorithm",""
-1634385130,"EeekSoft.Text","StringSearch","EeekSoft.Text.StringSearch","System.Object"
-427048186,"","TreeNode","EeekSoft.Text.StringSearch/TreeNode","System.Object"
-1552185008,"EeekSoft.Text","StringSearchResult","EeekSoft.Text.StringSearchResult","System.ValueType"
508616765,"","EncryptionDataParameters","EncryptionDataParameters","System.Object"
-1950945269,"","EncryptionMode","EncryptionMode","System.Enum"
116170665,"","EnhanceCharacterJoint","EnhanceCharacterJoint","UnityEngine.MonoBehaviour"
2072012758,"","EnterRoomParams","EnterRoomParams","System.Object"
516615584,"","ErrorCode","ErrorCode","System.Object"
-2053686474,"","EventCaching","EventCaching","System.Enum"
-1527842657,"","EventCode","EventCode","System.Object"
970345245,"","EventExt","EventExt","System.Object"
2000665971,"","<>c__5`1","EventExt/<>c__5`1","System.Object"
-181531879,"","<>c__DisplayClass10_0","EventExt/<>c__DisplayClass10_0","System.Object"
-1080428811,"","<>c__DisplayClass11_0`1","EventExt/<>c__DisplayClass11_0`1","System.Object"
282969122,"","<>c__DisplayClass12_0`2","EventExt/<>c__DisplayClass12_0`2","System.Object"
976068717,"","<>c__DisplayClass13_0`3","EventExt/<>c__DisplayClass13_0`3","System.Object"
-1409507999,"","<>c__DisplayClass14_0`4","EventExt/<>c__DisplayClass14_0`4","System.Object"
1777152690,"","<>c__DisplayClass6_0`2","EventExt/<>c__DisplayClass6_0`2","System.Object"
141820639,"","<>c__DisplayClass7_0`3","EventExt/<>c__DisplayClass7_0`3","System.Object"
-1584365297,"","<>c__DisplayClass8_0`4","EventExt/<>c__DisplayClass8_0`4","System.Object"
1874544693,"","<>c__DisplayClass9_0`5","EventExt/<>c__DisplayClass9_0`5","System.Object"
-1050950069,"","EventUtils","EventUtils","UnityEngine.MonoBehaviour"
2062201417,"ExitGames.Client.GUI","GizmoType","ExitGames.Client.GUI.GizmoType","System.Enum"
-1433474996,"ExitGames.Client.GUI","GizmoTypeDrawer","ExitGames.Client.GUI.GizmoTypeDrawer","System.Object"
1177235008,"ExitGames.Client.Photon.Chat","AuthenticationValues","ExitGames.Client.Photon.Chat.AuthenticationValues","System.Object"
-1420096707,"ExitGames.Client.Photon.Chat","ChatChannel","ExitGames.Client.Photon.Chat.ChatChannel","System.Object"
1348939647,"ExitGames.Client.Photon.Chat","ChatClient","ExitGames.Client.Photon.Chat.ChatClient","System.Object"
1446567601,"ExitGames.Client.Photon.Chat","ChatDisconnectCause","ExitGames.Client.Photon.Chat.ChatDisconnectCause","System.Enum"
-1600637105,"ExitGames.Client.Photon.Chat","ChatEventCode","ExitGames.Client.Photon.Chat.ChatEventCode","System.Object"
-245203839,"ExitGames.Client.Photon.Chat","ChatOperationCode","ExitGames.Client.Photon.Chat.ChatOperationCode","System.Object"
1847277761,"ExitGames.Client.Photon.Chat","ChatParameterCode","ExitGames.Client.Photon.Chat.ChatParameterCode","System.Object"
1459324245,"ExitGames.Client.Photon.Chat","ChatPeer","ExitGames.Client.Photon.Chat.ChatPeer","ExitGames.Client.Photon.PhotonPeer"
-1789258269,"ExitGames.Client.Photon.Chat","ChatState","ExitGames.Client.Photon.Chat.ChatState","System.Enum"
-420267324,"ExitGames.Client.Photon.Chat","ChatUserStatus","ExitGames.Client.Photon.Chat.ChatUserStatus","System.Object"
-543442056,"ExitGames.Client.Photon.Chat","CustomAuthenticationType","ExitGames.Client.Photon.Chat.CustomAuthenticationType","System.Enum"
17391652,"ExitGames.Client.Photon.Chat","ErrorCode","ExitGames.Client.Photon.Chat.ErrorCode","System.Object"
1112447061,"ExitGames.Client.Photon.Chat","IChatClientListener","ExitGames.Client.Photon.Chat.IChatClientListener",""
547124564,"ExitGames.Client.Photon.Chat","ParameterCode","ExitGames.Client.Photon.Chat.ParameterCode","System.Object"
-1789927740,"","Extensions","Extensions","System.Object"
-1820230264,"","FriendInfo","FriendInfo","System.Object"
-1810964380,"FullSerializer.Internal.DirectConverters","AnimationCurve_DirectConverter","FullSerializer.Internal.DirectConverters.AnimationCurve_DirectConverter","FullSerializer.fsDirectConverter`1<UnityEngine.AnimationCurve>"
-1777417791,"FullSerializer.Internal.DirectConverters","Bounds_DirectConverter","FullSerializer.Internal.DirectConverters.Bounds_DirectConverter","FullSerializer.fsDirectConverter`1<UnityEngine.Bounds>"
823050313,"FullSerializer.Internal.DirectConverters","Gradient_DirectConverter","FullSerializer.Internal.DirectConverters.Gradient_DirectConverter","FullSerializer.fsDirectConverter`1<UnityEngine.Gradient>"
1004301136,"FullSerializer.Internal.DirectConverters","Keyframe_DirectConverter","FullSerializer.Internal.DirectConverters.Keyframe_DirectConverter","FullSerializer.fsDirectConverter`1<UnityEngine.Keyframe>"
636817376,"FullSerializer.Internal.DirectConverters","LayerMask_DirectConverter","FullSerializer.Internal.DirectConverters.LayerMask_DirectConverter","FullSerializer.fsDirectConverter`1<UnityEngine.LayerMask>"
225896651,"FullSerializer.Internal.DirectConverters","Rect_DirectConverter","FullSerializer.Internal.DirectConverters.Rect_DirectConverter","FullSerializer.fsDirectConverter`1<UnityEngine.Rect>"
1961430546,"FullSerializer.Internal","fsArrayConverter","FullSerializer.Internal.fsArrayConverter","FullSerializer.fsConverter"
-2020880025,"FullSerializer.Internal","fsCyclicReferenceManager","FullSerializer.Internal.fsCyclicReferenceManager","System.Object"
-1023927896,"","ObjectReferenceEqualityComparator","FullSerializer.Internal.fsCyclicReferenceManager/ObjectReferenceEqualityComparator","System.Object"
-962516998,"FullSerializer.Internal","fsDateConverter","FullSerializer.Internal.fsDateConverter","FullSerializer.fsConverter"
977235122,"FullSerializer.Internal","fsDictionaryConverter","FullSerializer.Internal.fsDictionaryConverter","FullSerializer.fsConverter"
1702001692,"FullSerializer.Internal","fsEnumConverter","FullSerializer.Internal.fsEnumConverter","FullSerializer.fsConverter"
-486114959,"FullSerializer.Internal","fsGuidConverter","FullSerializer.Internal.fsGuidConverter","FullSerializer.fsConverter"
-1117649696,"FullSerializer.Internal","fsIEnumerableConverter","FullSerializer.Internal.fsIEnumerableConverter","FullSerializer.fsConverter"
686105911,"FullSerializer.Internal","fsKeyValuePairConverter","FullSerializer.Internal.fsKeyValuePairConverter","FullSerializer.fsConverter"
-261397633,"FullSerializer.Internal","fsMetaProperty","FullSerializer.Internal.fsMetaProperty","System.Object"
-552940432,"FullSerializer.Internal","fsNullableConverter","FullSerializer.Internal.fsNullableConverter","FullSerializer.fsConverter"
-1624656142,"FullSerializer.Internal","fsOption","FullSerializer.Internal.fsOption","System.Object"
-1286199678,"FullSerializer.Internal","fsOption`1","FullSerializer.Internal.fsOption`1","System.ValueType"
595190042,"FullSerializer.Internal","fsPortableReflection","FullSerializer.Internal.fsPortableReflection","System.Object"
1486145420,"","<GetFlattenedMethods>d__15","FullSerializer.Internal.fsPortableReflection/<GetFlattenedMethods>d__15","System.Object"
354537278,"","AttributeQuery","FullSerializer.Internal.fsPortableReflection/AttributeQuery","System.ValueType"
1559139520,"","AttributeQueryComparator","FullSerializer.Internal.fsPortableReflection/AttributeQueryComparator","System.Object"
2050675184,"FullSerializer.Internal","fsPrimitiveConverter","FullSerializer.Internal.fsPrimitiveConverter","FullSerializer.fsConverter"
-1391378423,"FullSerializer.Internal","fsReflectedConverter","FullSerializer.Internal.fsReflectedConverter","FullSerializer.fsConverter"
-1540036224,"FullSerializer.Internal","fsReflectionUtility","FullSerializer.Internal.fsReflectionUtility","System.Object"
21885805,"FullSerializer.Internal","fsSerializationCallbackProcessor","FullSerializer.Internal.fsSerializationCallbackProcessor","FullSerializer.fsObjectProcessor"
-1645463673,"FullSerializer.Internal","fsTypeConverter","FullSerializer.Internal.fsTypeConverter","FullSerializer.fsConverter"
504357451,"FullSerializer.Internal","fsTypeLookup","FullSerializer.Internal.fsTypeLookup","System.Object"
1473361992,"FullSerializer.Internal","fsVersionManager","FullSerializer.Internal.fsVersionManager","System.Object"
1495923569,"FullSerializer.Internal","fsVersionedType","FullSerializer.Internal.fsVersionedType","System.ValueType"
-712476079,"FullSerializer.Internal","fsWeakReferenceConverter","FullSerializer.Internal.fsWeakReferenceConverter","FullSerializer.fsConverter"
785728379,"FullSerializer","fsAotCompilationManager","FullSerializer.fsAotCompilationManager","System.Object"
-1050568509,"","AotCompilation","FullSerializer.fsAotCompilationManager/AotCompilation","System.ValueType"
-1410267938,"FullSerializer","fsBaseConverter","FullSerializer.fsBaseConverter","System.Object"
-2057008898,"","<>c","FullSerializer.fsBaseConverter/<>c","System.Object"
516441247,"FullSerializer","fsConfig","FullSerializer.fsConfig","System.Object"
1132680192,"FullSerializer","fsContext","FullSerializer.fsContext","System.Object"
1058260768,"FullSerializer","fsConverter","FullSerializer.fsConverter","FullSerializer.fsBaseConverter"
1436362820,"FullSerializer","fsConverterRegistrar","FullSerializer.fsConverterRegistrar","System.Object"
654786865,"FullSerializer","fsData","FullSerializer.fsData","System.Object"
-1519744486,"FullSerializer","fsDataType","FullSerializer.fsDataType","System.Enum"
940981810,"FullSerializer","fsDirectConverter","FullSerializer.fsDirectConverter","FullSerializer.fsBaseConverter"
2004081500,"FullSerializer","fsDirectConverter`1","FullSerializer.fsDirectConverter`1","FullSerializer.fsDirectConverter"
-1358499821,"FullSerializer","fsDuplicateVersionNameException","FullSerializer.fsDuplicateVersionNameException","System.Exception"
848656093,"FullSerializer","fsISerializationCallbacks","FullSerializer.fsISerializationCallbacks",""
-944026712,"FullSerializer","fsIgnoreAttribute","FullSerializer.fsIgnoreAttribute","System.Attribute"
434003232,"FullSerializer","fsJsonParser","FullSerializer.fsJsonParser","System.Object"
383527895,"FullSerializer","fsJsonPrinter","FullSerializer.fsJsonPrinter","System.Object"
1243922910,"FullSerializer","fsMemberSerialization","FullSerializer.fsMemberSerialization","System.Enum"
-930322829,"FullSerializer","fsMetaType","FullSerializer.fsMetaType","System.Object"
1235314902,"","<>c__DisplayClass5_0","FullSerializer.fsMetaType/<>c__DisplayClass5_0","System.Object"
-1385898596,"","<>c__DisplayClass7_0","FullSerializer.fsMetaType/<>c__DisplayClass7_0","System.Object"
-1994961683,"","<>c__DisplayClass8_0","FullSerializer.fsMetaType/<>c__DisplayClass8_0","System.Object"
-1343187148,"FullSerializer","fsMissingVersionConstructorException","FullSerializer.fsMissingVersionConstructorException","System.Exception"
1219788357,"FullSerializer","fsObjectAttribute","FullSerializer.fsObjectAttribute","System.Attribute"
-210370713,"FullSerializer","fsObjectProcessor","FullSerializer.fsObjectProcessor","System.Object"
1892991367,"FullSerializer","fsPropertyAttribute","FullSerializer.fsPropertyAttribute","System.Attribute"
1470632293,"FullSerializer","fsResult","FullSerializer.fsResult","System.ValueType"
1628393868,"FullSerializer","fsSerializer","FullSerializer.fsSerializer","System.Object"
-273553369,"","fsLazyCycleDefinitionWriter","FullSerializer.fsSerializer/fsLazyCycleDefinitionWriter","System.Object"
928035408,"FullSerializer","fsTypeExtensions","FullSerializer.fsTypeExtensions","System.Object"
-1447790569,"","<>c__DisplayClass2_0","FullSerializer.fsTypeExtensions/<>c__DisplayClass2_0","System.Object"
-293373569,"","GameObjectExtensions","GameObjectExtensions","System.Object"
-1088061323,"","GamePropertyKey","GamePropertyKey","System.Object"
1156498684,"","GeometryTools","GeometryTools","System.Object"
-2010558852,"Google2u","Achievements","Google2u.Achievements","Google2u.Google2uComponentBase"
44845162,"","rowIds","Google2u.Achievements/rowIds","System.Enum"
453521112,"Google2u","AchievementsRow","Google2u.AchievementsRow","System.Object"
-1954749620,"Google2u","AdBoosterWeights","Google2u.AdBoosterWeights","Google2u.Google2uComponentBase"
44845162,"","rowIds","Google2u.AdBoosterWeights/rowIds","System.Enum"
1832455203,"Google2u","AdBoosterWeightsRow","Google2u.AdBoosterWeightsRow","System.Object"
-1662457576,"Google2u","ArenaLootboxes","Google2u.ArenaLootboxes","Google2u.Google2uComponentBase"
44845162,"","rowIds","Google2u.ArenaLootboxes/rowIds","System.Enum"
-853535263,"Google2u","ArenaLootboxesRow","Google2u.ArenaLootboxesRow","System.Object"
528466423,"Google2u","ArmyUpgrades","Google2u.ArmyUpgrades","Google2u.Google2uComponentBase"
44845162,"","rowIds","Google2u.ArmyUpgrades/rowIds","System.Enum"
-106019302,"Google2u","ArmyUpgradesRow","Google2u.ArmyUpgradesRow","System.Object"
1374491103,"Google2u","AssaultRifle_AK47","Google2u.AssaultRifle_AK47","Google2u.Google2uComponentBase"
44845162,"","rowIds","Google2u.AssaultRifle_AK47/rowIds","System.Enum"
-392999874,"Google2u","AssaultRifle_AK47BM","Google2u.AssaultRifle_AK47BM","Google2u.Google2uComponentBase"
44845162,"","rowIds","Google2u.AssaultRifle_AK47BM/rowIds","System.Enum"
-1322879034,"Google2u","AssaultRifle_AK47BMRow","Google2u.AssaultRifle_AK47BMRow","System.Object"
-243019383,"Google2u","AssaultRifle_AK47Elite","Google2u.AssaultRifle_AK47Elite","Google2u.Google2uComponentBase"
44845162,"","rowIds","Google2u.AssaultRifle_AK47Elite/rowIds","System.Enum"
820013881,"Google2u","AssaultRifle_AK47EliteRow","Google2u.AssaultRifle_AK47EliteRow","System.Object"
1085971501,"Google2u","AssaultRifle_AK47Row","Google2u.AssaultRifle_AK47Row","System.Object"
466779294,"Google2u","AssaultRifle_AKS47U","Google2u.AssaultRifle_AKS47U","Google2u.Google2uComponentBase"
44845162,"","rowIds","Google2u.AssaultRifle_AKS47U/rowIds","System.Enum"
-654026143,"Google2u","AssaultRifle_AKS47UBM","Google2u.AssaultRifle_AKS47UBM","Google2u.Google2uComponentBase"
44845162,"","rowIds","Google2u.AssaultRifle_AKS47UBM/rowIds","System.Enum"
-264354739,"Google2u","AssaultRifle_AKS47UBMRow","Google2u.AssaultRifle_AKS47UBMRow","System.Object"
-1012639980,"Google2u","AssaultRifle_AKS47URow","Google2u.AssaultRifle_AKS47URow","System.Object"
-1492716916,"Google2u","AssaultRifle_ART8","Google2u.AssaultRifle_ART8","Google2u.Google2uComponentBase"
44845162,"","rowIds","Google2u.AssaultRifle_ART8/rowIds","System.Enum"
-408636299,"Google2u","AssaultRifle_ART8BM","Google2u.AssaultRifle_ART8BM","Google2u.Google2uComponentBase"
44845162,"","rowIds","Google2u.AssaultRifle_ART8BM/rowIds","System.Enum"
539510752,"Google2u","AssaultRifle_ART8BMRow","Google2u.AssaultRifle_ART8BMRow","System.Object"
-356794695,"Google2u","AssaultRifle_ART8Row","Google2u.AssaultRifle_ART8Row","System.Object"
-132032756,"Google2u","AssaultRifle_ART9","Google2u.AssaultRifle_ART9","Google2u.Google2uComponentBase"
44845162,"","rowIds","Google2u.AssaultRifle_ART9/rowIds","System.Enum"
-1946068229,"Google2u","AssaultRifle_ART9BM","Google2u.AssaultRifle_ART9BM","Google2u.Google2uComponentBase"
44845162,"","rowIds","Google2u.AssaultRifle_ART9BM/rowIds","System.Enum"
-1755126750,"Google2u","AssaultRifle_ART9BMRow","Google2u.AssaultRifle_ART9BMRow","System.Object"
776554075,"Google2u","AssaultRifle_ART9Row","Google2u.AssaultRifle_ART9Row","System.Object"
-1149462354,"Google2u","AssaultRifle_AUGBM","Google2u.AssaultRifle_AUGBM","Google2u.Google2uComponentBase"
44845162,"","rowIds","Google2u.AssaultRifle_AUGBM/rowIds","System.Enum"
-1273109032,"Google2u","AssaultRifle_AUGBMRow","Google2u.AssaultRifle_AUGBMRow","System.Object"
120986903,"Google2u","AssaultRifle_Famas","Google2u.AssaultRifle_Famas","Google2u.Google2uComponentBase"
44845162,"","rowIds","Google2u.AssaultRifle_Famas/rowIds","System.Enum"
1095810150,"Google2u","AssaultRifle_FamasBM","Google2u.AssaultRifle_FamasBM","Google2u.Google2uComponentBase"
44845162,"","rowIds","Google2u.AssaultRifle_FamasBM/rowIds","System.Enum"
2021718325,"Google2u","AssaultRifle_FamasBMRow","Google2u.AssaultRifle_FamasBMRow","System.Object"
1455487433,"Google2u","AssaultRifle_FamasElite","Google2u.AssaultRifle_FamasElite","Google2u.Google2uComponentBase"
44845162,"","rowIds","Google2u.AssaultRifle_FamasElite/rowIds","System.Enum"
-1115242884,"Google2u","AssaultRifle_FamasEliteRow","Google2u.AssaultRifle_FamasEliteRow","System.Object"
-659787731,"Google2u","AssaultRifle_FamasRow","Google2u.AssaultRifle_FamasRow","System.Object"
-1581928980,"Google2u","AssaultRifle_G36","Google2u.AssaultRifle_G36","Google2u.Google2uComponentBase"
44845162,"","rowIds","Google2u.AssaultRifle_G36/rowIds","System.Enum"
-967854876,"Google2u","AssaultRifle_G36BM","Google2u.AssaultRifle_G36BM","Google2u.Google2uComponentBase"
44845162,"","rowIds","Google2u.AssaultRifle_G36BM/rowIds","System.Enum"
-941284232,"Google2u","AssaultRifle_G36BMRow","Google2u.AssaultRifle_G36BMRow","System.Object"
-1799525669,"Google2u","AssaultRifle_G36Elite","Google2u.AssaultRifle_G36Elite","Google2u.Google2uComponentBase"
44845162,"","rowIds","Google2u.AssaultRifle_G36Elite/rowIds","System.Enum"
-383572508,"Google2u","AssaultRifle_G36EliteRow","Google2u.AssaultRifle_G36EliteRow","System.Object"
-1059912938,"Google2u","AssaultRifle_G36Row","Google2u.AssaultRifle_G36Row","System.Object"
-1555589058,"Google2u","AssaultRifle_M16","Google2u.AssaultRifle_M16","Google2u.Google2uComponentBase"
44845162,"","rowIds","Google2u.AssaultRifle_M16/rowIds","System.Enum"
-1108229388,"Google2u","AssaultRifle_M16BM","Google2u.AssaultRifle_M16BM","Google2u.Google2uComponentBase"
44845162,"","rowIds","Google2u.AssaultRifle_M16BM/rowIds","System.Enum"
1609956472,"Google2u","AssaultRifle_M16BMRow","Google2u.AssaultRifle_M16BMRow","System.Object"
-1317165865,"Google2u","AssaultRifle_M16Elite","Google2u.AssaultRifle_M16Elite","Google2u.Google2uComponentBase"
44845162,"","rowIds","Google2u.AssaultRifle_M16Elite/rowIds","System.Enum"
36606434,"Google2u","AssaultRifle_M16EliteRow","Google2u.AssaultRifle_M16EliteRow","System.Object"
-685368266,"Google2u","AssaultRifle_M16Row","Google2u.AssaultRifle_M16Row","System.Object"
-736734653,"Google2u","AssaultRifle_QBZ95","Google2u.AssaultRifle_QBZ95","Google2u.Google2uComponentBase"
44845162,"","rowIds","Google2u.AssaultRifle_QBZ95/rowIds","System.Enum"
436441176,"Google2u","AssaultRifle_QBZ95BM","Google2u.AssaultRifle_QBZ95BM","Google2u.Google2uComponentBase"
44845162,"","rowIds","Google2u.AssaultRifle_QBZ95BM/rowIds","System.Enum"
436912668,"Google2u","AssaultRifle_QBZ95BMRow","Google2u.AssaultRifle_QBZ95BMRow","System.Object"
1886047839,"Google2u","AssaultRifle_QBZ95Elite","Google2u.AssaultRifle_QBZ95Elite","Google2u.Google2uComponentBase"
44845162,"","rowIds","Google2u.AssaultRifle_QBZ95Elite/rowIds","System.Enum"
-1454163928,"Google2u","AssaultRifle_QBZ95EliteRow","Google2u.AssaultRifle_QBZ95EliteRow","System.Object"
1028187639,"Google2u","AssaultRifle_QBZ95Row","Google2u.AssaultRifle_QBZ95Row","System.Object"
-315786566,"Google2u","AssaultRifle_SteyrAUG","Google2u.AssaultRifle_SteyrAUG","Google2u.Google2uComponentBase"
44845162,"","rowIds","Google2u.AssaultRifle_SteyrAUG/rowIds","System.Enum"
518622266,"Google2u","AssaultRifle_SteyrAUGRow","Google2u.AssaultRifle_SteyrAUGRow","System.Object"
-514895432,"Google2u","AssaultRifle_XM8","Google2u.AssaultRifle_XM8","Google2u.Google2uComponentBase"
44845162,"","rowIds","Google2u.AssaultRifle_XM8/rowIds","System.Enum"
1868456291,"Google2u","AssaultRifle_XM8BM","Google2u.AssaultRifle_XM8BM","Google2u.Google2uComponentBase"
44845162,"","rowIds","Google2u.AssaultRifle_XM8BM/rowIds","System.Enum"
1422738080,"Google2u","AssaultRifle_XM8BMRow","Google2u.AssaultRifle_XM8BMRow","System.Object"
672242857,"Google2u","AssaultRifle_XM8Row","Google2u.AssaultRifle_XM8Row","System.Object"
-492177630,"Google2u","AssignmentDefinitions","Google2u.AssignmentDefinitions","Google2u.Google2uComponentBase"
44845162,"","rowIds","Google2u.AssignmentDefinitions/rowIds","System.Enum"
-722247989,"Google2u","AssignmentDefinitionsRow","Google2u.AssignmentDefinitionsRow","System.Object"
-1774496329,"Google2u","AssignmentsConstants","Google2u.AssignmentsConstants","Google2u.Google2uComponentBase"
44845162,"","rowIds","Google2u.AssignmentsConstants/rowIds","System.Enum"
-701618773,"Google2u","AssignmentsConstantsRow","Google2u.AssignmentsConstantsRow","System.Object"
-637813363,"Google2u","AugmentationConstants","Google2u.AugmentationConstants","Google2u.Google2uComponentBase"
44845162,"","rowIds","Google2u.AugmentationConstants/rowIds","System.Enum"
2077492828,"Google2u","AugmentationConstantsRow","Google2u.AugmentationConstantsRow","System.Object"
2034331594,"Google2u","AugmentationCrates","Google2u.AugmentationCrates","Google2u.Google2uComponentBase"
44845162,"","rowIds","Google2u.AugmentationCrates/rowIds","System.Enum"
-1486036935,"Google2u","AugmentationCratesRow","Google2u.AugmentationCratesRow","System.Object"
653182100,"Google2u","AugmentationEffectMultipliers","Google2u.AugmentationEffectMultipliers","Google2u.Google2uComponentBase"
44845162,"","rowIds","Google2u.AugmentationEffectMultipliers/rowIds","System.Enum"
2039806985,"Google2u","AugmentationEffectMultipliersRow","Google2u.AugmentationEffectMultipliersRow","System.Object"
1355055175,"Google2u","AugmentationEffectValues","Google2u.AugmentationEffectValues","Google2u.Google2uComponentBase"
44845162,"","rowIds","Google2u.AugmentationEffectValues/rowIds","System.Enum"
360122498,"Google2u","AugmentationEffectValuesRow","Google2u.AugmentationEffectValuesRow","System.Object"
741272045,"Google2u","AugmentationEffects","Google2u.AugmentationEffects","Google2u.Google2uComponentBase"
44845162,"","rowIds","Google2u.AugmentationEffects/rowIds","System.Enum"
233197529,"Google2u","AugmentationEffectsRow","Google2u.AugmentationEffectsRow","System.Object"
-1210743886,"Google2u","AugmentationFusionCoef","Google2u.AugmentationFusionCoef","Google2u.Google2uComponentBase"
44845162,"","rowIds","Google2u.AugmentationFusionCoef/rowIds","System.Enum"
811346125,"Google2u","AugmentationFusionCoefRow","Google2u.AugmentationFusionCoefRow","System.Object"
1954081982,"Google2u","AugmentationLevels","Google2u.AugmentationLevels","Google2u.Google2uComponentBase"
44845162,"","rowIds","Google2u.AugmentationLevels/rowIds","System.Enum"
-658170174,"Google2u","AugmentationLevelsRow","Google2u.AugmentationLevelsRow","System.Object"
-699039500,"Google2u","AugmentationRarities","Google2u.AugmentationRarities","Google2u.Google2uComponentBase"
44845162,"","rowIds","Google2u.AugmentationRarities/rowIds","System.Enum"
441675008,"Google2u","AugmentationRaritiesRow","Google2u.AugmentationRaritiesRow","System.Object"
538448691,"Google2u","AugmentationTriggers","Google2u.AugmentationTriggers","Google2u.Google2uComponentBase"
44845162,"","rowIds","Google2u.AugmentationTriggers/rowIds","System.Enum"
-788750639,"Google2u","AugmentationTriggersForAnalytics","Google2u.AugmentationTriggersForAnalytics","Google2u.Google2uComponentBase"
44845162,"","rowIds","Google2u.AugmentationTriggersForAnalytics/rowIds","System.Enum"
1176367663,"Google2u","AugmentationTriggersForAnalyticsRow","Google2u.AugmentationTriggersForAnalyticsRow","System.Object"
-556802883,"Google2u","AugmentationTriggersRow","Google2u.AugmentationTriggersRow","System.Object"
-1516596977,"Google2u","BalanceTable","Google2u.BalanceTable","Google2u.Google2uComponentBase"
44845162,"","rowIds","Google2u.BalanceTable/rowIds","System.Enum"
-616016368,"Google2u","BalanceTableRow","Google2u.BalanceTableRow","System.Object"
1163231836,"Google2u","Bazooka_FGM","Google2u.Bazooka_FGM","Google2u.Google2uComponentBase"
44845162,"","rowIds","Google2u.Bazooka_FGM/rowIds","System.Enum"
1271224919,"Google2u","Bazooka_FGMBM","Google2u.Bazooka_FGMBM","Google2u.Google2uComponentBase"
44845162,"","rowIds","Google2u.Bazooka_FGMBM/rowIds","System.Enum"
1709613489,"Google2u","Bazooka_FGMBMRow","Google2u.Bazooka_FGMBMRow","System.Object"
-2079450978,"Google2u","Bazooka_FGMElite","Google2u.Bazooka_FGMElite","Google2u.Google2uComponentBase"
44845162,"","rowIds","Google2u.Bazooka_FGMElite/rowIds","System.Enum"
926293870,"Google2u","Bazooka_FGMEliteRow","Google2u.Bazooka_FGMEliteRow","System.Object"
1275040280,"Google2u","Bazooka_FGMRow","Google2u.Bazooka_FGMRow","System.Object"
-1719495241,"Google2u","Bazooka_HMV","Google2u.Bazooka_HMV","Google2u.Google2uComponentBase"
44845162,"","rowIds","Google2u.Bazooka_HMV/rowIds","System.Enum"
1462848515,"Google2u","Bazooka_HMVBM","Google2u.Bazooka_HMVBM","Google2u.Google2uComponentBase"
44845162,"","rowIds","Google2u.Bazooka_HMVBM/rowIds","System.Enum"
-111691417,"Google2u","Bazooka_HMVBMRow","Google2u.Bazooka_HMVBMRow","System.Object"
1601979931,"Google2u","Bazooka_HMVRow","Google2u.Bazooka_HMVRow","System.Object"
-1314170335,"Google2u","Bazooka_Hater","Google2u.Bazooka_Hater","Google2u.Google2uComponentBase"
44845162,"","rowIds","Google2u.Bazooka_Hater/rowIds","System.Enum"
-489360289,"Google2u","Bazooka_HaterBM","Google2u.Bazooka_HaterBM","Google2u.Google2uComponentBase"
44845162,"","rowIds","Google2u.Bazooka_HaterBM/rowIds","System.Enum"
252967136,"Google2u","Bazooka_HaterBMRow","Google2u.Bazooka_HaterBMRow","System.Object"
881783987,"Google2u","Bazooka_HaterRow","Google2u.Bazooka_HaterRow","System.Object"
2128803132,"Google2u","Bazooka_Juggernaut","Google2u.Bazooka_Juggernaut","Google2u.Google2uComponentBase"
44845162,"","rowIds","Google2u.Bazooka_Juggernaut/rowIds","System.Enum"
1320974108,"Google2u","Bazooka_JuggernautBM","Google2u.Bazooka_JuggernautBM","Google2u.Google2uComponentBase"
44845162,"","rowIds","Google2u.Bazooka_JuggernautBM/rowIds","System.Enum"
1485519016,"Google2u","Bazooka_JuggernautBMRow","Google2u.Bazooka_JuggernautBMRow","System.Object"
-1282015644,"Google2u","Bazooka_JuggernautElite","Google2u.Bazooka_JuggernautElite","Google2u.Google2uComponentBase"
44845162,"","rowIds","Google2u.Bazooka_JuggernautElite/rowIds","System.Enum"
430153428,"Google2u","Bazooka_JuggernautEliteRow","Google2u.Bazooka_JuggernautEliteRow","System.Object"
-137707011,"Google2u","Bazooka_JuggernautRow","Google2u.Bazooka_JuggernautRow","System.Object"
1943317452,"Google2u","Bazooka_M202","Google2u.Bazooka_M202","Google2u.Google2uComponentBase"
44845162,"","rowIds","Google2u.Bazooka_M202/rowIds","System.Enum"
-1360164732,"Google2u","Bazooka_M202BM","Google2u.Bazooka_M202BM","Google2u.Google2uComponentBase"
44845162,"","rowIds","Google2u.Bazooka_M202BM/rowIds","System.Enum"
463210011,"Google2u","Bazooka_M202BMRow","Google2u.Bazooka_M202BMRow","System.Object"
-2078063401,"Google2u","Bazooka_M202Row","Google2u.Bazooka_M202Row","System.Object"
191822379,"Google2u","Bazooka_Panzerfaust","Google2u.Bazooka_Panzerfaust","Google2u.Google2uComponentBase"
44845162,"","rowIds","Google2u.Bazooka_Panzerfaust/rowIds","System.Enum"
824848221,"Google2u","Bazooka_PanzerfaustBM","Google2u.Bazooka_PanzerfaustBM","Google2u.Google2uComponentBase"
44845162,"","rowIds","Google2u.Bazooka_PanzerfaustBM/rowIds","System.Enum"
1355226956,"Google2u","Bazooka_PanzerfaustBMRow","Google2u.Bazooka_PanzerfaustBMRow","System.Object"
1802444050,"Google2u","Bazooka_PanzerfaustRow","Google2u.Bazooka_PanzerfaustRow","System.Object"
4583795,"Google2u","Bazooka_RLT8","Google2u.Bazooka_RLT8","Google2u.Google2uComponentBase"
44845162,"","rowIds","Google2u.Bazooka_RLT8/rowIds","System.Enum"
1441556043,"Google2u","Bazooka_RLT8BM","Google2u.Bazooka_RLT8BM","Google2u.Google2uComponentBase"
44845162,"","rowIds","Google2u.Bazooka_RLT8BM/rowIds","System.Enum"
660776874,"Google2u","Bazooka_RLT8BMRow","Google2u.Bazooka_RLT8BMRow","System.Object"
724198594,"Google2u","Bazooka_RLT8Row","Google2u.Bazooka_RLT8Row","System.Object"
-47051942,"Google2u","Bazooka_RLT9","Google2u.Bazooka_RLT9","Google2u.Google2uComponentBase"
44845162,"","rowIds","Google2u.Bazooka_RLT9/rowIds","System.Enum"
-1098412236,"Google2u","Bazooka_RLT9BM","Google2u.Bazooka_RLT9BM","Google2u.Google2uComponentBase"
44845162,"","rowIds","Google2u.Bazooka_RLT9BM/rowIds","System.Enum"
-1135924951,"Google2u","Bazooka_RLT9BMRow","Google2u.Bazooka_RLT9BMRow","System.Object"
509428835,"Google2u","Bazooka_RLT9Row","Google2u.Bazooka_RLT9Row","System.Object"
-565718934,"Google2u","Bazooka_RPG7","Google2u.Bazooka_RPG7","Google2u.Google2uComponentBase"
44845162,"","rowIds","Google2u.Bazooka_RPG7/rowIds","System.Enum"
540910195,"Google2u","Bazooka_RPG7BM","Google2u.Bazooka_RPG7BM","Google2u.Google2uComponentBase"
44845162,"","rowIds","Google2u.Bazooka_RPG7BM/rowIds","System.Enum"
1553705776,"Google2u","Bazooka_RPG7BMRow","Google2u.Bazooka_RPG7BMRow","System.Object"
1375103753,"Google2u","Bazooka_RPG7Elite","Google2u.Bazooka_RPG7Elite","Google2u.Google2uComponentBase"
44845162,"","rowIds","Google2u.Bazooka_RPG7Elite/rowIds","System.Enum"
1015255333,"Google2u","Bazooka_RPG7EliteRow","Google2u.Bazooka_RPG7EliteRow","System.Object"
1332096700,"Google2u","Bazooka_RPG7Row","Google2u.Bazooka_RPG7Row","System.Object"
367051343,"Google2u","BonussesDefinitions","Google2u.BonussesDefinitions","Google2u.Google2uComponentBase"
44845162,"","rowIds","Google2u.BonussesDefinitions/rowIds","System.Enum"
327809576,"Google2u","BonussesDefinitionsRow","Google2u.BonussesDefinitionsRow","System.Object"
1478387844,"Google2u","BoosterLevels","Google2u.BoosterLevels","Google2u.Google2uComponentBase"
44845162,"","rowIds","Google2u.BoosterLevels/rowIds","System.Enum"
1282759219,"Google2u","BoosterLevelsRow","Google2u.BoosterLevelsRow","System.Object"
71669150,"Google2u","BotNames","Google2u.BotNames","Google2u.Google2uComponentBase"
44845162,"","rowIds","Google2u.BotNames/rowIds","System.Enum"
-1696665388,"Google2u","BotNamesRow","Google2u.BotNamesRow","System.Object"
-834451852,"Google2u","BotPerks","Google2u.BotPerks","Google2u.Google2uComponentBase"
44845162,"","rowIds","Google2u.BotPerks/rowIds","System.Enum"
1418194555,"Google2u","BotPerksRow","Google2u.BotPerksRow","System.Object"
-66177384,"Google2u","Bow_Basic","Google2u.Bow_Basic","Google2u.Google2uComponentBase"
44845162,"","rowIds","Google2u.Bow_Basic/rowIds","System.Enum"
1054340017,"Google2u","Bow_BasicRow","Google2u.Bow_BasicRow","System.Object"
-1171180618,"Google2u","CardConstants","Google2u.CardConstants","Google2u.Google2uComponentBase"
44845162,"","rowIds","Google2u.CardConstants/rowIds","System.Enum"
-2133013933,"Google2u","CardConstantsRow","Google2u.CardConstantsRow","System.Object"
-1966919886,"Google2u","CardDefinitions","Google2u.CardDefinitions","Google2u.Google2uComponentBase"
44845162,"","rowIds","Google2u.CardDefinitions/rowIds","System.Enum"
-1633850639,"Google2u","CardDefinitionsRow","Google2u.CardDefinitionsRow","System.Object"
778532138,"Google2u","CardPacks","Google2u.CardPacks","Google2u.Google2uComponentBase"
44845162,"","rowIds","Google2u.CardPacks/rowIds","System.Enum"
1789472307,"Google2u","CardPacksRow","Google2u.CardPacksRow","System.Object"
953506460,"Google2u","CommanderObjectives","Google2u.CommanderObjectives","Google2u.Google2uComponentBase"
44845162,"","rowIds","Google2u.CommanderObjectives/rowIds","System.Enum"
-248175129,"Google2u","CommanderObjectivesRow","Google2u.CommanderObjectivesRow","System.Object"
228603570,"Google2u","CommanderSpecOps","Google2u.CommanderSpecOps","Google2u.Google2uComponentBase"
44845162,"","rowIds","Google2u.CommanderSpecOps/rowIds","System.Enum"
952607699,"Google2u","CommanderSpecOpsRow","Google2u.CommanderSpecOpsRow","System.Object"
-1970087994,"Google2u","Constants","Google2u.Constants","Google2u.Google2uComponentBase"
44845162,"","rowIds","Google2u.Constants/rowIds","System.Enum"
326030573,"Google2u","ConstantsRow","Google2u.ConstantsRow","System.Object"
722304264,"Google2u","CountryInfo","Google2u.CountryInfo","Google2u.Google2uComponentBase"
44845162,"","rowIds","Google2u.CountryInfo/rowIds","System.Enum"
1049690931,"Google2u","CountryInfoRow","Google2u.CountryInfoRow","System.Object"
-466077983,"Google2u","Crates","Google2u.Crates","Google2u.Google2uComponentBase"
44845162,"","rowIds","Google2u.Crates/rowIds","System.Enum"
1341919921,"Google2u","CratesRow","Google2u.CratesRow","System.Object"
-1746026931,"Google2u","DBUpgradeSlotsAssaultHeli","Google2u.DBUpgradeSlotsAssaultHeli","Google2u.Google2uComponentBase"
44845162,"","rowIds","Google2u.DBUpgradeSlotsAssaultHeli/rowIds","System.Enum"
632669992,"Google2u","DBUpgradeSlotsAssaultHeliRow","Google2u.DBUpgradeSlotsAssaultHeliRow","System.Object"
-1950676806,"Google2u","DBUpgradeSlotsAssaulter","Google2u.DBUpgradeSlotsAssaulter","Google2u.Google2uComponentBase"
44845162,"","rowIds","Google2u.DBUpgradeSlotsAssaulter/rowIds","System.Enum"
-1658873664,"Google2u","DBUpgradeSlotsAssaulterRow","Google2u.DBUpgradeSlotsAssaulterRow","System.Object"
846666391,"Google2u","DBUpgradeSlotsBackbone","Google2u.DBUpgradeSlotsBackbone","Google2u.Google2uComponentBase"
44845162,"","rowIds","Google2u.DBUpgradeSlotsBackbone/rowIds","System.Enum"
502441726,"Google2u","DBUpgradeSlotsBackboneRow","Google2u.DBUpgradeSlotsBackboneRow","System.Object"
1335429759,"Google2u","DBUpgradeSlotsBazooka","Google2u.DBUpgradeSlotsBazooka","Google2u.Google2uComponentBase"
44845162,"","rowIds","Google2u.DBUpgradeSlotsBazooka/rowIds","System.Enum"
1491647671,"Google2u","DBUpgradeSlotsBazookaRow","Google2u.DBUpgradeSlotsBazookaRow","System.Object"
-1580043750,"Google2u","DBUpgradeSlotsBreach","Google2u.DBUpgradeSlotsBreach","Google2u.Google2uComponentBase"
44845162,"","rowIds","Google2u.DBUpgradeSlotsBreach/rowIds","System.Enum"
1635141095,"Google2u","DBUpgradeSlotsBreachRow","Google2u.DBUpgradeSlotsBreachRow","System.Object"
-1987655246,"Google2u","DBUpgradeSlotsBuddy","Google2u.DBUpgradeSlotsBuddy","Google2u.Google2uComponentBase"
44845162,"","rowIds","Google2u.DBUpgradeSlotsBuddy/rowIds","System.Enum"
-219785719,"Google2u","DBUpgradeSlotsBuddyRow","Google2u.DBUpgradeSlotsBuddyRow","System.Object"
-1866542102,"Google2u","DBUpgradeSlotsBunker","Google2u.DBUpgradeSlotsBunker","Google2u.Google2uComponentBase"
44845162,"","rowIds","Google2u.DBUpgradeSlotsBunker/rowIds","System.Enum"
-2104332136,"Google2u","DBUpgradeSlotsBunkerRow","Google2u.DBUpgradeSlotsBunkerRow","System.Object"
-874727497,"Google2u","DBUpgradeSlotsCar","Google2u.DBUpgradeSlotsCar","Google2u.Google2uComponentBase"
44845162,"","rowIds","Google2u.DBUpgradeSlotsCar/rowIds","System.Enum"
1030698229,"Google2u","DBUpgradeSlotsCarBuggy","Google2u.DBUpgradeSlotsCarBuggy","Google2u.Google2uComponentBase"
44845162,"","rowIds","Google2u.DBUpgradeSlotsCarBuggy/rowIds","System.Enum"
385600849,"Google2u","DBUpgradeSlotsCarBuggyRow","Google2u.DBUpgradeSlotsCarBuggyRow","System.Object"
309913783,"Google2u","DBUpgradeSlotsCarRow","Google2u.DBUpgradeSlotsCarRow","System.Object"
857638022,"Google2u","DBUpgradeSlotsChemical","Google2u.DBUpgradeSlotsChemical","Google2u.Google2uComponentBase"
44845162,"","rowIds","Google2u.DBUpgradeSlotsChemical/rowIds","System.Enum"
1612393725,"Google2u","DBUpgradeSlotsChemicalRow","Google2u.DBUpgradeSlotsChemicalRow","System.Object"
1228290238,"Google2u","DBUpgradeSlotsCommando","Google2u.DBUpgradeSlotsCommando","Google2u.Google2uComponentBase"
44845162,"","rowIds","Google2u.DBUpgradeSlotsCommando/rowIds","System.Enum"
-1704689864,"Google2u","DBUpgradeSlotsCommandoRow","Google2u.DBUpgradeSlotsCommandoRow","System.Object"
-749872805,"Google2u","DBUpgradeSlotsCrossbowSniper","Google2u.DBUpgradeSlotsCrossbowSniper","Google2u.Google2uComponentBase"
44845162,"","rowIds","Google2u.DBUpgradeSlotsCrossbowSniper/rowIds","System.Enum"
-1523356287,"Google2u","DBUpgradeSlotsCrossbowSniperRow","Google2u.DBUpgradeSlotsCrossbowSniperRow","System.Object"
2036668101,"Google2u","DBUpgradeSlotsDrone","Google2u.DBUpgradeSlotsDrone","Google2u.Google2uComponentBase"
44845162,"","rowIds","Google2u.DBUpgradeSlotsDrone/rowIds","System.Enum"
1574527196,"Google2u","DBUpgradeSlotsDroneRow","Google2u.DBUpgradeSlotsDroneRow","System.Object"
1293372051,"Google2u","DBUpgradeSlotsEngineer","Google2u.DBUpgradeSlotsEngineer","Google2u.Google2uComponentBase"
44845162,"","rowIds","Google2u.DBUpgradeSlotsEngineer/rowIds","System.Enum"
-637503834,"Google2u","DBUpgradeSlotsEngineerRow","Google2u.DBUpgradeSlotsEngineerRow","System.Object"
-476233397,"Google2u","DBUpgradeSlotsExoMech","Google2u.DBUpgradeSlotsExoMech","Google2u.Google2uComponentBase"
44845162,"","rowIds","Google2u.DBUpgradeSlotsExoMech/rowIds","System.Enum"
1726645532,"Google2u","DBUpgradeSlotsExoMechRow","Google2u.DBUpgradeSlotsExoMechRow","System.Object"
-879718522,"Google2u","DBUpgradeSlotsExoPilot","Google2u.DBUpgradeSlotsExoPilot","Google2u.Google2uComponentBase"
44845162,"","rowIds","Google2u.DBUpgradeSlotsExoPilot/rowIds","System.Enum"
-527841338,"Google2u","DBUpgradeSlotsExoPilotRow","Google2u.DBUpgradeSlotsExoPilotRow","System.Object"
-708618076,"Google2u","DBUpgradeSlotsFlamethrower","Google2u.DBUpgradeSlotsFlamethrower","Google2u.Google2uComponentBase"
44845162,"","rowIds","Google2u.DBUpgradeSlotsFlamethrower/rowIds","System.Enum"
-1074715418,"Google2u","DBUpgradeSlotsFlamethrowerRow","Google2u.DBUpgradeSlotsFlamethrowerRow","System.Object"
510757169,"Google2u","DBUpgradeSlotsGrennader","Google2u.DBUpgradeSlotsGrennader","Google2u.Google2uComponentBase"
44845162,"","rowIds","Google2u.DBUpgradeSlotsGrennader/rowIds","System.Enum"
-2050468316,"Google2u","DBUpgradeSlotsGrennaderRow","Google2u.DBUpgradeSlotsGrennaderRow","System.Object"
-327544872,"Google2u","DBUpgradeSlotsGunslinger","Google2u.DBUpgradeSlotsGunslinger","Google2u.Google2uComponentBase"
44845162,"","rowIds","Google2u.DBUpgradeSlotsGunslinger/rowIds","System.Enum"
-1411893045,"Google2u","DBUpgradeSlotsGunslingerRow","Google2u.DBUpgradeSlotsGunslingerRow","System.Object"
-1545507929,"Google2u","DBUpgradeSlotsHavoc","Google2u.DBUpgradeSlotsHavoc","Google2u.Google2uComponentBase"
44845162,"","rowIds","Google2u.DBUpgradeSlotsHavoc/rowIds","System.Enum"
-698807466,"Google2u","DBUpgradeSlotsHavocRow","Google2u.DBUpgradeSlotsHavocRow","System.Object"
-663764146,"Google2u","DBUpgradeSlotsHeavyTurret","Google2u.DBUpgradeSlotsHeavyTurret","Google2u.Google2uComponentBase"
44845162,"","rowIds","Google2u.DBUpgradeSlotsHeavyTurret/rowIds","System.Enum"
-1479776737,"Google2u","DBUpgradeSlotsHeavyTurretRow","Google2u.DBUpgradeSlotsHeavyTurretRow","System.Object"
-854076867,"Google2u","DBUpgradeSlotsHelicopter","Google2u.DBUpgradeSlotsHelicopter","Google2u.Google2uComponentBase"
44845162,"","rowIds","Google2u.DBUpgradeSlotsHelicopter/rowIds","System.Enum"
554358363,"Google2u","DBUpgradeSlotsHelicopterRow","Google2u.DBUpgradeSlotsHelicopterRow","System.Object"
-1112875111,"Google2u","DBUpgradeSlotsInstinct","Google2u.DBUpgradeSlotsInstinct","Google2u.Google2uComponentBase"
44845162,"","rowIds","Google2u.DBUpgradeSlotsInstinct/rowIds","System.Enum"
269567643,"Google2u","DBUpgradeSlotsInstinctRow","Google2u.DBUpgradeSlotsInstinctRow","System.Object"
1062559981,"Google2u","DBUpgradeSlotsMachineGunner","Google2u.DBUpgradeSlotsMachineGunner","Google2u.Google2uComponentBase"
44845162,"","rowIds","Google2u.DBUpgradeSlotsMachineGunner/rowIds","System.Enum"
2117058787,"Google2u","DBUpgradeSlotsMachineGunnerRow","Google2u.DBUpgradeSlotsMachineGunnerRow","System.Object"
-101690405,"Google2u","DBUpgradeSlotsMech","Google2u.DBUpgradeSlotsMech","Google2u.Google2uComponentBase"
44845162,"","rowIds","Google2u.DBUpgradeSlotsMech/rowIds","System.Enum"
1912469321,"Google2u","DBUpgradeSlotsMechRow","Google2u.DBUpgradeSlotsMechRow","System.Object"
851030406,"Google2u","DBUpgradeSlotsMinigunner","Google2u.DBUpgradeSlotsMinigunner","Google2u.Google2uComponentBase"
44845162,"","rowIds","Google2u.DBUpgradeSlotsMinigunner/rowIds","System.Enum"
1733073957,"Google2u","DBUpgradeSlotsMinigunnerRow","Google2u.DBUpgradeSlotsMinigunnerRow","System.Object"
-1332118391,"Google2u","DBUpgradeSlotsMortar","Google2u.DBUpgradeSlotsMortar","Google2u.Google2uComponentBase"
44845162,"","rowIds","Google2u.DBUpgradeSlotsMortar/rowIds","System.Enum"
783578644,"Google2u","DBUpgradeSlotsMortarRow","Google2u.DBUpgradeSlotsMortarRow","System.Object"
1423523246,"Google2u","DBUpgradeSlotsOrb","Google2u.DBUpgradeSlotsOrb","Google2u.Google2uComponentBase"
44845162,"","rowIds","Google2u.DBUpgradeSlotsOrb/rowIds","System.Enum"
-2093919806,"Google2u","DBUpgradeSlotsOrbRow","Google2u.DBUpgradeSlotsOrbRow","System.Object"
-661312388,"Google2u","DBUpgradeSlotsOverseer","Google2u.DBUpgradeSlotsOverseer","Google2u.Google2uComponentBase"
44845162,"","rowIds","Google2u.DBUpgradeSlotsOverseer/rowIds","System.Enum"
1228676017,"Google2u","DBUpgradeSlotsOverseerRow","Google2u.DBUpgradeSlotsOverseerRow","System.Object"
-1338913433,"Google2u","DBUpgradeSlotsParachuter","Google2u.DBUpgradeSlotsParachuter","Google2u.Google2uComponentBase"
44845162,"","rowIds","Google2u.DBUpgradeSlotsParachuter/rowIds","System.Enum"
1393203418,"Google2u","DBUpgradeSlotsParachuterRow","Google2u.DBUpgradeSlotsParachuterRow","System.Object"
-632153642,"Google2u","DBUpgradeSlotsRenegade","Google2u.DBUpgradeSlotsRenegade","Google2u.Google2uComponentBase"
44845162,"","rowIds","Google2u.DBUpgradeSlotsRenegade/rowIds","System.Enum"
-1262013221,"Google2u","DBUpgradeSlotsRenegadeRow","Google2u.DBUpgradeSlotsRenegadeRow","System.Object"
-899837587,"Google2u","DBUpgradeSlotsRiko","Google2u.DBUpgradeSlotsRiko","Google2u.Google2uComponentBase"
44845162,"","rowIds","Google2u.DBUpgradeSlotsRiko/rowIds","System.Enum"
-125592991,"Google2u","DBUpgradeSlotsRikoRow","Google2u.DBUpgradeSlotsRikoRow","System.Object"
-1405952882,"Google2u","DBUpgradeSlotsRockyTurret","Google2u.DBUpgradeSlotsRockyTurret","Google2u.Google2uComponentBase"
44845162,"","rowIds","Google2u.DBUpgradeSlotsRockyTurret/rowIds","System.Enum"
1527432286,"Google2u","DBUpgradeSlotsRockyTurretRow","Google2u.DBUpgradeSlotsRockyTurretRow","System.Object"
-2139737734,"Google2u","DBUpgradeSlotsSciFi","Google2u.DBUpgradeSlotsSciFi","Google2u.Google2uComponentBase"
44845162,"","rowIds","Google2u.DBUpgradeSlotsSciFi/rowIds","System.Enum"
1354833115,"Google2u","DBUpgradeSlotsSciFiRow","Google2u.DBUpgradeSlotsSciFiRow","System.Object"
2015627038,"Google2u","DBUpgradeSlotsShotgunner","Google2u.DBUpgradeSlotsShotgunner","Google2u.Google2uComponentBase"
44845162,"","rowIds","Google2u.DBUpgradeSlotsShotgunner/rowIds","System.Enum"
334244744,"Google2u","DBUpgradeSlotsShotgunnerRow","Google2u.DBUpgradeSlotsShotgunnerRow","System.Object"
-239620505,"Google2u","DBUpgradeSlotsSilverstrike","Google2u.DBUpgradeSlotsSilverstrike","Google2u.Google2uComponentBase"
44845162,"","rowIds","Google2u.DBUpgradeSlotsSilverstrike/rowIds","System.Enum"
-2039901946,"Google2u","DBUpgradeSlotsSilverstrikeRow","Google2u.DBUpgradeSlotsSilverstrikeRow","System.Object"
1586726854,"Google2u","DBUpgradeSlotsSniper","Google2u.DBUpgradeSlotsSniper","Google2u.Google2uComponentBase"
44845162,"","rowIds","Google2u.DBUpgradeSlotsSniper/rowIds","System.Enum"
1910955573,"Google2u","DBUpgradeSlotsSniperRow","Google2u.DBUpgradeSlotsSniperRow","System.Object"
895715404,"Google2u","DBUpgradeSlotsSpecter","Google2u.DBUpgradeSlotsSpecter","Google2u.Google2uComponentBase"
44845162,"","rowIds","Google2u.DBUpgradeSlotsSpecter/rowIds","System.Enum"
-1127895759,"Google2u","DBUpgradeSlotsSpecterRow","Google2u.DBUpgradeSlotsSpecterRow","System.Object"
2070312951,"Google2u","DBUpgradeSlotsSpiderBot","Google2u.DBUpgradeSlotsSpiderBot","Google2u.Google2uComponentBase"
44845162,"","rowIds","Google2u.DBUpgradeSlotsSpiderBot/rowIds","System.Enum"
-1276592237,"Google2u","DBUpgradeSlotsSpiderBotRow","Google2u.DBUpgradeSlotsSpiderBotRow","System.Object"
789556036,"Google2u","DBUpgradeSlotsSurge","Google2u.DBUpgradeSlotsSurge","Google2u.Google2uComponentBase"
44845162,"","rowIds","Google2u.DBUpgradeSlotsSurge/rowIds","System.Enum"
-1194464958,"Google2u","DBUpgradeSlotsSurgeRow","Google2u.DBUpgradeSlotsSurgeRow","System.Object"
-847320084,"Google2u","DBUpgradeSlotsSwat","Google2u.DBUpgradeSlotsSwat","Google2u.Google2uComponentBase"
44845162,"","rowIds","Google2u.DBUpgradeSlotsSwat/rowIds","System.Enum"
-684800193,"Google2u","DBUpgradeSlotsSwatRow","Google2u.DBUpgradeSlotsSwatRow","System.Object"
-403143050,"Google2u","DBUpgradeSlotsTank","Google2u.DBUpgradeSlotsTank","Google2u.Google2uComponentBase"
44845162,"","rowIds","Google2u.DBUpgradeSlotsTank/rowIds","System.Enum"
1733761553,"Google2u","DBUpgradeSlotsTankRow","Google2u.DBUpgradeSlotsTankRow","System.Object"
-1353022621,"Google2u","DBUpgradeSlotsTransporter","Google2u.DBUpgradeSlotsTransporter","Google2u.Google2uComponentBase"
44845162,"","rowIds","Google2u.DBUpgradeSlotsTransporter/rowIds","System.Enum"
-1073733933,"Google2u","DBUpgradeSlotsTransporterRow","Google2u.DBUpgradeSlotsTransporterRow","System.Object"
-1608734714,"Google2u","DBUpgradeSlotsTurret","Google2u.DBUpgradeSlotsTurret","Google2u.Google2uComponentBase"
44845162,"","rowIds","Google2u.DBUpgradeSlotsTurret/rowIds","System.Enum"
-1104570120,"Google2u","DBUpgradeSlotsTurretRow","Google2u.DBUpgradeSlotsTurretRow","System.Object"
903932692,"Google2u","DBUpgradeSlotsVTOL","Google2u.DBUpgradeSlotsVTOL","Google2u.Google2uComponentBase"
44845162,"","rowIds","Google2u.DBUpgradeSlotsVTOL/rowIds","System.Enum"
-1734827083,"Google2u","DBUpgradeSlotsVTOLRow","Google2u.DBUpgradeSlotsVTOLRow","System.Object"
765412970,"Google2u","DBUpgradeSlotsWarper","Google2u.DBUpgradeSlotsWarper","Google2u.Google2uComponentBase"
44845162,"","rowIds","Google2u.DBUpgradeSlotsWarper/rowIds","System.Enum"
-362495800,"Google2u","DBUpgradeSlotsWarperRow","Google2u.DBUpgradeSlotsWarperRow","System.Object"
1804608571,"Google2u","EliteFinisherPacks","Google2u.EliteFinisherPacks","Google2u.Google2uComponentBase"
44845162,"","rowIds","Google2u.EliteFinisherPacks/rowIds","System.Enum"
1247801363,"Google2u","EliteFinisherPacksRow","Google2u.EliteFinisherPacksRow","System.Object"
-535195991,"Google2u","Google2uComponentBase","Google2u.Google2uComponentBase","UnityEngine.MonoBehaviour"
412363129,"Google2u","GrenadeLauncher_DP64","Google2u.GrenadeLauncher_DP64","Google2u.Google2uComponentBase"
44845162,"","rowIds","Google2u.GrenadeLauncher_DP64/rowIds","System.Enum"
-1798867664,"Google2u","GrenadeLauncher_DP64BM","Google2u.GrenadeLauncher_DP64BM","Google2u.Google2uComponentBase"
44845162,"","rowIds","Google2u.GrenadeLauncher_DP64BM/rowIds","System.Enum"
-45176368,"Google2u","GrenadeLauncher_DP64BMRow","Google2u.GrenadeLauncher_DP64BMRow","System.Object"
169006103,"Google2u","GrenadeLauncher_DP64Row","Google2u.GrenadeLauncher_DP64Row","System.Object"
1914242425,"Google2u","GrenadeLauncher_GLT8","Google2u.GrenadeLauncher_GLT8","Google2u.Google2uComponentBase"
44845162,"","rowIds","Google2u.GrenadeLauncher_GLT8/rowIds","System.Enum"
1458123170,"Google2u","GrenadeLauncher_GLT8BM","Google2u.GrenadeLauncher_GLT8BM","Google2u.Google2uComponentBase"
44845162,"","rowIds","Google2u.GrenadeLauncher_GLT8BM/rowIds","System.Enum"
705000151,"Google2u","GrenadeLauncher_GLT8BMRow","Google2u.GrenadeLauncher_GLT8BMRow","System.Object"
-140436429,"Google2u","GrenadeLauncher_GLT8Row","Google2u.GrenadeLauncher_GLT8Row","System.Object"
-2117384271,"Google2u","GrenadeLauncher_GLT9","Google2u.GrenadeLauncher_GLT9","Google2u.Google2uComponentBase"
44845162,"","rowIds","Google2u.GrenadeLauncher_GLT9/rowIds","System.Enum"
366871576,"Google2u","GrenadeLauncher_GLT9BM","Google2u.GrenadeLauncher_GLT9BM","Google2u.Google2uComponentBase"
44845162,"","rowIds","Google2u.GrenadeLauncher_GLT9BM/rowIds","System.Enum"
782755760,"Google2u","GrenadeLauncher_GLT9BMRow","Google2u.GrenadeLauncher_GLT9BMRow","System.Object"
-64938276,"Google2u","GrenadeLauncher_GLT9Row","Google2u.GrenadeLauncher_GLT9Row","System.Object"
605525576,"Google2u","GrenadeLauncher_M320","Google2u.GrenadeLauncher_M320","Google2u.Google2uComponentBase"
44845162,"","rowIds","Google2u.GrenadeLauncher_M320/rowIds","System.Enum"
365853403,"Google2u","GrenadeLauncher_M320BM","Google2u.GrenadeLauncher_M320BM","Google2u.Google2uComponentBase"
44845162,"","rowIds","Google2u.GrenadeLauncher_M320BM/rowIds","System.Enum"
548876663,"Google2u","GrenadeLauncher_M320BMRow","Google2u.GrenadeLauncher_M320BMRow","System.Object"
-188191033,"Google2u","GrenadeLauncher_M320Elite","Google2u.GrenadeLauncher_M320Elite","Google2u.Google2uComponentBase"
44845162,"","rowIds","Google2u.GrenadeLauncher_M320Elite/rowIds","System.Enum"
-1361517620,"Google2u","GrenadeLauncher_M320EliteRow","Google2u.GrenadeLauncher_M320EliteRow","System.Object"
-1987253465,"Google2u","GrenadeLauncher_M320Row","Google2u.GrenadeLauncher_M320Row","System.Object"
115417064,"Google2u","GrenadeLauncher_M79","Google2u.GrenadeLauncher_M79","Google2u.Google2uComponentBase"
44845162,"","rowIds","Google2u.GrenadeLauncher_M79/rowIds","System.Enum"
2039451934,"Google2u","GrenadeLauncher_M79BM","Google2u.GrenadeLauncher_M79BM","Google2u.Google2uComponentBase"
44845162,"","rowIds","Google2u.GrenadeLauncher_M79BM/rowIds","System.Enum"
103998417,"Google2u","GrenadeLauncher_M79BMRow","Google2u.GrenadeLauncher_M79BMRow","System.Object"
-839568909,"Google2u","GrenadeLauncher_M79Row","Google2u.GrenadeLauncher_M79Row","System.Object"
-922025570,"Google2u","GrenadeLauncher_MGL","Google2u.GrenadeLauncher_MGL","Google2u.Google2uComponentBase"
44845162,"","rowIds","Google2u.GrenadeLauncher_MGL/rowIds","System.Enum"
-750378786,"Google2u","GrenadeLauncher_MGLBM","Google2u.GrenadeLauncher_MGLBM","Google2u.Google2uComponentBase"
44845162,"","rowIds","Google2u.GrenadeLauncher_MGLBM/rowIds","System.Enum"
-1578664801,"Google2u","GrenadeLauncher_MGLBMRow","Google2u.GrenadeLauncher_MGLBMRow","System.Object"
-2027473587,"Google2u","GrenadeLauncher_MGLRow","Google2u.GrenadeLauncher_MGLRow","System.Object"
-2128576496,"Google2u","GrenadeLauncher_QLB06","Google2u.GrenadeLauncher_QLB06","Google2u.Google2uComponentBase"
44845162,"","rowIds","Google2u.GrenadeLauncher_QLB06/rowIds","System.Enum"
-872864983,"Google2u","GrenadeLauncher_QLB06BM","Google2u.GrenadeLauncher_QLB06BM","Google2u.Google2uComponentBase"
44845162,"","rowIds","Google2u.GrenadeLauncher_QLB06BM/rowIds","System.Enum"
873425597,"Google2u","GrenadeLauncher_QLB06BMRow","Google2u.GrenadeLauncher_QLB06BMRow","System.Object"
854755835,"Google2u","GrenadeLauncher_QLB06Row","Google2u.GrenadeLauncher_QLB06Row","System.Object"
-674734418,"Google2u","GrenadeLauncher_QLZ87","Google2u.GrenadeLauncher_QLZ87","Google2u.Google2uComponentBase"
44845162,"","rowIds","Google2u.GrenadeLauncher_QLZ87/rowIds","System.Enum"
2027945426,"Google2u","GrenadeLauncher_QLZ87BM","Google2u.GrenadeLauncher_QLZ87BM","Google2u.Google2uComponentBase"
44845162,"","rowIds","Google2u.GrenadeLauncher_QLZ87BM/rowIds","System.Enum"
642659962,"Google2u","GrenadeLauncher_QLZ87BMRow","Google2u.GrenadeLauncher_QLZ87BMRow","System.Object"
-554844293,"Google2u","GrenadeLauncher_QLZ87Row","Google2u.GrenadeLauncher_QLZ87Row","System.Object"
-1235033813,"Google2u","GrenadeLauncher_XM25","Google2u.GrenadeLauncher_XM25","Google2u.Google2uComponentBase"
44845162,"","rowIds","Google2u.GrenadeLauncher_XM25/rowIds","System.Enum"
50395343,"Google2u","GrenadeLauncher_XM25BM","Google2u.GrenadeLauncher_XM25BM","Google2u.Google2uComponentBase"
44845162,"","rowIds","Google2u.GrenadeLauncher_XM25BM/rowIds","System.Enum"
1699519964,"Google2u","GrenadeLauncher_XM25BMRow","Google2u.GrenadeLauncher_XM25BMRow","System.Object"
978596452,"Google2u","GrenadeLauncher_XM25Row","Google2u.GrenadeLauncher_XM25Row","System.Object"
2053340391,"Google2u","Grenade_Doombringer","Google2u.Grenade_Doombringer","Google2u.Google2uComponentBase"
44845162,"","rowIds","Google2u.Grenade_Doombringer/rowIds","System.Enum"
-260668178,"Google2u","Grenade_DoombringerBM","Google2u.Grenade_DoombringerBM","Google2u.Google2uComponentBase"
44845162,"","rowIds","Google2u.Grenade_DoombringerBM/rowIds","System.Enum"
-212166250,"Google2u","Grenade_DoombringerBMRow","Google2u.Grenade_DoombringerBMRow","System.Object"
-693137866,"Google2u","Grenade_DoombringerRow","Google2u.Grenade_DoombringerRow","System.Object"
738683445,"Google2u","Grenade_FLASH","Google2u.Grenade_FLASH","Google2u.Google2uComponentBase"
44845162,"","rowIds","Google2u.Grenade_FLASH/rowIds","System.Enum"
-1013766811,"Google2u","Grenade_FLASHBM","Google2u.Grenade_FLASHBM","Google2u.Google2uComponentBase"
44845162,"","rowIds","Google2u.Grenade_FLASHBM/rowIds","System.Enum"
1020930109,"Google2u","Grenade_FLASHBMRow","Google2u.Grenade_FLASHBMRow","System.Object"
-949945439,"Google2u","Grenade_FLASHElite","Google2u.Grenade_FLASHElite","Google2u.Google2uComponentBase"
44845162,"","rowIds","Google2u.Grenade_FLASHElite/rowIds","System.Enum"
172880566,"Google2u","Grenade_FLASHEliteRow","Google2u.Grenade_FLASHEliteRow","System.Object"
761092062,"Google2u","Grenade_FLASHRow","Google2u.Grenade_FLASHRow","System.Object"
667694505,"Google2u","Grenade_FRAG","Google2u.Grenade_FRAG","Google2u.Google2uComponentBase"
44845162,"","rowIds","Google2u.Grenade_FRAG/rowIds","System.Enum"
-708092699,"Google2u","Grenade_FRAGBM","Google2u.Grenade_FRAGBM","Google2u.Google2uComponentBase"
44845162,"","rowIds","Google2u.Grenade_FRAGBM/rowIds","System.Enum"
1711122257,"Google2u","Grenade_FRAGBMRow","Google2u.Grenade_FRAGBMRow","System.Object"
575479507,"Google2u","Grenade_FRAGElite","Google2u.Grenade_FRAGElite","Google2u.Google2uComponentBase"
44845162,"","rowIds","Google2u.Grenade_FRAGElite/rowIds","System.Enum"
-288535418,"Google2u","Grenade_FRAGEliteRow","Google2u.Grenade_FRAGEliteRow","System.Object"
2135684717,"Google2u","Grenade_FRAGRow","Google2u.Grenade_FRAGRow","System.Object"
1399211213,"Google2u","Grenade_GT8","Google2u.Grenade_GT8","Google2u.Google2uComponentBase"
44845162,"","rowIds","Google2u.Grenade_GT8/rowIds","System.Enum"
-622445865,"Google2u","Grenade_GT8BM","Google2u.Grenade_GT8BM","Google2u.Google2uComponentBase"
44845162,"","rowIds","Google2u.Grenade_GT8BM/rowIds","System.Enum"
808524969,"Google2u","Grenade_GT8BMRow","Google2u.Grenade_GT8BMRow","System.Object"
-1157127906,"Google2u","Grenade_GT8Row","Google2u.Grenade_GT8Row","System.Object"
-1970563054,"Google2u","Grenade_GT9","Google2u.Grenade_GT9","Google2u.Google2uComponentBase"
44845162,"","rowIds","Google2u.Grenade_GT9/rowIds","System.Enum"
-1954017137,"Google2u","Grenade_GT9BM","Google2u.Grenade_GT9BM","Google2u.Google2uComponentBase"
44845162,"","rowIds","Google2u.Grenade_GT9BM/rowIds","System.Enum"
-2023774182,"Google2u","Grenade_GT9BMRow","Google2u.Grenade_GT9BMRow","System.Object"
1966038559,"Google2u","Grenade_GT9Row","Google2u.Grenade_GT9Row","System.Object"
1833544126,"Google2u","Grenade_M34BM","Google2u.Grenade_M34BM","Google2u.Google2uComponentBase"
44845162,"","rowIds","Google2u.Grenade_M34BM/rowIds","System.Enum"
634406154,"Google2u","Grenade_M34BMRow","Google2u.Grenade_M34BMRow","System.Object"
625448054,"Google2u","Grenade_M84","Google2u.Grenade_M84","Google2u.Google2uComponentBase"
44845162,"","rowIds","Google2u.Grenade_M84/rowIds","System.Enum"
-861355135,"Google2u","Grenade_M84BM","Google2u.Grenade_M84BM","Google2u.Google2uComponentBase"
44845162,"","rowIds","Google2u.Grenade_M84BM/rowIds","System.Enum"
-32840403,"Google2u","Grenade_M84BMRow","Google2u.Grenade_M84BMRow","System.Object"
-1744817019,"Google2u","Grenade_M84Row","Google2u.Grenade_M84Row","System.Object"
741425077,"Google2u","Grenade_Molotov","Google2u.Grenade_Molotov","Google2u.Google2uComponentBase"
44845162,"","rowIds","Google2u.Grenade_Molotov/rowIds","System.Enum"
-18750913,"Google2u","Grenade_MolotovBM","Google2u.Grenade_MolotovBM","Google2u.Google2uComponentBase"
44845162,"","rowIds","Google2u.Grenade_MolotovBM/rowIds","System.Enum"
-34941587,"Google2u","Grenade_MolotovBMRow","Google2u.Grenade_MolotovBMRow","System.Object"
-1281114980,"Google2u","Grenade_MolotovRow","Google2u.Grenade_MolotovRow","System.Object"
1012308774,"Google2u","Grenade_POISON","Google2u.Grenade_POISON","Google2u.Google2uComponentBase"
44845162,"","rowIds","Google2u.Grenade_POISON/rowIds","System.Enum"
-725284532,"Google2u","Grenade_POISONRow","Google2u.Grenade_POISONRow","System.Object"
-1709633284,"Google2u","Grenade_SMOKE","Google2u.Grenade_SMOKE","Google2u.Google2uComponentBase"
44845162,"","rowIds","Google2u.Grenade_SMOKE/rowIds","System.Enum"
-1719467812,"Google2u","Grenade_SMOKEBM","Google2u.Grenade_SMOKEBM","Google2u.Google2uComponentBase"
44845162,"","rowIds","Google2u.Grenade_SMOKEBM/rowIds","System.Enum"
-743991326,"Google2u","Grenade_SMOKEBMRow","Google2u.Grenade_SMOKEBMRow","System.Object"
709049389,"Google2u","Grenade_SMOKEElite","Google2u.Grenade_SMOKEElite","Google2u.Google2uComponentBase"
44845162,"","rowIds","Google2u.Grenade_SMOKEElite/rowIds","System.Enum"
-1980699022,"Google2u","Grenade_SMOKEEliteRow","Google2u.Grenade_SMOKEEliteRow","System.Object"
-1526679976,"Google2u","Grenade_SMOKERow","Google2u.Grenade_SMOKERow","System.Object"
2013000374,"Google2u","HeroicRewards","Google2u.HeroicRewards","Google2u.Google2uComponentBase"
44845162,"","rowIds","Google2u.HeroicRewards/rowIds","System.Enum"
672570798,"Google2u","HeroicRewardsRow","Google2u.HeroicRewardsRow","System.Object"
241217753,"Google2u","IGoogle2uDB","Google2u.IGoogle2uDB",""
1181710844,"Google2u","IGoogle2uRow","Google2u.IGoogle2uRow",""
-252988543,"Google2u","InApps","Google2u.InApps","Google2u.Google2uComponentBase"
44845162,"","rowIds","Google2u.InApps/rowIds","System.Enum"
1807781854,"Google2u","InAppsRow","Google2u.InAppsRow","System.Object"
1154208268,"Google2u","InvasionConstants","Google2u.InvasionConstants","Google2u.Google2uComponentBase"
44845162,"","rowIds","Google2u.InvasionConstants/rowIds","System.Enum"
1426863606,"Google2u","InvasionConstantsRow","Google2u.InvasionConstantsRow","System.Object"
-218105633,"Google2u","InvasionSpawnSettings","Google2u.InvasionSpawnSettings","Google2u.Google2uComponentBase"
44845162,"","rowIds","Google2u.InvasionSpawnSettings/rowIds","System.Enum"
-292414533,"Google2u","InvasionSpawnSettingsRow","Google2u.InvasionSpawnSettingsRow","System.Object"
1703773551,"Google2u","LMG_GSh","Google2u.LMG_GSh","Google2u.Google2uComponentBase"
44845162,"","rowIds","Google2u.LMG_GSh/rowIds","System.Enum"
-1377679669,"Google2u","LMG_GShRow","Google2u.LMG_GShRow","System.Object"
914942865,"Google2u","LMG_M249","Google2u.LMG_M249","Google2u.Google2uComponentBase"
44845162,"","rowIds","Google2u.LMG_M249/rowIds","System.Enum"
231430652,"Google2u","LMG_M249BM","Google2u.LMG_M249BM","Google2u.Google2uComponentBase"
44845162,"","rowIds","Google2u.LMG_M249BM/rowIds","System.Enum"
1892891365,"Google2u","LMG_M249BMRow","Google2u.LMG_M249BMRow","System.Object"
-2042971123,"Google2u","LMG_M249Elite","Google2u.LMG_M249Elite","Google2u.Google2uComponentBase"
44845162,"","rowIds","Google2u.LMG_M249Elite/rowIds","System.Enum"
-13352553,"Google2u","LMG_M249Elite2","Google2u.LMG_M249Elite2","Google2u.Google2uComponentBase"
44845162,"","rowIds","Google2u.LMG_M249Elite2/rowIds","System.Enum"
-795049741,"Google2u","LMG_M249Elite2Row","Google2u.LMG_M249Elite2Row","System.Object"
2040501540,"Google2u","LMG_M249EliteRow","Google2u.LMG_M249EliteRow","System.Object"
1067471329,"Google2u","LMG_M249PARABM","Google2u.LMG_M249PARABM","Google2u.Google2uComponentBase"
44845162,"","rowIds","Google2u.LMG_M249PARABM/rowIds","System.Enum"
-357902070,"Google2u","LMG_M249PARABMRow","Google2u.LMG_M249PARABMRow","System.Object"
-425656894,"Google2u","LMG_M249Row","Google2u.LMG_M249Row","System.Object"
-1062545902,"Google2u","LMG_M60","Google2u.LMG_M60","Google2u.Google2uComponentBase"
44845162,"","rowIds","Google2u.LMG_M60/rowIds","System.Enum"
378059826,"Google2u","LMG_M60BM","Google2u.LMG_M60BM","Google2u.Google2uComponentBase"
44845162,"","rowIds","Google2u.LMG_M60BM/rowIds","System.Enum"
1194658668,"Google2u","LMG_M60BMRow","Google2u.LMG_M60BMRow","System.Object"
1313144409,"Google2u","LMG_M60Elite","Google2u.LMG_M60Elite","Google2u.Google2uComponentBase"
44845162,"","rowIds","Google2u.LMG_M60Elite/rowIds","System.Enum"
-655776455,"Google2u","LMG_M60EliteRow","Google2u.LMG_M60EliteRow","System.Object"
-792905189,"Google2u","LMG_M60Row","Google2u.LMG_M60Row","System.Object"
-1424445304,"Google2u","LMG_MG4","Google2u.LMG_MG4","Google2u.Google2uComponentBase"
44845162,"","rowIds","Google2u.LMG_MG4/rowIds","System.Enum"
-2073218637,"Google2u","LMG_MG4BM","Google2u.LMG_MG4BM","Google2u.Google2uComponentBase"
44845162,"","rowIds","Google2u.LMG_MG4BM/rowIds","System.Enum"
-234983638,"Google2u","LMG_MG4BMRow","Google2u.LMG_MG4BMRow","System.Object"
1525241686,"Google2u","LMG_MG4Row","Google2u.LMG_MG4Row","System.Object"
1787921821,"Google2u","LMG_Minigun","Google2u.LMG_Minigun","Google2u.Google2uComponentBase"
44845162,"","rowIds","Google2u.LMG_Minigun/rowIds","System.Enum"
-1414427414,"Google2u","LMG_MinigunElite","Google2u.LMG_MinigunElite","Google2u.Google2uComponentBase"
44845162,"","rowIds","Google2u.LMG_MinigunElite/rowIds","System.Enum"
734844714,"Google2u","LMG_MinigunEliteRow","Google2u.LMG_MinigunEliteRow","System.Object"
1164183223,"Google2u","LMG_MinigunRow","Google2u.LMG_MinigunRow","System.Object"
-385465569,"Google2u","LMG_PKMBM","Google2u.LMG_PKMBM","Google2u.Google2uComponentBase"
44845162,"","rowIds","Google2u.LMG_PKMBM/rowIds","System.Enum"
-41289143,"Google2u","LMG_PKMBMRow","Google2u.LMG_PKMBMRow","System.Object"
-1963881964,"Google2u","LMG_PKMachinegun","Google2u.LMG_PKMachinegun","Google2u.Google2uComponentBase"
44845162,"","rowIds","Google2u.LMG_PKMachinegun/rowIds","System.Enum"
-2028602470,"Google2u","LMG_PKMachinegunElite","Google2u.LMG_PKMachinegunElite","Google2u.Google2uComponentBase"
44845162,"","rowIds","Google2u.LMG_PKMachinegunElite/rowIds","System.Enum"
-1881478305,"Google2u","LMG_PKMachinegunEliteRow","Google2u.LMG_PKMachinegunEliteRow","System.Object"
-231294301,"Google2u","LMG_PKMachinegunRow","Google2u.LMG_PKMachinegunRow","System.Object"
-834367755,"Google2u","LMG_SA80","Google2u.LMG_SA80","Google2u.Google2uComponentBase"
44845162,"","rowIds","Google2u.LMG_SA80/rowIds","System.Enum"
1085345664,"Google2u","LMG_SA80BM","Google2u.LMG_SA80BM","Google2u.Google2uComponentBase"
44845162,"","rowIds","Google2u.LMG_SA80BM/rowIds","System.Enum"
1309897788,"Google2u","LMG_SA80BMRow","Google2u.LMG_SA80BMRow","System.Object"
845730271,"Google2u","LMG_SA80Row","Google2u.LMG_SA80Row","System.Object"
2044653407,"Google2u","LMG_Scifi","Google2u.LMG_Scifi","Google2u.Google2uComponentBase"
44845162,"","rowIds","Google2u.LMG_Scifi/rowIds","System.Enum"
586261200,"Google2u","LMG_ScifiRow","Google2u.LMG_ScifiRow","System.Object"
-484728561,"Google2u","LMG_StarHammer","Google2u.LMG_StarHammer","Google2u.Google2uComponentBase"
44845162,"","rowIds","Google2u.LMG_StarHammer/rowIds","System.Enum"
-752551434,"Google2u","LMG_StarHammerBM","Google2u.LMG_StarHammerBM","Google2u.Google2uComponentBase"
44845162,"","rowIds","Google2u.LMG_StarHammerBM/rowIds","System.Enum"
-549732144,"Google2u","LMG_StarHammerBMRow","Google2u.LMG_StarHammerBMRow","System.Object"
606617260,"Google2u","LMG_StarHammerRow","Google2u.LMG_StarHammerRow","System.Object"
-1914352199,"Google2u","LMG_T8","Google2u.LMG_T8","Google2u.Google2uComponentBase"
44845162,"","rowIds","Google2u.LMG_T8/rowIds","System.Enum"
-1915136243,"Google2u","LMG_T8BM","Google2u.LMG_T8BM","Google2u.Google2uComponentBase"
44845162,"","rowIds","Google2u.LMG_T8BM/rowIds","System.Enum"
-172326622,"Google2u","LMG_T8BMRow","Google2u.LMG_T8BMRow","System.Object"
-1420248422,"Google2u","LMG_T8Row","Google2u.LMG_T8Row","System.Object"
1797072364,"Google2u","LMG_T9","Google2u.LMG_T9","Google2u.Google2uComponentBase"
44845162,"","rowIds","Google2u.LMG_T9/rowIds","System.Enum"
439009575,"Google2u","LMG_T9BM","Google2u.LMG_T9BM","Google2u.Google2uComponentBase"
44845162,"","rowIds","Google2u.LMG_T9BM/rowIds","System.Enum"
358840610,"Google2u","LMG_T9BMRow","Google2u.LMG_T9BMRow","System.Object"
-586875148,"Google2u","LMG_T9Row","Google2u.LMG_T9Row","System.Object"
-1443231391,"Google2u","Levels","Google2u.Levels","Google2u.Google2uComponentBase"
44845162,"","rowIds","Google2u.Levels/rowIds","System.Enum"
1610794025,"Google2u","LevelsRow","Google2u.LevelsRow","System.Object"
775179362,"Google2u","Lootboxes","Google2u.Lootboxes","Google2u.Google2uComponentBase"
44845162,"","rowIds","Google2u.Lootboxes/rowIds","System.Enum"
648591369,"Google2u","LootboxesRow","Google2u.LootboxesRow","System.Object"
-195836888,"Google2u","MatchMakingConstants","Google2u.MatchMakingConstants","Google2u.Google2uComponentBase"
44845162,"","rowIds","Google2u.MatchMakingConstants/rowIds","System.Enum"
-1577232700,"Google2u","MatchMakingConstantsRow","Google2u.MatchMakingConstantsRow","System.Object"
-441774363,"Google2u","MatchMakingDeviation","Google2u.MatchMakingDeviation","Google2u.Google2uComponentBase"
44845162,"","rowIds","Google2u.MatchMakingDeviation/rowIds","System.Enum"
-1707660162,"Google2u","MatchMakingDeviationRow","Google2u.MatchMakingDeviationRow","System.Object"
-1071488366,"Google2u","Minigun_Avenger","Google2u.Minigun_Avenger","Google2u.Google2uComponentBase"
44845162,"","rowIds","Google2u.Minigun_Avenger/rowIds","System.Enum"
2143291176,"Google2u","Minigun_AvengerRow","Google2u.Minigun_AvengerRow","System.Object"
371799618,"Google2u","Minigun_Looper","Google2u.Minigun_Looper","Google2u.Google2uComponentBase"
44845162,"","rowIds","Google2u.Minigun_Looper/rowIds","System.Enum"
1119956352,"Google2u","Minigun_LooperRow","Google2u.Minigun_LooperRow","System.Object"
-133917111,"Google2u","Minigun_T9BM","Google2u.Minigun_T9BM","Google2u.Google2uComponentBase"
44845162,"","rowIds","Google2u.Minigun_T9BM/rowIds","System.Enum"
148633988,"Google2u","Minigun_T9BMRow","Google2u.Minigun_T9BMRow","System.Object"
-875709933,"Google2u","Minigun_TripleThreatBM","Google2u.Minigun_TripleThreatBM","Google2u.Google2uComponentBase"
44845162,"","rowIds","Google2u.Minigun_TripleThreatBM/rowIds","System.Enum"
1901523828,"Google2u","Minigun_TripleThreatBMRow","Google2u.Minigun_TripleThreatBMRow","System.Object"
-893131227,"Google2u","Minigun_Vindicator","Google2u.Minigun_Vindicator","Google2u.Google2uComponentBase"
44845162,"","rowIds","Google2u.Minigun_Vindicator/rowIds","System.Enum"
2122933562,"Google2u","Minigun_VindicatorRow","Google2u.Minigun_VindicatorRow","System.Object"
22933497,"Google2u","Missions","Google2u.Missions","Google2u.Google2uComponentBase"
44845162,"","rowIds","Google2u.Missions/rowIds","System.Enum"
-2110739313,"Google2u","MissionsConstants","Google2u.MissionsConstants","Google2u.Google2uComponentBase"
44845162,"","rowIds","Google2u.MissionsConstants/rowIds","System.Enum"
1387676331,"Google2u","MissionsConstantsRow","Google2u.MissionsConstantsRow","System.Object"
-1479611905,"Google2u","MissionsRewards","Google2u.MissionsRewards","Google2u.Google2uComponentBase"
44845162,"","rowIds","Google2u.MissionsRewards/rowIds","System.Enum"
-1799757187,"Google2u","MissionsRewardsRow","Google2u.MissionsRewardsRow","System.Object"
-1624607668,"Google2u","MissionsRow","Google2u.MissionsRow","System.Object"
-763760368,"Google2u","MissionsSettings","Google2u.MissionsSettings","Google2u.Google2uComponentBase"
44845162,"","rowIds","Google2u.MissionsSettings/rowIds","System.Enum"
-1727895919,"Google2u","MissionsSettingsRow","Google2u.MissionsSettingsRow","System.Object"
342782535,"Google2u","Packs","Google2u.Packs","Google2u.Google2uComponentBase"
44845162,"","rowIds","Google2u.Packs/rowIds","System.Enum"
-1345311308,"Google2u","PacksRow","Google2u.PacksRow","System.Object"
714943223,"Google2u","PiggyBank","Google2u.PiggyBank","Google2u.Google2uComponentBase"
44845162,"","rowIds","Google2u.PiggyBank/rowIds","System.Enum"
-317681972,"Google2u","PiggyBankRow","Google2u.PiggyBankRow","System.Object"
1931352215,"Google2u","Pistol_Berreta","Google2u.Pistol_Berreta","Google2u.Google2uComponentBase"
44845162,"","rowIds","Google2u.Pistol_Berreta/rowIds","System.Enum"
1294476987,"Google2u","Pistol_BerretaRow","Google2u.Pistol_BerretaRow","System.Object"
-2102842740,"Google2u","Pistol_DesertEagle","Google2u.Pistol_DesertEagle","Google2u.Google2uComponentBase"
44845162,"","rowIds","Google2u.Pistol_DesertEagle/rowIds","System.Enum"
2051859969,"Google2u","Pistol_DesertEagleRow","Google2u.Pistol_DesertEagleRow","System.Object"
-1311471799,"Google2u","Pistol_Jester","Google2u.Pistol_Jester","Google2u.Google2uComponentBase"
44845162,"","rowIds","Google2u.Pistol_Jester/rowIds","System.Enum"
1168064596,"Google2u","Pistol_JesterRow","Google2u.Pistol_JesterRow","System.Object"
-2464457,"Google2u","Pistol_M1911","Google2u.Pistol_M1911","Google2u.Google2uComponentBase"
44845162,"","rowIds","Google2u.Pistol_M1911/rowIds","System.Enum"
1514342807,"Google2u","Pistol_M1911Row","Google2u.Pistol_M1911Row","System.Object"
1992202161,"Google2u","Pistol_Magnum357","Google2u.Pistol_Magnum357","Google2u.Google2uComponentBase"
44845162,"","rowIds","Google2u.Pistol_Magnum357/rowIds","System.Enum"
-84500133,"Google2u","Pistol_Magnum357Row","Google2u.Pistol_Magnum357Row","System.Object"
-267651196,"Google2u","Pistol_P320","Google2u.Pistol_P320","Google2u.Google2uComponentBase"
44845162,"","rowIds","Google2u.Pistol_P320/rowIds","System.Enum"
-1880407968,"Google2u","Pistol_P320Row","Google2u.Pistol_P320Row","System.Object"
947936241,"Google2u","Pistol_Remmington51","Google2u.Pistol_Remmington51","Google2u.Google2uComponentBase"
44845162,"","rowIds","Google2u.Pistol_Remmington51/rowIds","System.Enum"
607234666,"Google2u","Pistol_Remmington51Row","Google2u.Pistol_Remmington51Row","System.Object"
708063224,"Google2u","PlayerBotDiffculties","Google2u.PlayerBotDiffculties","Google2u.Google2uComponentBase"
44845162,"","rowIds","Google2u.PlayerBotDiffculties/rowIds","System.Enum"
416896691,"Google2u","PlayerBotDiffcultiesRow","Google2u.PlayerBotDiffcultiesRow","System.Object"
752197712,"Google2u","PlayerBots","Google2u.PlayerBots","Google2u.Google2uComponentBase"
44845162,"","rowIds","Google2u.PlayerBots/rowIds","System.Enum"
-1548813662,"Google2u","PlayerBotsRow","Google2u.PlayerBotsRow","System.Object"
1931508018,"Google2u","PlayerLeaderboards","Google2u.PlayerLeaderboards","Google2u.Google2uComponentBase"
44845162,"","rowIds","Google2u.PlayerLeaderboards/rowIds","System.Enum"
-1615186751,"Google2u","PlayerLeaderboardsRow","Google2u.PlayerLeaderboardsRow","System.Object"
-1910696653,"Google2u","PlayerVisuals","Google2u.PlayerVisuals","Google2u.Google2uComponentBase"
44845162,"","rowIds","Google2u.PlayerVisuals/rowIds","System.Enum"
-1853045717,"Google2u","PlayerVisualsRarities","Google2u.PlayerVisualsRarities","Google2u.Google2uComponentBase"
44845162,"","rowIds","Google2u.PlayerVisualsRarities/rowIds","System.Enum"
-970093996,"Google2u","PlayerVisualsRaritiesRow","Google2u.PlayerVisualsRaritiesRow","System.Object"
-1421800303,"Google2u","PlayerVisualsRow","Google2u.PlayerVisualsRow","System.Object"
-1687944224,"Google2u","Prestige","Google2u.Prestige","Google2u.Google2uComponentBase"
44845162,"","rowIds","Google2u.Prestige/rowIds","System.Enum"
-417436804,"Google2u","PrestigeRow","Google2u.PrestigeRow","System.Object"
-1319481033,"Google2u","PulseRifle_Grade1","Google2u.PulseRifle_Grade1","Google2u.Google2uComponentBase"
44845162,"","rowIds","Google2u.PulseRifle_Grade1/rowIds","System.Enum"
-32923877,"Google2u","PulseRifle_Grade1BM","Google2u.PulseRifle_Grade1BM","Google2u.Google2uComponentBase"
44845162,"","rowIds","Google2u.PulseRifle_Grade1BM/rowIds","System.Enum"
1815305295,"Google2u","PulseRifle_Grade1BMRow","Google2u.PulseRifle_Grade1BMRow","System.Object"
-1707058319,"Google2u","PulseRifle_Grade1Row","Google2u.PulseRifle_Grade1Row","System.Object"
522002711,"Google2u","PulseRifle_Grade2","Google2u.PulseRifle_Grade2","Google2u.Google2uComponentBase"
44845162,"","rowIds","Google2u.PulseRifle_Grade2/rowIds","System.Enum"
-1838782545,"Google2u","PulseRifle_Grade2BM","Google2u.PulseRifle_Grade2BM","Google2u.Google2uComponentBase"
44845162,"","rowIds","Google2u.PulseRifle_Grade2BM/rowIds","System.Enum"
1008681052,"Google2u","PulseRifle_Grade2BMRow","Google2u.PulseRifle_Grade2BMRow","System.Object"
2085651254,"Google2u","PulseRifle_Grade2Row","Google2u.PulseRifle_Grade2Row","System.Object"
-1437658455,"Google2u","PulseRifle_Grade3","Google2u.PulseRifle_Grade3","Google2u.Google2uComponentBase"
44845162,"","rowIds","Google2u.PulseRifle_Grade3/rowIds","System.Enum"
-968175629,"Google2u","PulseRifle_Grade3BM","Google2u.PulseRifle_Grade3BM","Google2u.Google2uComponentBase"
44845162,"","rowIds","Google2u.PulseRifle_Grade3BM/rowIds","System.Enum"
1858059001,"Google2u","PulseRifle_Grade3BMRow","Google2u.PulseRifle_Grade3BMRow","System.Object"
178081236,"Google2u","PulseRifle_Grade3Row","Google2u.PulseRifle_Grade3Row","System.Object"
302432543,"Google2u","PulseRifle_Grade4","Google2u.PulseRifle_Grade4","Google2u.Google2uComponentBase"
44845162,"","rowIds","Google2u.PulseRifle_Grade4/rowIds","System.Enum"
-1086775053,"Google2u","PulseRifle_Grade4BM","Google2u.PulseRifle_Grade4BM","Google2u.Google2uComponentBase"
44845162,"","rowIds","Google2u.PulseRifle_Grade4BM/rowIds","System.Enum"
-912185193,"Google2u","PulseRifle_Grade4BMRow","Google2u.PulseRifle_Grade4BMRow","System.Object"
-581028810,"Google2u","PulseRifle_Grade4Row","Google2u.PulseRifle_Grade4Row","System.Object"
-206113936,"Google2u","PulseRifle_Grade5","Google2u.PulseRifle_Grade5","Google2u.Google2uComponentBase"
44845162,"","rowIds","Google2u.PulseRifle_Grade5/rowIds","System.Enum"
1259107337,"Google2u","PulseRifle_Grade5BM","Google2u.PulseRifle_Grade5BM","Google2u.Google2uComponentBase"
44845162,"","rowIds","Google2u.PulseRifle_Grade5BM/rowIds","System.Enum"
-1333652383,"Google2u","PulseRifle_Grade5BMRow","Google2u.PulseRifle_Grade5BMRow","System.Object"
-1206614771,"Google2u","PulseRifle_Grade5Row","Google2u.PulseRifle_Grade5Row","System.Object"
-1169400872,"Google2u","PulseRifle_Grade6","Google2u.PulseRifle_Grade6","Google2u.Google2uComponentBase"
44845162,"","rowIds","Google2u.PulseRifle_Grade6/rowIds","System.Enum"
808132109,"Google2u","PulseRifle_Grade6BM","Google2u.PulseRifle_Grade6BM","Google2u.Google2uComponentBase"
44845162,"","rowIds","Google2u.PulseRifle_Grade6BM/rowIds","System.Enum"
-1284511339,"Google2u","PulseRifle_Grade6BMRow","Google2u.PulseRifle_Grade6BMRow","System.Object"
-1551542297,"Google2u","PulseRifle_Grade6Row","Google2u.PulseRifle_Grade6Row","System.Object"
-704194337,"Google2u","PulseRifle_Grade7","Google2u.PulseRifle_Grade7","Google2u.Google2uComponentBase"
44845162,"","rowIds","Google2u.PulseRifle_Grade7/rowIds","System.Enum"
-1869434317,"Google2u","PulseRifle_Grade7BM","Google2u.PulseRifle_Grade7BM","Google2u.Google2uComponentBase"
44845162,"","rowIds","Google2u.PulseRifle_Grade7BM/rowIds","System.Enum"
2053911905,"Google2u","PulseRifle_Grade7BMRow","Google2u.PulseRifle_Grade7BMRow","System.Object"
72235003,"Google2u","PulseRifle_Grade7Row","Google2u.PulseRifle_Grade7Row","System.Object"
-1886664197,"Google2u","PulseRifle_Grade8","Google2u.PulseRifle_Grade8","Google2u.Google2uComponentBase"
44845162,"","rowIds","Google2u.PulseRifle_Grade8/rowIds","System.Enum"
-1151098601,"Google2u","PulseRifle_Grade8BM","Google2u.PulseRifle_Grade8BM","Google2u.Google2uComponentBase"
44845162,"","rowIds","Google2u.PulseRifle_Grade8BM/rowIds","System.Enum"
-1520026125,"Google2u","PulseRifle_Grade8BMRow","Google2u.PulseRifle_Grade8BMRow","System.Object"
-954094772,"Google2u","PulseRifle_Grade8Row","Google2u.PulseRifle_Grade8Row","System.Object"
-54374481,"Google2u","PulseRifle_PR9","Google2u.PulseRifle_PR9","Google2u.Google2uComponentBase"
44845162,"","rowIds","Google2u.PulseRifle_PR9/rowIds","System.Enum"
-127968041,"Google2u","PulseRifle_PR9BM","Google2u.PulseRifle_PR9BM","Google2u.Google2uComponentBase"
44845162,"","rowIds","Google2u.PulseRifle_PR9BM/rowIds","System.Enum"
537014159,"Google2u","PulseRifle_PR9BMRow","Google2u.PulseRifle_PR9BMRow","System.Object"
-581473528,"Google2u","PulseRifle_PR9Row","Google2u.PulseRifle_PR9Row","System.Object"
-1829535190,"Google2u","SMG_Apollo","Google2u.SMG_Apollo","Google2u.Google2uComponentBase"
44845162,"","rowIds","Google2u.SMG_Apollo/rowIds","System.Enum"
529056760,"Google2u","SMG_ApolloBM","Google2u.SMG_ApolloBM","Google2u.Google2uComponentBase"
44845162,"","rowIds","Google2u.SMG_ApolloBM/rowIds","System.Enum"
-1207137961,"Google2u","SMG_ApolloBMRow","Google2u.SMG_ApolloBMRow","System.Object"
-2000028780,"Google2u","SMG_ApolloRow","Google2u.SMG_ApolloRow","System.Object"
-751904119,"Google2u","SMG_Apollo_elite","Google2u.SMG_Apollo_elite","Google2u.Google2uComponentBase"
44845162,"","rowIds","Google2u.SMG_Apollo_elite/rowIds","System.Enum"
-84351050,"Google2u","SMG_Apollo_eliteRow","Google2u.SMG_Apollo_eliteRow","System.Object"
-2099629775,"Google2u","SMG_CPW","Google2u.SMG_CPW","Google2u.Google2uComponentBase"
44845162,"","rowIds","Google2u.SMG_CPW/rowIds","System.Enum"
1149052760,"Google2u","SMG_CPWBM","Google2u.SMG_CPWBM","Google2u.Google2uComponentBase"
44845162,"","rowIds","Google2u.SMG_CPWBM/rowIds","System.Enum"
-499390175,"Google2u","SMG_CPWBMRow","Google2u.SMG_CPWBMRow","System.Object"
-2124310788,"Google2u","SMG_CPWElite","Google2u.SMG_CPWElite","Google2u.Google2uComponentBase"
44845162,"","rowIds","Google2u.SMG_CPWElite/rowIds","System.Enum"
-1089347958,"Google2u","SMG_CPWEliteRow","Google2u.SMG_CPWEliteRow","System.Object"
-553724332,"Google2u","SMG_CPWRow","Google2u.SMG_CPWRow","System.Object"
690817243,"Google2u","SMG_MP5","Google2u.SMG_MP5","Google2u.Google2uComponentBase"
44845162,"","rowIds","Google2u.SMG_MP5/rowIds","System.Enum"
1456939508,"Google2u","SMG_MP5BM","Google2u.SMG_MP5BM","Google2u.Google2uComponentBase"
44845162,"","rowIds","Google2u.SMG_MP5BM/rowIds","System.Enum"
158951138,"Google2u","SMG_MP5BMRow","Google2u.SMG_MP5BMRow","System.Object"
-769258750,"Google2u","SMG_MP5Row","Google2u.SMG_MP5Row","System.Object"
-728398622,"Google2u","SMG_MP5_elite","Google2u.SMG_MP5_elite","Google2u.Google2uComponentBase"
44845162,"","rowIds","Google2u.SMG_MP5_elite/rowIds","System.Enum"
966608589,"Google2u","SMG_MP5_eliteRow","Google2u.SMG_MP5_eliteRow","System.Object"
615743033,"Google2u","SMG_MP7","Google2u.SMG_MP7","Google2u.Google2uComponentBase"
44845162,"","rowIds","Google2u.SMG_MP7/rowIds","System.Enum"
-753263397,"Google2u","SMG_MP7BM","Google2u.SMG_MP7BM","Google2u.Google2uComponentBase"
44845162,"","rowIds","Google2u.SMG_MP7BM/rowIds","System.Enum"
1345309836,"Google2u","SMG_MP7BMRow","Google2u.SMG_MP7BMRow","System.Object"
1898983191,"Google2u","SMG_MP7Row","Google2u.SMG_MP7Row","System.Object"
-996824329,"Google2u","SMG_P90","Google2u.SMG_P90","Google2u.Google2uComponentBase"
44845162,"","rowIds","Google2u.SMG_P90/rowIds","System.Enum"
-848773346,"Google2u","SMG_P90BM","Google2u.SMG_P90BM","Google2u.Google2uComponentBase"
44845162,"","rowIds","Google2u.SMG_P90BM/rowIds","System.Enum"
-761716980,"Google2u","SMG_P90BMRow","Google2u.SMG_P90BMRow","System.Object"
-342673131,"Google2u","SMG_P90Elite","Google2u.SMG_P90Elite","Google2u.Google2uComponentBase"
44845162,"","rowIds","Google2u.SMG_P90Elite/rowIds","System.Enum"
-2070066281,"Google2u","SMG_P90EliteRow","Google2u.SMG_P90EliteRow","System.Object"
1539859541,"Google2u","SMG_P90Row","Google2u.SMG_P90Row","System.Object"
-1198900895,"Google2u","SMG_ST8","Google2u.SMG_ST8","Google2u.Google2uComponentBase"
44845162,"","rowIds","Google2u.SMG_ST8/rowIds","System.Enum"
1121130539,"Google2u","SMG_ST8BM","Google2u.SMG_ST8BM","Google2u.Google2uComponentBase"
44845162,"","rowIds","Google2u.SMG_ST8BM/rowIds","System.Enum"
-1016083003,"Google2u","SMG_ST8BMRow","Google2u.SMG_ST8BMRow","System.Object"
2006946604,"Google2u","SMG_ST8Row","Google2u.SMG_ST8Row","System.Object"
-1055483488,"Google2u","SMG_ST9","Google2u.SMG_ST9","Google2u.Google2uComponentBase"
44845162,"","rowIds","Google2u.SMG_ST9/rowIds","System.Enum"
308197891,"Google2u","SMG_ST9BM","Google2u.SMG_ST9BM","Google2u.Google2uComponentBase"
44845162,"","rowIds","Google2u.SMG_ST9BM/rowIds","System.Enum"
16844844,"Google2u","SMG_ST9BMRow","Google2u.SMG_ST9BMRow","System.Object"
1131224940,"Google2u","SMG_ST9Row","Google2u.SMG_ST9Row","System.Object"
370084005,"Google2u","SMG_UMP45","Google2u.SMG_UMP45","Google2u.Google2uComponentBase"
44845162,"","rowIds","Google2u.SMG_UMP45/rowIds","System.Enum"
-1421058659,"Google2u","SMG_UMP45BM","Google2u.SMG_UMP45BM","Google2u.Google2uComponentBase"
44845162,"","rowIds","Google2u.SMG_UMP45BM/rowIds","System.Enum"
1953586036,"Google2u","SMG_UMP45BMRow","Google2u.SMG_UMP45BMRow","System.Object"
1013958416,"Google2u","SMG_UMP45Row","Google2u.SMG_UMP45Row","System.Object"
-1314745883,"Google2u","SMG_Vector","Google2u.SMG_Vector","Google2u.Google2uComponentBase"
44845162,"","rowIds","Google2u.SMG_Vector/rowIds","System.Enum"
-981418290,"Google2u","SMG_VectorBM","Google2u.SMG_VectorBM","Google2u.Google2uComponentBase"
44845162,"","rowIds","Google2u.SMG_VectorBM/rowIds","System.Enum"
-553814389,"Google2u","SMG_VectorBMRow","Google2u.SMG_VectorBMRow","System.Object"
159189663,"Google2u","SMG_VectorRow","Google2u.SMG_VectorRow","System.Object"
20263891,"Google2u","Shields","Google2u.Shields","Google2u.Google2uComponentBase"
44845162,"","rowIds","Google2u.Shields/rowIds","System.Enum"
-1107965921,"Google2u","ShieldsRow","Google2u.ShieldsRow","System.Object"
-317545271,"Google2u","Shotgun_AA12","Google2u.Shotgun_AA12","Google2u.Google2uComponentBase"
44845162,"","rowIds","Google2u.Shotgun_AA12/rowIds","System.Enum"
1048667922,"Google2u","Shotgun_AA12BM","Google2u.Shotgun_AA12BM","Google2u.Google2uComponentBase"
44845162,"","rowIds","Google2u.Shotgun_AA12BM/rowIds","System.Enum"
722067019,"Google2u","Shotgun_AA12BMRow","Google2u.Shotgun_AA12BMRow","System.Object"
-710536136,"Google2u","Shotgun_AA12Row","Google2u.Shotgun_AA12Row","System.Object"
-103675016,"Google2u","Shotgun_Benelli","Google2u.Shotgun_Benelli","Google2u.Google2uComponentBase"
44845162,"","rowIds","Google2u.Shotgun_Benelli/rowIds","System.Enum"
1066653430,"Google2u","Shotgun_BenelliBM","Google2u.Shotgun_BenelliBM","Google2u.Google2uComponentBase"
44845162,"","rowIds","Google2u.Shotgun_BenelliBM/rowIds","System.Enum"
-1149831715,"Google2u","Shotgun_BenelliBMRow","Google2u.Shotgun_BenelliBMRow","System.Object"
-177567499,"Google2u","Shotgun_BenelliRow","Google2u.Shotgun_BenelliRow","System.Object"
142751681,"Google2u","Shotgun_BenelliSP","Google2u.Shotgun_BenelliSP","Google2u.Google2uComponentBase"
44845162,"","rowIds","Google2u.Shotgun_BenelliSP/rowIds","System.Enum"
1955804343,"Google2u","Shotgun_BenelliSPRow","Google2u.Shotgun_BenelliSPRow","System.Object"
-2081510514,"Google2u","Shotgun_Blackhand","Google2u.Shotgun_Blackhand","Google2u.Google2uComponentBase"
44845162,"","rowIds","Google2u.Shotgun_Blackhand/rowIds","System.Enum"
572823966,"Google2u","Shotgun_BlackhandBM","Google2u.Shotgun_BlackhandBM","Google2u.Google2uComponentBase"
44845162,"","rowIds","Google2u.Shotgun_BlackhandBM/rowIds","System.Enum"
760672032,"Google2u","Shotgun_BlackhandBMRow","Google2u.Shotgun_BlackhandBMRow","System.Object"
897435787,"Google2u","Shotgun_BlackhandRow","Google2u.Shotgun_BlackhandRow","System.Object"
-848373611,"Google2u","Shotgun_DP12","Google2u.Shotgun_DP12","Google2u.Google2uComponentBase"
44845162,"","rowIds","Google2u.Shotgun_DP12/rowIds","System.Enum"
-2056216947,"Google2u","Shotgun_DP12BM","Google2u.Shotgun_DP12BM","Google2u.Google2uComponentBase"
44845162,"","rowIds","Google2u.Shotgun_DP12BM/rowIds","System.Enum"
-657133348,"Google2u","Shotgun_DP12BMRow","Google2u.Shotgun_DP12BMRow","System.Object"
131412949,"Google2u","Shotgun_DP12Elite","Google2u.Shotgun_DP12Elite","Google2u.Google2uComponentBase"
44845162,"","rowIds","Google2u.Shotgun_DP12Elite/rowIds","System.Enum"
96863954,"Google2u","Shotgun_DP12EliteRow","Google2u.Shotgun_DP12EliteRow","System.Object"
1390903189,"Google2u","Shotgun_DP12Row","Google2u.Shotgun_DP12Row","System.Object"
-2139171023,"Google2u","Shotgun_SGT8","Google2u.Shotgun_SGT8","Google2u.Google2uComponentBase"
44845162,"","rowIds","Google2u.Shotgun_SGT8/rowIds","System.Enum"
2107797854,"Google2u","Shotgun_SGT8BM","Google2u.Shotgun_SGT8BM","Google2u.Google2uComponentBase"
44845162,"","rowIds","Google2u.Shotgun_SGT8BM/rowIds","System.Enum"
-1329992416,"Google2u","Shotgun_SGT8BMRow","Google2u.Shotgun_SGT8BMRow","System.Object"
-264088871,"Google2u","Shotgun_SGT8Row","Google2u.Shotgun_SGT8Row","System.Object"
-1923597303,"Google2u","Shotgun_SGT9","Google2u.Shotgun_SGT9","Google2u.Google2uComponentBase"
44845162,"","rowIds","Google2u.Shotgun_SGT9/rowIds","System.Enum"
1078075106,"Google2u","Shotgun_SGT9BM","Google2u.Shotgun_SGT9BM","Google2u.Google2uComponentBase"
44845162,"","rowIds","Google2u.Shotgun_SGT9BM/rowIds","System.Enum"
981814097,"Google2u","Shotgun_SGT9BMRow","Google2u.Shotgun_SGT9BMRow","System.Object"
-1268062792,"Google2u","Shotgun_SGT9Row","Google2u.Shotgun_SGT9Row","System.Object"
1399104456,"Google2u","Shotgun_SPAS","Google2u.Shotgun_SPAS","Google2u.Google2uComponentBase"
44845162,"","rowIds","Google2u.Shotgun_SPAS/rowIds","System.Enum"
-478090773,"Google2u","Shotgun_SPASBM","Google2u.Shotgun_SPASBM","Google2u.Google2uComponentBase"
44845162,"","rowIds","Google2u.Shotgun_SPASBM/rowIds","System.Enum"
-1660207123,"Google2u","Shotgun_SPASBMRow","Google2u.Shotgun_SPASBMRow","System.Object"
-1807211961,"Google2u","Shotgun_SPASElite","Google2u.Shotgun_SPASElite","Google2u.Google2uComponentBase"
44845162,"","rowIds","Google2u.Shotgun_SPASElite/rowIds","System.Enum"
-657828962,"Google2u","Shotgun_SPASEliteRow","Google2u.Shotgun_SPASEliteRow","System.Object"
-775473958,"Google2u","Shotgun_SPASRow","Google2u.Shotgun_SPASRow","System.Object"
-548122126,"Google2u","Shotgun_Saiga","Google2u.Shotgun_Saiga","Google2u.Google2uComponentBase"
44845162,"","rowIds","Google2u.Shotgun_Saiga/rowIds","System.Enum"
1050889838,"Google2u","Shotgun_SaigaBM","Google2u.Shotgun_SaigaBM","Google2u.Google2uComponentBase"
44845162,"","rowIds","Google2u.Shotgun_SaigaBM/rowIds","System.Enum"
800335826,"Google2u","Shotgun_SaigaBMRow","Google2u.Shotgun_SaigaBMRow","System.Object"
-276424295,"Google2u","Shotgun_SaigaElite","Google2u.Shotgun_SaigaElite","Google2u.Google2uComponentBase"
44845162,"","rowIds","Google2u.Shotgun_SaigaElite/rowIds","System.Enum"
1911105796,"Google2u","Shotgun_SaigaEliteRow","Google2u.Shotgun_SaigaEliteRow","System.Object"
1333416482,"Google2u","Shotgun_SaigaRow","Google2u.Shotgun_SaigaRow","System.Object"
-452782372,"Google2u","Shotgun_SawnOff","Google2u.Shotgun_SawnOff","Google2u.Google2uComponentBase"
44845162,"","rowIds","Google2u.Shotgun_SawnOff/rowIds","System.Enum"
1719900230,"Google2u","Shotgun_SawnOffBM","Google2u.Shotgun_SawnOffBM","Google2u.Google2uComponentBase"
44845162,"","rowIds","Google2u.Shotgun_SawnOffBM/rowIds","System.Enum"
-1425077224,"Google2u","Shotgun_SawnOffBMRow","Google2u.Shotgun_SawnOffBMRow","System.Object"
25410953,"Google2u","Shotgun_SawnOffRow","Google2u.Shotgun_SawnOffRow","System.Object"
-506265684,"Google2u","Shotgun_Striker","Google2u.Shotgun_Striker","Google2u.Google2uComponentBase"
44845162,"","rowIds","Google2u.Shotgun_Striker/rowIds","System.Enum"
-359810551,"Google2u","Shotgun_StrikerBM","Google2u.Shotgun_StrikerBM","Google2u.Google2uComponentBase"
44845162,"","rowIds","Google2u.Shotgun_StrikerBM/rowIds","System.Enum"
-94124291,"Google2u","Shotgun_StrikerBMRow","Google2u.Shotgun_StrikerBMRow","System.Object"
535341506,"Google2u","Shotgun_StrikerElite","Google2u.Shotgun_StrikerElite","Google2u.Google2uComponentBase"
44845162,"","rowIds","Google2u.Shotgun_StrikerElite/rowIds","System.Enum"
-36842020,"Google2u","Shotgun_StrikerEliteRow","Google2u.Shotgun_StrikerEliteRow","System.Object"
-1297627306,"Google2u","Shotgun_StrikerRow","Google2u.Shotgun_StrikerRow","System.Object"
293320685,"Google2u","Skillshots","Google2u.Skillshots","Google2u.Google2uComponentBase"
44845162,"","rowIds","Google2u.Skillshots/rowIds","System.Enum"
473933450,"Google2u","SkillshotsRow","Google2u.SkillshotsRow","System.Object"
996228984,"Google2u","SniperRifle_3Eyes","Google2u.SniperRifle_3Eyes","Google2u.Google2uComponentBase"
44845162,"","rowIds","Google2u.SniperRifle_3Eyes/rowIds","System.Enum"
-769467118,"Google2u","SniperRifle_3EyesBM","Google2u.SniperRifle_3EyesBM","Google2u.Google2uComponentBase"
44845162,"","rowIds","Google2u.SniperRifle_3EyesBM/rowIds","System.Enum"
1212516341,"Google2u","SniperRifle_3EyesBMRow","Google2u.SniperRifle_3EyesBMRow","System.Object"
279002967,"Google2u","SniperRifle_3EyesElite","Google2u.SniperRifle_3EyesElite","Google2u.Google2uComponentBase"
44845162,"","rowIds","Google2u.SniperRifle_3EyesElite/rowIds","System.Enum"
836112527,"Google2u","SniperRifle_3EyesEliteRow","Google2u.SniperRifle_3EyesEliteRow","System.Object"
-1871900121,"Google2u","SniperRifle_3EyesRow","Google2u.SniperRifle_3EyesRow","System.Object"
-2090556601,"Google2u","SniperRifle_AWMBM","Google2u.SniperRifle_AWMBM","Google2u.Google2uComponentBase"
44845162,"","rowIds","Google2u.SniperRifle_AWMBM/rowIds","System.Enum"
1874497930,"Google2u","SniperRifle_AWMBMRow","Google2u.SniperRifle_AWMBMRow","System.Object"
485110516,"Google2u","SniperRifle_AWMF","Google2u.SniperRifle_AWMF","Google2u.Google2uComponentBase"
44845162,"","rowIds","Google2u.SniperRifle_AWMF/rowIds","System.Enum"
339708683,"Google2u","SniperRifle_AWMFRow","Google2u.SniperRifle_AWMFRow","System.Object"
914490321,"Google2u","SniperRifle_Dragunov","Google2u.SniperRifle_Dragunov","Google2u.Google2uComponentBase"
44845162,"","rowIds","Google2u.SniperRifle_Dragunov/rowIds","System.Enum"
414699335,"Google2u","SniperRifle_DragunovBM","Google2u.SniperRifle_DragunovBM","Google2u.Google2uComponentBase"
44845162,"","rowIds","Google2u.SniperRifle_DragunovBM/rowIds","System.Enum"
-1612731494,"Google2u","SniperRifle_DragunovBMRow","Google2u.SniperRifle_DragunovBMRow","System.Object"
346653827,"Google2u","SniperRifle_DragunovElite","Google2u.SniperRifle_DragunovElite","Google2u.Google2uComponentBase"
44845162,"","rowIds","Google2u.SniperRifle_DragunovElite/rowIds","System.Enum"
-1281659370,"Google2u","SniperRifle_DragunovEliteRow","Google2u.SniperRifle_DragunovEliteRow","System.Object"
-161700190,"Google2u","SniperRifle_DragunovRow","Google2u.SniperRifle_DragunovRow","System.Object"
-440943782,"Google2u","SniperRifle_M110","Google2u.SniperRifle_M110","Google2u.Google2uComponentBase"
44845162,"","rowIds","Google2u.SniperRifle_M110/rowIds","System.Enum"
-952308951,"Google2u","SniperRifle_M110BM","Google2u.SniperRifle_M110BM","Google2u.Google2uComponentBase"
44845162,"","rowIds","Google2u.SniperRifle_M110BM/rowIds","System.Enum"
-1087321250,"Google2u","SniperRifle_M110BMRow","Google2u.SniperRifle_M110BMRow","System.Object"
-672578901,"Google2u","SniperRifle_M110Elite","Google2u.SniperRifle_M110Elite","Google2u.Google2uComponentBase"
44845162,"","rowIds","Google2u.SniperRifle_M110Elite/rowIds","System.Enum"
1531802838,"Google2u","SniperRifle_M110EliteRow","Google2u.SniperRifle_M110EliteRow","System.Object"
646588921,"Google2u","SniperRifle_M110Row","Google2u.SniperRifle_M110Row","System.Object"
1180856243,"Google2u","SniperRifle_M24","Google2u.SniperRifle_M24","Google2u.Google2uComponentBase"
44845162,"","rowIds","Google2u.SniperRifle_M24/rowIds","System.Enum"
2045420534,"Google2u","SniperRifle_M24BM","Google2u.SniperRifle_M24BM","Google2u.Google2uComponentBase"
44845162,"","rowIds","Google2u.SniperRifle_M24BM/rowIds","System.Enum"
-1197362407,"Google2u","SniperRifle_M24BMRow","Google2u.SniperRifle_M24BMRow","System.Object"
986629836,"Google2u","SniperRifle_M24Elite","Google2u.SniperRifle_M24Elite","Google2u.Google2uComponentBase"
44845162,"","rowIds","Google2u.SniperRifle_M24Elite/rowIds","System.Enum"
821608729,"Google2u","SniperRifle_M24EliteRow","Google2u.SniperRifle_M24EliteRow","System.Object"
-287566246,"Google2u","SniperRifle_M24Row","Google2u.SniperRifle_M24Row","System.Object"
1994690549,"Google2u","SniperRifle_M90","Google2u.SniperRifle_M90","Google2u.Google2uComponentBase"
44845162,"","rowIds","Google2u.SniperRifle_M90/rowIds","System.Enum"
-407149602,"Google2u","SniperRifle_M90BM","Google2u.SniperRifle_M90BM","Google2u.Google2uComponentBase"
44845162,"","rowIds","Google2u.SniperRifle_M90BM/rowIds","System.Enum"
1814922915,"Google2u","SniperRifle_M90BMRow","Google2u.SniperRifle_M90BMRow","System.Object"
-1476878219,"Google2u","SniperRifle_M90Elite","Google2u.SniperRifle_M90Elite","Google2u.Google2uComponentBase"
44845162,"","rowIds","Google2u.SniperRifle_M90Elite/rowIds","System.Enum"
-1416433399,"Google2u","SniperRifle_M90EliteRow","Google2u.SniperRifle_M90EliteRow","System.Object"
-804222702,"Google2u","SniperRifle_M90Row","Google2u.SniperRifle_M90Row","System.Object"
-1590553945,"Google2u","SniperRifle_MSR","Google2u.SniperRifle_MSR","Google2u.Google2uComponentBase"
44845162,"","rowIds","Google2u.SniperRifle_MSR/rowIds","System.Enum"
844085772,"Google2u","SniperRifle_MSRBM","Google2u.SniperRifle_MSRBM","Google2u.Google2uComponentBase"
44845162,"","rowIds","Google2u.SniperRifle_MSRBM/rowIds","System.Enum"
-1443436259,"Google2u","SniperRifle_MSRBMRow","Google2u.SniperRifle_MSRBMRow","System.Object"
847355674,"Google2u","SniperRifle_MSRRow","Google2u.SniperRifle_MSRRow","System.Object"
-1724954166,"Google2u","SniperRifle_SRT8","Google2u.SniperRifle_SRT8","Google2u.Google2uComponentBase"
44845162,"","rowIds","Google2u.SniperRifle_SRT8/rowIds","System.Enum"
1153446505,"Google2u","SniperRifle_SRT8BM","Google2u.SniperRifle_SRT8BM","Google2u.Google2uComponentBase"
44845162,"","rowIds","Google2u.SniperRifle_SRT8BM/rowIds","System.Enum"
-938849982,"Google2u","SniperRifle_SRT8BMRow","Google2u.SniperRifle_SRT8BMRow","System.Object"
824054409,"Google2u","SniperRifle_SRT8Row","Google2u.SniperRifle_SRT8Row","System.Object"
1890420000,"Google2u","SniperRifle_SRT9","Google2u.SniperRifle_SRT9","Google2u.Google2uComponentBase"
44845162,"","rowIds","Google2u.SniperRifle_SRT9/rowIds","System.Enum"
-150148550,"Google2u","SniperRifle_SRT9BM","Google2u.SniperRifle_SRT9BM","Google2u.Google2uComponentBase"
44845162,"","rowIds","Google2u.SniperRifle_SRT9BM/rowIds","System.Enum"
-1634924916,"Google2u","SniperRifle_SRT9BMRow","Google2u.SniperRifle_SRT9BMRow","System.Object"
-2027548159,"Google2u","SniperRifle_SRT9Row","Google2u.SniperRifle_SRT9Row","System.Object"
-1831053289,"Google2u","SpecialOperations","Google2u.SpecialOperations","Google2u.Google2uComponentBase"
44845162,"","rowIds","Google2u.SpecialOperations/rowIds","System.Enum"
743772046,"Google2u","SpecialOperationsRow","Google2u.SpecialOperationsRow","System.Object"
1357581261,"Google2u","SquadEmblems","Google2u.SquadEmblems","Google2u.Google2uComponentBase"
44845162,"","rowIds","Google2u.SquadEmblems/rowIds","System.Enum"
790652866,"Google2u","SquadEmblemsRow","Google2u.SquadEmblemsRow","System.Object"
1543785168,"Google2u","SquadLeaderboards","Google2u.SquadLeaderboards","Google2u.Google2uComponentBase"
44845162,"","rowIds","Google2u.SquadLeaderboards/rowIds","System.Enum"
-9952851,"Google2u","SquadLeaderboardsRow","Google2u.SquadLeaderboardsRow","System.Object"
349337512,"Google2u","SquadWarsReward","Google2u.SquadWarsReward","Google2u.Google2uComponentBase"
44845162,"","rowIds","Google2u.SquadWarsReward/rowIds","System.Enum"
-601214646,"Google2u","SquadWarsRewardRow","Google2u.SquadWarsRewardRow","System.Object"
-153149869,"Google2u","SquadWarsRewardV2","Google2u.SquadWarsRewardV2","Google2u.Google2uComponentBase"
44845162,"","rowIds","Google2u.SquadWarsRewardV2/rowIds","System.Enum"
1564416912,"Google2u","SquadWarsRewardV2Row","Google2u.SquadWarsRewardV2Row","System.Object"
-390416405,"Google2u","Squads","Google2u.Squads","Google2u.Google2uComponentBase"
44845162,"","rowIds","Google2u.Squads/rowIds","System.Enum"
132525718,"Google2u","SquadsRow","Google2u.SquadsRow","System.Object"
-90734418,"Google2u","StarterAssignments","Google2u.StarterAssignments","Google2u.Google2uComponentBase"
44845162,"","rowIds","Google2u.StarterAssignments/rowIds","System.Enum"
-1179273421,"Google2u","StarterAssignmentsRow","Google2u.StarterAssignmentsRow","System.Object"
3056874,"Google2u","StringConstants","Google2u.StringConstants","Google2u.Google2uComponentBase"
44845162,"","rowIds","Google2u.StringConstants/rowIds","System.Enum"
1599983680,"Google2u","StringConstantsRow","Google2u.StringConstantsRow","System.Object"
-1259801800,"Google2u","SuperSquadQualPoints","Google2u.SuperSquadQualPoints","Google2u.Google2uComponentBase"
44845162,"","rowIds","Google2u.SuperSquadQualPoints/rowIds","System.Enum"
-59149156,"Google2u","SuperSquadQualPointsRow","Google2u.SuperSquadQualPointsRow","System.Object"
1048833694,"Google2u","SuperchargedUnitEffects","Google2u.SuperchargedUnitEffects","Google2u.Google2uComponentBase"
44845162,"","rowIds","Google2u.SuperchargedUnitEffects/rowIds","System.Enum"
989334299,"Google2u","SuperchargedUnitEffectsRow","Google2u.SuperchargedUnitEffectsRow","System.Object"
1751986762,"Google2u","TaskDefinitions","Google2u.TaskDefinitions","Google2u.Google2uComponentBase"
44845162,"","rowIds","Google2u.TaskDefinitions/rowIds","System.Enum"
1213207621,"Google2u","TaskDefinitionsRow","Google2u.TaskDefinitionsRow","System.Object"
714238917,"Google2u","UnitsContants","Google2u.UnitsContants","Google2u.Google2uComponentBase"
44845162,"","rowIds","Google2u.UnitsContants/rowIds","System.Enum"
-1429448065,"Google2u","UnitsContantsRow","Google2u.UnitsContantsRow","System.Object"
-1622625403,"Google2u","UnitsInMissions","Google2u.UnitsInMissions","Google2u.Google2uComponentBase"
44845162,"","rowIds","Google2u.UnitsInMissions/rowIds","System.Enum"
-1813796256,"Google2u","UnitsInMissionsRow","Google2u.UnitsInMissionsRow","System.Object"
1620166625,"Google2u","VIP","Google2u.VIP","Google2u.Google2uComponentBase"
44845162,"","rowIds","Google2u.VIP/rowIds","System.Enum"
-558507791,"Google2u","VIPRow","Google2u.VIPRow","System.Object"
-377645209,"Google2u","Versions","Google2u.Versions","Google2u.Google2uComponentBase"
44845162,"","rowIds","Google2u.Versions/rowIds","System.Enum"
-1006168752,"Google2u","VersionsRow","Google2u.VersionsRow","System.Object"
1250932541,"Google2u","WarArenaParameters","Google2u.WarArenaParameters","Google2u.Google2uComponentBase"
44845162,"","rowIds","Google2u.WarArenaParameters/rowIds","System.Enum"
1830385393,"Google2u","WarArenaParametersRow","Google2u.WarArenaParametersRow","System.Object"
1519500670,"Google2u","Warbucks","Google2u.Warbucks","Google2u.Google2uComponentBase"
44845162,"","rowIds","Google2u.Warbucks/rowIds","System.Enum"
218367725,"Google2u","WarbucksRow","Google2u.WarbucksRow","System.Object"
-577826539,"Google2u","WeaponAugEffects","Google2u.WeaponAugEffects","Google2u.Google2uComponentBase"
44845162,"","rowIds","Google2u.WeaponAugEffects/rowIds","System.Enum"
1225001136,"Google2u","WeaponAugEffectsRow","Google2u.WeaponAugEffectsRow","System.Object"
-2001482349,"Google2u","WeaponAugLevels","Google2u.WeaponAugLevels","Google2u.Google2uComponentBase"
44845162,"","rowIds","Google2u.WeaponAugLevels/rowIds","System.Enum"
938864386,"Google2u","WeaponAugLevelsRow","Google2u.WeaponAugLevelsRow","System.Object"
2060628185,"Google2u","WeaponAugStatBonuses","Google2u.WeaponAugStatBonuses","Google2u.Google2uComponentBase"
44845162,"","rowIds","Google2u.WeaponAugStatBonuses/rowIds","System.Enum"
-533422019,"Google2u","WeaponAugStatBonusesRow","Google2u.WeaponAugStatBonusesRow","System.Object"
957449039,"Google2u","WeaponAugValues","Google2u.WeaponAugValues","Google2u.Google2uComponentBase"
44845162,"","rowIds","Google2u.WeaponAugValues/rowIds","System.Enum"
162089811,"Google2u","WeaponAugValuesRow","Google2u.WeaponAugValuesRow","System.Object"
-1772527854,"Google2u","WeaponFeatures","Google2u.WeaponFeatures","Google2u.Google2uComponentBase"
44845162,"","rowIds","Google2u.WeaponFeatures/rowIds","System.Enum"
576916342,"Google2u","WeaponFeaturesRow","Google2u.WeaponFeaturesRow","System.Object"
-882719500,"Google2u","WeaponUpgrades","Google2u.WeaponUpgrades","Google2u.Google2uComponentBase"
44845162,"","rowIds","Google2u.WeaponUpgrades/rowIds","System.Enum"
-98101879,"Google2u","WeaponUpgradesRow","Google2u.WeaponUpgradesRow","System.Object"
-464749174,"","GooglePlayDownloader","GooglePlayDownloader","System.Object"
2392164,"","GrayscaleEffect","GrayscaleEffect","ImageEffectBase"
79487534,"","HDScriptsChanger","HDScriptsChanger","UnityEngine.MonoBehaviour"
1410172439,"","CollectionEntry","HDScriptsChanger/CollectionEntry","System.Object"
2074218651,"","HSLColor","HSLColor","System.ValueType"
1201891619,"","HalfHelper","HalfHelper","System.Object"
224329501,"","Heap`1","Heap`1","System.Object"
-1619937803,"","HelpURL","HelpURL","System.Attribute"
-1741101413,"","HerdSimController","HerdSimController","UnityEngine.MonoBehaviour"
780902490,"","HerdSimCore","HerdSimCore","UnityEngine.MonoBehaviour"
747879629,"","HerdSimDisabler","HerdSimDisabler","UnityEngine.MonoBehaviour"
-1903268669,"","HerdSimScary","HerdSimScary","UnityEngine.MonoBehaviour"
1315745429,"","IAnalyticsService","IAnalyticsService",""
-841872469,"","IOnConnectedToMasterSubscriber","IOnConnectedToMasterSubscriber",""
-1762641632,"","IOnConnectedToPhotonSubscriber","IOnConnectedToPhotonSubscriber",""
-1867604221,"","IOnConnectionFailSubscriber","IOnConnectionFailSubscriber",""
-1176333716,"","IOnCreatedRoomSubscriber","IOnCreatedRoomSubscriber",""
-1642970663,"","IOnCustomAuthenticationFailedSubscriber","IOnCustomAuthenticationFailedSubscriber",""
791174406,"","IOnCustomAuthenticationResponseSubscriber","IOnCustomAuthenticationResponseSubscriber",""
1608281112,"","IOnDisconnectedFromPhotonSubscriber","IOnDisconnectedFromPhotonSubscriber",""
845279401,"","IOnFailedToConnectToPhotonSubscriber","IOnFailedToConnectToPhotonSubscriber",""
-83198777,"","IOnJoinedLobbySubscriber","IOnJoinedLobbySubscriber",""
638409933,"","IOnJoinedRoomSubscriber","IOnJoinedRoomSubscriber",""
1469874639,"","IOnLeftLobbySubscriber","IOnLeftLobbySubscriber",""
-843399555,"","IOnLeftRoomSubscriber","IOnLeftRoomSubscriber",""
1199378108,"","IOnLobbyStatisticsUpdateSubscriber","IOnLobbyStatisticsUpdateSubscriber",""
-1908122108,"","IOnMasterClientSwitchedSubscriber","IOnMasterClientSwitchedSubscriber",""
-2138900911,"","IOnOwnershipRequestSubscriber","IOnOwnershipRequestSubscriber",""
-1079018340,"","IOnPhotonCreateRoomFailedSubscriber","IOnPhotonCreateRoomFailedSubscriber",""
651367431,"","IOnPhotonCustomRoomPropertiesChangedSubscriber","IOnPhotonCustomRoomPropertiesChangedSubscriber",""
-619408049,"","IOnPhotonInstantiateSubscriber","IOnPhotonInstantiateSubscriber",""
1637778206,"","IOnPhotonJoinRoomFailedSubscriber","IOnPhotonJoinRoomFailedSubscriber",""
-853037768,"","IOnPhotonMaxCccuReachedSubscriber","IOnPhotonMaxCccuReachedSubscriber",""
1068616024,"","IOnPhotonPlayerConnectedSubscriber","IOnPhotonPlayerConnectedSubscriber",""
-473702770,"","IOnPhotonPlayerDisconnectedSubscriber","IOnPhotonPlayerDisconnectedSubscriber",""
1610642171,"","IOnPhotonPlayerPropertiesChangedSubscriber","IOnPhotonPlayerPropertiesChangedSubscriber",""
-1025668675,"","IOnPhotonRandomJoinFailedSubscriber","IOnPhotonRandomJoinFailedSubscriber",""
689950198,"","IOnPhotonSerializeViewSubscriber","IOnPhotonSerializeViewSubscriber",""
1895274080,"","IOnReceivedRoomListUpdateSubscriber","IOnReceivedRoomListUpdateSubscriber",""
-16585929,"","IOnUpdatedFriendListSubscriber","IOnUpdatedFriendListSubscriber",""
416413947,"","IOnWebRpcResponseSubscriber","IOnWebRpcResponseSubscriber",""
-1909985485,"","IPhotonEventSubscriber","IPhotonEventSubscriber",""
-145543856,"","IPunObservable","IPunObservable",""
-567178354,"","IPunPrefabPool","IPunPrefabPool",""
1706123590,"","IgnoreTimeScale","IgnoreTimeScale","UnityEngine.MonoBehaviour"
2132892220,"","ImageEffectBase","ImageEffectBase","UnityEngine.MonoBehaviour"
-278879311,"","ImageEffects","ImageEffects","System.Object"
-933420646,"","InputController","InputController","Singleton`1<InputController>"
-1297088023,"","RawSwipeInputController","InputController/RawSwipeInputController","System.Object"
158839759,"","JoinMode","JoinMode","System.Enum"
-135240318,"","JoinType","JoinType","System.Enum"
1713396235,"","Language","Language","System.Enum"
-203146866,"","LanguageProperties","LanguageProperties","System.Object"
2145343849,"","LanguageSelection","LanguageSelection","UnityEngine.MonoBehaviour"
-1968489328,"","LaserRenderer","LaserRenderer","UnityEngine.MonoBehaviour"
1274179095,"LitJson","ArrayMetadata","LitJson.ArrayMetadata","System.ValueType"
-454214312,"LitJson","Condition","LitJson.Condition","System.Enum"
-1732440429,"LitJson","ExporterFunc","LitJson.ExporterFunc","System.MulticastDelegate"
715645803,"LitJson","ExporterFunc`1","LitJson.ExporterFunc`1","System.MulticastDelegate"
186086577,"LitJson","FsmContext","LitJson.FsmContext","System.Object"
-1120803681,"LitJson","IJsonWrapper","LitJson.IJsonWrapper",""
-1427487711,"LitJson","IOrderedDictionary","LitJson.IOrderedDictionary",""
-1157463748,"LitJson","ImporterFunc","LitJson.ImporterFunc","System.MulticastDelegate"
1172770179,"LitJson","ImporterFunc`2","LitJson.ImporterFunc`2","System.MulticastDelegate"
-872595945,"LitJson","JsonData","LitJson.JsonData","System.Object"
1299659844,"LitJson","JsonException","LitJson.JsonException","System.Exception"
36447149,"LitJson","JsonMapper","LitJson.JsonMapper","System.Object"
-2057008898,"","<>c","LitJson.JsonMapper/<>c","System.Object"
-567302762,"","<>c__DisplayClass40_0`1","LitJson.JsonMapper/<>c__DisplayClass40_0`1","System.Object"
-619836589,"","<>c__DisplayClass41_0`2","LitJson.JsonMapper/<>c__DisplayClass41_0`2","System.Object"
655624414,"LitJson","JsonMockWrapper","LitJson.JsonMockWrapper","System.Object"
1240914928,"LitJson","JsonReader","LitJson.JsonReader","System.Object"
-1052262769,"LitJson","JsonToken","LitJson.JsonToken","System.Enum"
1301818376,"LitJson","JsonType","LitJson.JsonType","System.Enum"
1352818192,"LitJson","JsonWriter","LitJson.JsonWriter","System.Object"
382794072,"LitJson","Lexer","LitJson.Lexer","System.Object"
-964096783,"","StateHandler","LitJson.Lexer/StateHandler","System.MulticastDelegate"
1579357865,"LitJson","ObjectMetadata","LitJson.ObjectMetadata","System.ValueType"
-146602772,"LitJson","OrderedDictionaryEnumerator","LitJson.OrderedDictionaryEnumerator","System.Object"
-1980056772,"LitJson","ParserToken","LitJson.ParserToken","System.Enum"
1385097475,"LitJson","PropertyMetadata","LitJson.PropertyMetadata","System.ValueType"
-446512456,"LitJson","WrapperFactory","LitJson.WrapperFactory","System.MulticastDelegate"
-161398013,"LitJson","WriterContext","LitJson.WriterContext","System.Object"
-989978936,"","LoadBalancingPeer","LoadBalancingPeer","ExitGames.Client.Photon.PhotonPeer"
-2007351323,"","LobbyType","LobbyType","System.Enum"
1157626569,"","Localization","Localization","UnityEngine.MonoBehaviour"
-1504213245,"","LockRotation","LockRotation","Core_BaseScript"
813173434,"","Logs","Logs","Singleton`1<Logs>"
-660880443,"","LogEntry","Logs/LogEntry","System.Object"
-1770165566,"","MainSceneRoot","MainSceneRoot","Singleton`1<MainSceneRoot>"
-1285519279,"","MatchmakingMode","MatchmakingMode","System.Enum"
952062836,"","MaxHeap`1","MaxHeap`1","Heap`1<T>"
-539553553,"","MinHeap`1","MinHeap`1","Heap`1<T>"
-1642889789,"","MouseOrbitImproved","MouseOrbitImproved","UnityEngine.MonoBehaviour"
-741723970,"","MultiDim","MultiDim","System.Object"
-2070503519,"","MyDebug","MyDebug","System.Object"
393202946,"","NGUIMath","NGUIMath","System.Object"
-314975584,"","NGUITools","NGUITools","System.Object"
-307054188,"","NetworkingPeer","NetworkingPeer","LoadBalancingPeer"
469979025,"","NoodlePermissionGranter","NoodlePermissionGranter","UnityEngine.MonoBehaviour"
961519930,"","NoodleAndroidPermission","NoodlePermissionGranter/NoodleAndroidPermission","System.Enum"
1599035160,"","NotificationsAndroid","NotificationsAndroid","System.Object"
72043183,"","OSPlatformEnabler","OSPlatformEnabler","UnityEngine.MonoBehaviour"
967658404,"","OSType","OSPlatformEnabler/OSType","System.Enum"
1611373152,"","OnSerializeRigidBody","OnSerializeRigidBody","System.Enum"
1581512263,"","OnSerializeTransform","OnSerializeTransform","System.Enum"
-441122006,"","OnTouchDown","OnTouchDown","UnityEngine.MonoBehaviour"
-1981319518,"","OpJoinRandomRoomParams","OpJoinRandomRoomParams","System.Object"
-620784391,"","OperationCode","OperationCode","System.Object"
-1039849064,"Org.BouncyCastle.Asn1.Anssi","AnssiNamedCurves","Org.BouncyCastle.Asn1.Anssi.AnssiNamedCurves","System.Object"
-278619447,"","Frp256v1Holder","Org.BouncyCastle.Asn1.Anssi.AnssiNamedCurves/Frp256v1Holder","Org.BouncyCastle.Asn1.X9.X9ECParametersHolder"
903473753,"Org.BouncyCastle.Asn1.Anssi","AnssiObjectIdentifiers","Org.BouncyCastle.Asn1.Anssi.AnssiObjectIdentifiers","System.Object"
-155628450,"Org.BouncyCastle.Asn1","Asn1Encodable","Org.BouncyCastle.Asn1.Asn1Encodable","System.Object"
-1749466722,"Org.BouncyCastle.Asn1","Asn1EncodableVector","Org.BouncyCastle.Asn1.Asn1EncodableVector","System.Object"
-156257956,"Org.BouncyCastle.Asn1","Asn1Exception","Org.BouncyCastle.Asn1.Asn1Exception","System.IO.IOException"
1773153430,"Org.BouncyCastle.Asn1","Asn1Generator","Org.BouncyCastle.Asn1.Asn1Generator","System.Object"
-361719475,"Org.BouncyCastle.Asn1","Asn1InputStream","Org.BouncyCastle.Asn1.Asn1InputStream","Org.BouncyCastle.Asn1.Utilities.FilterStream"
1663426339,"Org.BouncyCastle.Asn1","Asn1Null","Org.BouncyCastle.Asn1.Asn1Null","Org.BouncyCastle.Asn1.Asn1Object"
-766255074,"Org.BouncyCastle.Asn1","Asn1Object","Org.BouncyCastle.Asn1.Asn1Object","Org.BouncyCastle.Asn1.Asn1Encodable"
1695488483,"Org.BouncyCastle.Asn1","Asn1OctetString","Org.BouncyCastle.Asn1.Asn1OctetString","Org.BouncyCastle.Asn1.Asn1Object"
-828874939,"Org.BouncyCastle.Asn1","Asn1OctetStringParser","Org.BouncyCastle.Asn1.Asn1OctetStringParser",""
1486708667,"Org.BouncyCastle.Asn1","Asn1OutputStream","Org.BouncyCastle.Asn1.Asn1OutputStream","Org.BouncyCastle.Asn1.DerOutputStream"
1894469885,"Org.BouncyCastle.Asn1","Asn1ParsingException","Org.BouncyCastle.Asn1.Asn1ParsingException","System.InvalidOperationException"
1946669554,"Org.BouncyCastle.Asn1","Asn1Sequence","Org.BouncyCastle.Asn1.Asn1Sequence","Org.BouncyCastle.Asn1.Asn1Object"
-1687322072,"","Asn1SequenceParserImpl","Org.BouncyCastle.Asn1.Asn1Sequence/Asn1SequenceParserImpl","System.Object"
-216962672,"Org.BouncyCastle.Asn1","Asn1SequenceParser","Org.BouncyCastle.Asn1.Asn1SequenceParser",""
-820527097,"Org.BouncyCastle.Asn1","Asn1Set","Org.BouncyCastle.Asn1.Asn1Set","Org.BouncyCastle.Asn1.Asn1Object"
-1583515636,"","Asn1SetParserImpl","Org.BouncyCastle.Asn1.Asn1Set/Asn1SetParserImpl","System.Object"
-81558154,"Org.BouncyCastle.Asn1","Asn1SetParser","Org.BouncyCastle.Asn1.Asn1SetParser",""
-515087904,"Org.BouncyCastle.Asn1","Asn1StreamParser","Org.BouncyCastle.Asn1.Asn1StreamParser","System.Object"
-1411438379,"Org.BouncyCastle.Asn1","Asn1TaggedObject","Org.BouncyCastle.Asn1.Asn1TaggedObject","Org.BouncyCastle.Asn1.Asn1Object"
-1399656073,"Org.BouncyCastle.Asn1","Asn1TaggedObjectParser","Org.BouncyCastle.Asn1.Asn1TaggedObjectParser",""
221218510,"Org.BouncyCastle.Asn1","Asn1Tags","Org.BouncyCastle.Asn1.Asn1Tags","System.Object"
-1151857457,"Org.BouncyCastle.Asn1","BerApplicationSpecific","Org.BouncyCastle.Asn1.BerApplicationSpecific","Org.BouncyCastle.Asn1.DerApplicationSpecific"
-202802533,"Org.BouncyCastle.Asn1","BerApplicationSpecificParser","Org.BouncyCastle.Asn1.BerApplicationSpecificParser","System.Object"
199085560,"Org.BouncyCastle.Asn1","BerGenerator","Org.BouncyCastle.Asn1.BerGenerator","Org.BouncyCastle.Asn1.Asn1Generator"
-667652338,"Org.BouncyCastle.Asn1","BerOctetString","Org.BouncyCastle.Asn1.BerOctetString","Org.BouncyCastle.Asn1.DerOctetString"
-530979881,"Org.BouncyCastle.Asn1","BerOctetStringParser","Org.BouncyCastle.Asn1.BerOctetStringParser","System.Object"
2067124555,"Org.BouncyCastle.Asn1","BerOutputStream","Org.BouncyCastle.Asn1.BerOutputStream","Org.BouncyCastle.Asn1.DerOutputStream"
-819073899,"Org.BouncyCastle.Asn1","BerSequence","Org.BouncyCastle.Asn1.BerSequence","Org.BouncyCastle.Asn1.DerSequence"
-1485393920,"Org.BouncyCastle.Asn1","BerSequenceGenerator","Org.BouncyCastle.Asn1.BerSequenceGenerator","Org.BouncyCastle.Asn1.BerGenerator"
2045198598,"Org.BouncyCastle.Asn1","BerSequenceParser","Org.BouncyCastle.Asn1.BerSequenceParser","System.Object"
1130653473,"Org.BouncyCastle.Asn1","BerSet","Org.BouncyCastle.Asn1.BerSet","Org.BouncyCastle.Asn1.DerSet"
-2130966858,"Org.BouncyCastle.Asn1","BerSetGenerator","Org.BouncyCastle.Asn1.BerSetGenerator","Org.BouncyCastle.Asn1.BerGenerator"
691833056,"Org.BouncyCastle.Asn1","BerSetParser","Org.BouncyCastle.Asn1.BerSetParser","System.Object"
-588025413,"Org.BouncyCastle.Asn1","BerTaggedObject","Org.BouncyCastle.Asn1.BerTaggedObject","Org.BouncyCastle.Asn1.DerTaggedObject"
-973324613,"Org.BouncyCastle.Asn1","BerTaggedObjectParser","Org.BouncyCastle.Asn1.BerTaggedObjectParser","System.Object"
1072456058,"Org.BouncyCastle.Asn1","ConstructedOctetStream","Org.BouncyCastle.Asn1.ConstructedOctetStream","Org.BouncyCastle.Utilities.IO.BaseInputStream"
317175829,"Org.BouncyCastle.Asn1.CryptoPro","CryptoProObjectIdentifiers","Org.BouncyCastle.Asn1.CryptoPro.CryptoProObjectIdentifiers","System.Object"
1330352176,"Org.BouncyCastle.Asn1.CryptoPro","ECGost3410NamedCurves","Org.BouncyCastle.Asn1.CryptoPro.ECGost3410NamedCurves","System.Object"
386447341,"Org.BouncyCastle.Asn1.CryptoPro","Gost3410NamedParameters","Org.BouncyCastle.Asn1.CryptoPro.Gost3410NamedParameters","System.Object"
-1841671196,"Org.BouncyCastle.Asn1.CryptoPro","Gost3410ParamSetParameters","Org.BouncyCastle.Asn1.CryptoPro.Gost3410ParamSetParameters","Org.BouncyCastle.Asn1.Asn1Encodable"
-1647565109,"Org.BouncyCastle.Asn1.CryptoPro","Gost3410PublicKeyAlgParameters","Org.BouncyCastle.Asn1.CryptoPro.Gost3410PublicKeyAlgParameters","Org.BouncyCastle.Asn1.Asn1Encodable"
-1168427915,"Org.BouncyCastle.Asn1","DefiniteLengthInputStream","Org.BouncyCastle.Asn1.DefiniteLengthInputStream","Org.BouncyCastle.Asn1.LimitedInputStream"
886226026,"Org.BouncyCastle.Asn1","DerApplicationSpecific","Org.BouncyCastle.Asn1.DerApplicationSpecific","Org.BouncyCastle.Asn1.Asn1Object"
388382876,"Org.BouncyCastle.Asn1","DerBitString","Org.BouncyCastle.Asn1.DerBitString","Org.BouncyCastle.Asn1.DerStringBase"
-279521254,"Org.BouncyCastle.Asn1","DerBmpString","Org.BouncyCastle.Asn1.DerBmpString","Org.BouncyCastle.Asn1.DerStringBase"
-382767825,"Org.BouncyCastle.Asn1","DerBoolean","Org.BouncyCastle.Asn1.DerBoolean","Org.BouncyCastle.Asn1.Asn1Object"
-1630552510,"Org.BouncyCastle.Asn1","DerEnumerated","Org.BouncyCastle.Asn1.DerEnumerated","Org.BouncyCastle.Asn1.Asn1Object"
-324035983,"Org.BouncyCastle.Asn1","DerExternal","Org.BouncyCastle.Asn1.DerExternal","Org.BouncyCastle.Asn1.Asn1Object"
-455384231,"Org.BouncyCastle.Asn1","DerExternalParser","Org.BouncyCastle.Asn1.DerExternalParser","Org.BouncyCastle.Asn1.Asn1Encodable"
807498196,"Org.BouncyCastle.Asn1","DerGeneralString","Org.BouncyCastle.Asn1.DerGeneralString","Org.BouncyCastle.Asn1.DerStringBase"
1271920767,"Org.BouncyCastle.Asn1","DerGeneralizedTime","Org.BouncyCastle.Asn1.DerGeneralizedTime","Org.BouncyCastle.Asn1.Asn1Object"
467134310,"Org.BouncyCastle.Asn1","DerGenerator","Org.BouncyCastle.Asn1.DerGenerator","Org.BouncyCastle.Asn1.Asn1Generator"
782178880,"Org.BouncyCastle.Asn1","DerIA5String","Org.BouncyCastle.Asn1.DerIA5String","Org.BouncyCastle.Asn1.DerStringBase"
826517526,"Org.BouncyCastle.Asn1","DerInteger","Org.BouncyCastle.Asn1.DerInteger","Org.BouncyCastle.Asn1.Asn1Object"
1883356834,"Org.BouncyCastle.Asn1","DerNull","Org.BouncyCastle.Asn1.DerNull","Org.BouncyCastle.Asn1.Asn1Null"
-1406883483,"Org.BouncyCastle.Asn1","DerNumericString","Org.BouncyCastle.Asn1.DerNumericString","Org.BouncyCastle.Asn1.DerStringBase"
-134260309,"Org.BouncyCastle.Asn1","DerObjectIdentifier","Org.BouncyCastle.Asn1.DerObjectIdentifier","Org.BouncyCastle.Asn1.Asn1Object"
989103848,"Org.BouncyCastle.Asn1","DerOctetString","Org.BouncyCastle.Asn1.DerOctetString","Org.BouncyCastle.Asn1.Asn1OctetString"
-243127566,"Org.BouncyCastle.Asn1","DerOctetStringParser","Org.BouncyCastle.Asn1.DerOctetStringParser","System.Object"
-1095566360,"Org.BouncyCastle.Asn1","DerOutputStream","Org.BouncyCastle.Asn1.DerOutputStream","Org.BouncyCastle.Asn1.Utilities.FilterStream"
-410967097,"Org.BouncyCastle.Asn1","DerPrintableString","Org.BouncyCastle.Asn1.DerPrintableString","Org.BouncyCastle.Asn1.DerStringBase"
-722176366,"Org.BouncyCastle.Asn1","DerSequence","Org.BouncyCastle.Asn1.DerSequence","Org.BouncyCastle.Asn1.Asn1Sequence"
-653594174,"Org.BouncyCastle.Asn1","DerSequenceParser","Org.BouncyCastle.Asn1.DerSequenceParser","System.Object"
-205019084,"Org.BouncyCastle.Asn1","DerSet","Org.BouncyCastle.Asn1.DerSet","Org.BouncyCastle.Asn1.Asn1Set"
1529828251,"Org.BouncyCastle.Asn1","DerSetGenerator","Org.BouncyCastle.Asn1.DerSetGenerator","Org.BouncyCastle.Asn1.DerGenerator"
-1498931547,"Org.BouncyCastle.Asn1","DerSetParser","Org.BouncyCastle.Asn1.DerSetParser","System.Object"
1637432357,"Org.BouncyCastle.Asn1","DerStringBase","Org.BouncyCastle.Asn1.DerStringBase","Org.BouncyCastle.Asn1.Asn1Object"
-1480047089,"Org.BouncyCastle.Asn1","DerT61String","Org.BouncyCastle.Asn1.DerT61String","Org.BouncyCastle.Asn1.DerStringBase"
1526313313,"Org.BouncyCastle.Asn1","DerTaggedObject","Org.BouncyCastle.Asn1.DerTaggedObject","Org.BouncyCastle.Asn1.Asn1TaggedObject"
441489898,"Org.BouncyCastle.Asn1","DerUniversalString","Org.BouncyCastle.Asn1.DerUniversalString","Org.BouncyCastle.Asn1.DerStringBase"
-207517853,"Org.BouncyCastle.Asn1","DerUtcTime","Org.BouncyCastle.Asn1.DerUtcTime","Org.BouncyCastle.Asn1.Asn1Object"
-765368509,"Org.BouncyCastle.Asn1","DerUtf8String","Org.BouncyCastle.Asn1.DerUtf8String","Org.BouncyCastle.Asn1.DerStringBase"
-1641598302,"Org.BouncyCastle.Asn1","DerVisibleString","Org.BouncyCastle.Asn1.DerVisibleString","Org.BouncyCastle.Asn1.DerStringBase"
341542828,"Org.BouncyCastle.Asn1","IAsn1ApplicationSpecificParser","Org.BouncyCastle.Asn1.IAsn1ApplicationSpecificParser",""
1932324671,"Org.BouncyCastle.Asn1","IAsn1Choice","Org.BouncyCastle.Asn1.IAsn1Choice",""
71053621,"Org.BouncyCastle.Asn1","IAsn1Convertible","Org.BouncyCastle.Asn1.IAsn1Convertible",""
346159755,"Org.BouncyCastle.Asn1","IAsn1String","Org.BouncyCastle.Asn1.IAsn1String",""
1135917111,"Org.BouncyCastle.Asn1.Iana","IanaObjectIdentifiers","Org.BouncyCastle.Asn1.Iana.IanaObjectIdentifiers","System.Object"
-1253879242,"Org.BouncyCastle.Asn1","IndefiniteLengthInputStream","Org.BouncyCastle.Asn1.IndefiniteLengthInputStream","Org.BouncyCastle.Asn1.LimitedInputStream"
-954968244,"Org.BouncyCastle.Asn1","LazyAsn1InputStream","Org.BouncyCastle.Asn1.LazyAsn1InputStream","Org.BouncyCastle.Asn1.Asn1InputStream"
853660556,"Org.BouncyCastle.Asn1","LazyDerSequence","Org.BouncyCastle.Asn1.LazyDerSequence","Org.BouncyCastle.Asn1.DerSequence"
-853604145,"Org.BouncyCastle.Asn1","LazyDerSet","Org.BouncyCastle.Asn1.LazyDerSet","Org.BouncyCastle.Asn1.DerSet"
955898620,"Org.BouncyCastle.Asn1","LimitedInputStream","Org.BouncyCastle.Asn1.LimitedInputStream","Org.BouncyCastle.Utilities.IO.BaseInputStream"
97575429,"Org.BouncyCastle.Asn1.Misc","MiscObjectIdentifiers","Org.BouncyCastle.Asn1.Misc.MiscObjectIdentifiers","System.Object"
-191764555,"Org.BouncyCastle.Asn1.Misc","NetscapeCertType","Org.BouncyCastle.Asn1.Misc.NetscapeCertType","Org.BouncyCastle.Asn1.DerBitString"
494907848,"Org.BouncyCastle.Asn1.Misc","NetscapeRevocationUrl","Org.BouncyCastle.Asn1.Misc.NetscapeRevocationUrl","Org.BouncyCastle.Asn1.DerIA5String"
-287098651,"Org.BouncyCastle.Asn1.Misc","VerisignCzagExtension","Org.BouncyCastle.Asn1.Misc.VerisignCzagExtension","Org.BouncyCastle.Asn1.DerIA5String"
-111402402,"Org.BouncyCastle.Asn1.Nist","NistNamedCurves","Org.BouncyCastle.Asn1.Nist.NistNamedCurves","System.Object"
2008925053,"Org.BouncyCastle.Asn1.Nist","NistObjectIdentifiers","Org.BouncyCastle.Asn1.Nist.NistObjectIdentifiers","System.Object"
1562769484,"Org.BouncyCastle.Asn1.Ocsp","OcspResponse","Org.BouncyCastle.Asn1.Ocsp.OcspResponse","Org.BouncyCastle.Asn1.Asn1Encodable"
-1245779140,"Org.BouncyCastle.Asn1.Ocsp","OcspResponseStatus","Org.BouncyCastle.Asn1.Ocsp.OcspResponseStatus","Org.BouncyCastle.Asn1.DerEnumerated"
1249327407,"Org.BouncyCastle.Asn1.Ocsp","ResponderID","Org.BouncyCastle.Asn1.Ocsp.ResponderID","Org.BouncyCastle.Asn1.Asn1Encodable"
-423921322,"Org.BouncyCastle.Asn1.Ocsp","ResponseBytes","Org.BouncyCastle.Asn1.Ocsp.ResponseBytes","Org.BouncyCastle.Asn1.Asn1Encodable"
-354690066,"Org.BouncyCastle.Asn1","OidTokenizer","Org.BouncyCastle.Asn1.OidTokenizer","System.Object"
1156271751,"Org.BouncyCastle.Asn1.Oiw","ElGamalParameter","Org.BouncyCastle.Asn1.Oiw.ElGamalParameter","Org.BouncyCastle.Asn1.Asn1Encodable"
-1993186215,"Org.BouncyCastle.Asn1.Oiw","OiwObjectIdentifiers","Org.BouncyCastle.Asn1.Oiw.OiwObjectIdentifiers","System.Object"
1494217856,"Org.BouncyCastle.Asn1.Pkcs","ContentInfo","Org.BouncyCastle.Asn1.Pkcs.ContentInfo","Org.BouncyCastle.Asn1.Asn1Encodable"
1907597867,"Org.BouncyCastle.Asn1.Pkcs","DHParameter","Org.BouncyCastle.Asn1.Pkcs.DHParameter","Org.BouncyCastle.Asn1.Asn1Encodable"
995764299,"Org.BouncyCastle.Asn1.Pkcs","PkcsObjectIdentifiers","Org.BouncyCastle.Asn1.Pkcs.PkcsObjectIdentifiers","System.Object"
1599938210,"Org.BouncyCastle.Asn1.Pkcs","RsassaPssParameters","Org.BouncyCastle.Asn1.Pkcs.RsassaPssParameters","Org.BouncyCastle.Asn1.Asn1Encodable"
-848961910,"Org.BouncyCastle.Asn1.Pkcs","SignedData","Org.BouncyCastle.Asn1.Pkcs.SignedData","Org.BouncyCastle.Asn1.Asn1Encodable"
275610991,"Org.BouncyCastle.Asn1.Sec","SecNamedCurves","Org.BouncyCastle.Asn1.Sec.SecNamedCurves","System.Object"
1120405607,"","Secp112r1Holder","Org.BouncyCastle.Asn1.Sec.SecNamedCurves/Secp112r1Holder","Org.BouncyCastle.Asn1.X9.X9ECParametersHolder"
1512203757,"","Secp112r2Holder","Org.BouncyCastle.Asn1.Sec.SecNamedCurves/Secp112r2Holder","Org.BouncyCastle.Asn1.X9.X9ECParametersHolder"
-907898094,"","Secp128r1Holder","Org.BouncyCastle.Asn1.Sec.SecNamedCurves/Secp128r1Holder","Org.BouncyCastle.Asn1.X9.X9ECParametersHolder"
1416928755,"","Secp128r2Holder","Org.BouncyCastle.Asn1.Sec.SecNamedCurves/Secp128r2Holder","Org.BouncyCastle.Asn1.X9.X9ECParametersHolder"
1307999095,"","Secp160k1Holder","Org.BouncyCastle.Asn1.Sec.SecNamedCurves/Secp160k1Holder","Org.BouncyCastle.Asn1.X9.X9ECParametersHolder"
703987965,"","Secp160r1Holder","Org.BouncyCastle.Asn1.Sec.SecNamedCurves/Secp160r1Holder","Org.BouncyCastle.Asn1.X9.X9ECParametersHolder"
1678801280,"","Secp160r2Holder","Org.BouncyCastle.Asn1.Sec.SecNamedCurves/Secp160r2Holder","Org.BouncyCastle.Asn1.X9.X9ECParametersHolder"
-1143997470,"","Secp192k1Holder","Org.BouncyCastle.Asn1.Sec.SecNamedCurves/Secp192k1Holder","Org.BouncyCastle.Asn1.X9.X9ECParametersHolder"
1782628540,"","Secp192r1Holder","Org.BouncyCastle.Asn1.Sec.SecNamedCurves/Secp192r1Holder","Org.BouncyCastle.Asn1.X9.X9ECParametersHolder"
-781697393,"","Secp224k1Holder","Org.BouncyCastle.Asn1.Sec.SecNamedCurves/Secp224k1Holder","Org.BouncyCastle.Asn1.X9.X9ECParametersHolder"
-927601477,"","Secp224r1Holder","Org.BouncyCastle.Asn1.Sec.SecNamedCurves/Secp224r1Holder","Org.BouncyCastle.Asn1.X9.X9ECParametersHolder"
627582709,"","Secp256k1Holder","Org.BouncyCastle.Asn1.Sec.SecNamedCurves/Secp256k1Holder","Org.BouncyCastle.Asn1.X9.X9ECParametersHolder"
-1181284511,"","Secp256r1Holder","Org.BouncyCastle.Asn1.Sec.SecNamedCurves/Secp256r1Holder","Org.BouncyCastle.Asn1.X9.X9ECParametersHolder"
-2067539820,"","Secp384r1Holder","Org.BouncyCastle.Asn1.Sec.SecNamedCurves/Secp384r1Holder","Org.BouncyCastle.Asn1.X9.X9ECParametersHolder"
1089452191,"","Secp521r1Holder","Org.BouncyCastle.Asn1.Sec.SecNamedCurves/Secp521r1Holder","Org.BouncyCastle.Asn1.X9.X9ECParametersHolder"
1172178956,"","Sect113r1Holder","Org.BouncyCastle.Asn1.Sec.SecNamedCurves/Sect113r1Holder","Org.BouncyCastle.Asn1.X9.X9ECParametersHolder"
-1960089490,"","Sect113r2Holder","Org.BouncyCastle.Asn1.Sec.SecNamedCurves/Sect113r2Holder","Org.BouncyCastle.Asn1.X9.X9ECParametersHolder"
1141684923,"","Sect131r1Holder","Org.BouncyCastle.Asn1.Sec.SecNamedCurves/Sect131r1Holder","Org.BouncyCastle.Asn1.X9.X9ECParametersHolder"
-1630994097,"","Sect131r2Holder","Org.BouncyCastle.Asn1.Sec.SecNamedCurves/Sect131r2Holder","Org.BouncyCastle.Asn1.X9.X9ECParametersHolder"
1262542827,"","Sect163k1Holder","Org.BouncyCastle.Asn1.Sec.SecNamedCurves/Sect163k1Holder","Org.BouncyCastle.Asn1.X9.X9ECParametersHolder"
644752789,"","Sect163r1Holder","Org.BouncyCastle.Asn1.Sec.SecNamedCurves/Sect163r1Holder","Org.BouncyCastle.Asn1.X9.X9ECParametersHolder"
-591841351,"","Sect163r2Holder","Org.BouncyCastle.Asn1.Sec.SecNamedCurves/Sect163r2Holder","Org.BouncyCastle.Asn1.X9.X9ECParametersHolder"
690552473,"","Sect193r1Holder","Org.BouncyCastle.Asn1.Sec.SecNamedCurves/Sect193r1Holder","Org.BouncyCastle.Asn1.X9.X9ECParametersHolder"
-722657513,"","Sect193r2Holder","Org.BouncyCastle.Asn1.Sec.SecNamedCurves/Sect193r2Holder","Org.BouncyCastle.Asn1.X9.X9ECParametersHolder"
-1218266532,"","Sect233k1Holder","Org.BouncyCastle.Asn1.Sec.SecNamedCurves/Sect233k1Holder","Org.BouncyCastle.Asn1.X9.X9ECParametersHolder"
-494582174,"","Sect233r1Holder","Org.BouncyCastle.Asn1.Sec.SecNamedCurves/Sect233r1Holder","Org.BouncyCastle.Asn1.X9.X9ECParametersHolder"
-319027966,"","Sect239k1Holder","Org.BouncyCastle.Asn1.Sec.SecNamedCurves/Sect239k1Holder","Org.BouncyCastle.Asn1.X9.X9ECParametersHolder"
-1054927650,"","Sect283k1Holder","Org.BouncyCastle.Asn1.Sec.SecNamedCurves/Sect283k1Holder","Org.BouncyCastle.Asn1.X9.X9ECParametersHolder"
-270522202,"","Sect283r1Holder","Org.BouncyCastle.Asn1.Sec.SecNamedCurves/Sect283r1Holder","Org.BouncyCastle.Asn1.X9.X9ECParametersHolder"
447819268,"","Sect409k1Holder","Org.BouncyCastle.Asn1.Sec.SecNamedCurves/Sect409k1Holder","Org.BouncyCastle.Asn1.X9.X9ECParametersHolder"
-1098581878,"","Sect409r1Holder","Org.BouncyCastle.Asn1.Sec.SecNamedCurves/Sect409r1Holder","Org.BouncyCastle.Asn1.X9.X9ECParametersHolder"
-350059550,"","Sect571k1Holder","Org.BouncyCastle.Asn1.Sec.SecNamedCurves/Sect571k1Holder","Org.BouncyCastle.Asn1.X9.X9ECParametersHolder"
-168926563,"","Sect571r1Holder","Org.BouncyCastle.Asn1.Sec.SecNamedCurves/Sect571r1Holder","Org.BouncyCastle.Asn1.X9.X9ECParametersHolder"
-1839382933,"Org.BouncyCastle.Asn1.Sec","SecObjectIdentifiers","Org.BouncyCastle.Asn1.Sec.SecObjectIdentifiers","System.Object"
-631480369,"Org.BouncyCastle.Asn1.TeleTrust","TeleTrusTNamedCurves","Org.BouncyCastle.Asn1.TeleTrust.TeleTrusTNamedCurves","System.Object"
-654299712,"","BrainpoolP160r1Holder","Org.BouncyCastle.Asn1.TeleTrust.TeleTrusTNamedCurves/BrainpoolP160r1Holder","Org.BouncyCastle.Asn1.X9.X9ECParametersHolder"
1550763497,"","BrainpoolP160t1Holder","Org.BouncyCastle.Asn1.TeleTrust.TeleTrusTNamedCurves/BrainpoolP160t1Holder","Org.BouncyCastle.Asn1.X9.X9ECParametersHolder"
-1717108908,"","BrainpoolP192r1Holder","Org.BouncyCastle.Asn1.TeleTrust.TeleTrusTNamedCurves/BrainpoolP192r1Holder","Org.BouncyCastle.Asn1.X9.X9ECParametersHolder"
-521452269,"","BrainpoolP192t1Holder","Org.BouncyCastle.Asn1.TeleTrust.TeleTrusTNamedCurves/BrainpoolP192t1Holder","Org.BouncyCastle.Asn1.X9.X9ECParametersHolder"
-1885833887,"","BrainpoolP224r1Holder","Org.BouncyCastle.Asn1.TeleTrust.TeleTrusTNamedCurves/BrainpoolP224r1Holder","Org.BouncyCastle.Asn1.X9.X9ECParametersHolder"
1295756635,"","BrainpoolP224t1Holder","Org.BouncyCastle.Asn1.TeleTrust.TeleTrusTNamedCurves/BrainpoolP224t1Holder","Org.BouncyCastle.Asn1.X9.X9ECParametersHolder"
-1081215888,"","BrainpoolP256r1Holder","Org.BouncyCastle.Asn1.TeleTrust.TeleTrusTNamedCurves/BrainpoolP256r1Holder","Org.BouncyCastle.Asn1.X9.X9ECParametersHolder"
-538943700,"","BrainpoolP256t1Holder","Org.BouncyCastle.Asn1.TeleTrust.TeleTrusTNamedCurves/BrainpoolP256t1Holder","Org.BouncyCastle.Asn1.X9.X9ECParametersHolder"
-1268217447,"","BrainpoolP320r1Holder","Org.BouncyCastle.Asn1.TeleTrust.TeleTrusTNamedCurves/BrainpoolP320r1Holder","Org.BouncyCastle.Asn1.X9.X9ECParametersHolder"
-581715796,"","BrainpoolP320t1Holder","Org.BouncyCastle.Asn1.TeleTrust.TeleTrusTNamedCurves/BrainpoolP320t1Holder","Org.BouncyCastle.Asn1.X9.X9ECParametersHolder"
-1409809627,"","BrainpoolP384r1Holder","Org.BouncyCastle.Asn1.TeleTrust.TeleTrusTNamedCurves/BrainpoolP384r1Holder","Org.BouncyCastle.Asn1.X9.X9ECParametersHolder"
-1147295961,"","BrainpoolP384t1Holder","Org.BouncyCastle.Asn1.TeleTrust.TeleTrusTNamedCurves/BrainpoolP384t1Holder","Org.BouncyCastle.Asn1.X9.X9ECParametersHolder"
1759524109,"","BrainpoolP512r1Holder","Org.BouncyCastle.Asn1.TeleTrust.TeleTrusTNamedCurves/BrainpoolP512r1Holder","Org.BouncyCastle.Asn1.X9.X9ECParametersHolder"
1463335132,"","BrainpoolP512t1Holder","Org.BouncyCastle.Asn1.TeleTrust.TeleTrusTNamedCurves/BrainpoolP512t1Holder","Org.BouncyCastle.Asn1.X9.X9ECParametersHolder"
-1877640798,"Org.BouncyCastle.Asn1.TeleTrust","TeleTrusTObjectIdentifiers","Org.BouncyCastle.Asn1.TeleTrust.TeleTrusTObjectIdentifiers","System.Object"
-469752854,"Org.BouncyCastle.Asn1.Utilities","Asn1Dump","Org.BouncyCastle.Asn1.Utilities.Asn1Dump","System.Object"
-997732088,"Org.BouncyCastle.Asn1.Utilities","FilterStream","Org.BouncyCastle.Asn1.Utilities.FilterStream","System.IO.Stream"
1116963679,"Org.BouncyCastle.Asn1.X509","AlgorithmIdentifier","Org.BouncyCastle.Asn1.X509.AlgorithmIdentifier","Org.BouncyCastle.Asn1.Asn1Encodable"
1518938768,"Org.BouncyCastle.Asn1.X509","BasicConstraints","Org.BouncyCastle.Asn1.X509.BasicConstraints","Org.BouncyCastle.Asn1.Asn1Encodable"
1453232204,"Org.BouncyCastle.Asn1.X509","CertificateList","Org.BouncyCastle.Asn1.X509.CertificateList","Org.BouncyCastle.Asn1.Asn1Encodable"
-2016012498,"Org.BouncyCastle.Asn1.X509","CrlDistPoint","Org.BouncyCastle.Asn1.X509.CrlDistPoint","Org.BouncyCastle.Asn1.Asn1Encodable"
-2062225781,"Org.BouncyCastle.Asn1.X509","CrlEntry","Org.BouncyCastle.Asn1.X509.CrlEntry","Org.BouncyCastle.Asn1.Asn1Encodable"
1364203512,"Org.BouncyCastle.Asn1.X509","CrlNumber","Org.BouncyCastle.Asn1.X509.CrlNumber","Org.BouncyCastle.Asn1.DerInteger"
-1197433173,"Org.BouncyCastle.Asn1.X509","CrlReason","Org.BouncyCastle.Asn1.X509.CrlReason","Org.BouncyCastle.Asn1.DerEnumerated"
1090693849,"Org.BouncyCastle.Asn1.X509","DigestInfo","Org.BouncyCastle.Asn1.X509.DigestInfo","Org.BouncyCastle.Asn1.Asn1Encodable"
1937256829,"Org.BouncyCastle.Asn1.X509","DistributionPoint","Org.BouncyCastle.Asn1.X509.DistributionPoint","Org.BouncyCastle.Asn1.Asn1Encodable"
-62246087,"Org.BouncyCastle.Asn1.X509","DistributionPointName","Org.BouncyCastle.Asn1.X509.DistributionPointName","Org.BouncyCastle.Asn1.Asn1Encodable"
1021569885,"Org.BouncyCastle.Asn1.X509","DsaParameter","Org.BouncyCastle.Asn1.X509.DsaParameter","Org.BouncyCastle.Asn1.Asn1Encodable"
-980534147,"Org.BouncyCastle.Asn1.X509","GeneralName","Org.BouncyCastle.Asn1.X509.GeneralName","Org.BouncyCastle.Asn1.Asn1Encodable"
2017061501,"Org.BouncyCastle.Asn1.X509","GeneralNames","Org.BouncyCastle.Asn1.X509.GeneralNames","Org.BouncyCastle.Asn1.Asn1Encodable"
-791561995,"Org.BouncyCastle.Asn1.X509","IssuingDistributionPoint","Org.BouncyCastle.Asn1.X509.IssuingDistributionPoint","Org.BouncyCastle.Asn1.Asn1Encodable"
-1467458771,"Org.BouncyCastle.Asn1.X509","KeyUsage","Org.BouncyCastle.Asn1.X509.KeyUsage","Org.BouncyCastle.Asn1.DerBitString"
-2110969513,"Org.BouncyCastle.Asn1.X509","ReasonFlags","Org.BouncyCastle.Asn1.X509.ReasonFlags","Org.BouncyCastle.Asn1.DerBitString"
-1370819842,"Org.BouncyCastle.Asn1.X509","RsaPublicKeyStructure","Org.BouncyCastle.Asn1.X509.RsaPublicKeyStructure","Org.BouncyCastle.Asn1.Asn1Encodable"
8847774,"Org.BouncyCastle.Asn1.X509","SubjectPublicKeyInfo","Org.BouncyCastle.Asn1.X509.SubjectPublicKeyInfo","Org.BouncyCastle.Asn1.Asn1Encodable"
797417294,"Org.BouncyCastle.Asn1.X509","TbsCertificateList","Org.BouncyCastle.Asn1.X509.TbsCertificateList","Org.BouncyCastle.Asn1.Asn1Encodable"
-232554739,"","RevokedCertificatesEnumeration","Org.BouncyCastle.Asn1.X509.TbsCertificateList/RevokedCertificatesEnumeration","System.Object"
1441061767,"","RevokedCertificatesEnumerator","Org.BouncyCastle.Asn1.X509.TbsCertificateList/RevokedCertificatesEnumeration/RevokedCertificatesEnumerator","System.Object"
1974470481,"Org.BouncyCastle.Asn1.X509","TbsCertificateStructure","Org.BouncyCastle.Asn1.X509.TbsCertificateStructure","Org.BouncyCastle.Asn1.Asn1Encodable"
-824783899,"Org.BouncyCastle.Asn1.X509","Time","Org.BouncyCastle.Asn1.X509.Time","Org.BouncyCastle.Asn1.Asn1Encodable"
1578997200,"Org.BouncyCastle.Asn1.X509","X509CertificateStructure","Org.BouncyCastle.Asn1.X509.X509CertificateStructure","Org.BouncyCastle.Asn1.Asn1Encodable"
-770947947,"Org.BouncyCastle.Asn1.X509","X509DefaultEntryConverter","Org.BouncyCastle.Asn1.X509.X509DefaultEntryConverter","Org.BouncyCastle.Asn1.X509.X509NameEntryConverter"
1846326368,"Org.BouncyCastle.Asn1.X509","X509Extension","Org.BouncyCastle.Asn1.X509.X509Extension","System.Object"
1916435727,"Org.BouncyCastle.Asn1.X509","X509Extensions","Org.BouncyCastle.Asn1.X509.X509Extensions","Org.BouncyCastle.Asn1.Asn1Encodable"
-1210848126,"Org.BouncyCastle.Asn1.X509","X509Name","Org.BouncyCastle.Asn1.X509.X509Name","Org.BouncyCastle.Asn1.Asn1Encodable"
1377394470,"Org.BouncyCastle.Asn1.X509","X509NameEntryConverter","Org.BouncyCastle.Asn1.X509.X509NameEntryConverter","System.Object"
403126960,"Org.BouncyCastle.Asn1.X509","X509NameTokenizer","Org.BouncyCastle.Asn1.X509.X509NameTokenizer","System.Object"
2067442206,"Org.BouncyCastle.Asn1.X509","X509ObjectIdentifiers","Org.BouncyCastle.Asn1.X509.X509ObjectIdentifiers","System.Object"
-284632799,"Org.BouncyCastle.Asn1.X9","DHDomainParameters","Org.BouncyCastle.Asn1.X9.DHDomainParameters","Org.BouncyCastle.Asn1.Asn1Encodable"
-457735175,"Org.BouncyCastle.Asn1.X9","DHPublicKey","Org.BouncyCastle.Asn1.X9.DHPublicKey","Org.BouncyCastle.Asn1.Asn1Encodable"
386223131,"Org.BouncyCastle.Asn1.X9","DHValidationParms","Org.BouncyCastle.Asn1.X9.DHValidationParms","Org.BouncyCastle.Asn1.Asn1Encodable"
-302554774,"Org.BouncyCastle.Asn1.X9","ECNamedCurveTable","Org.BouncyCastle.Asn1.X9.ECNamedCurveTable","System.Object"
-1908918243,"Org.BouncyCastle.Asn1.X9","X962NamedCurves","Org.BouncyCastle.Asn1.X9.X962NamedCurves","System.Object"
-293373700,"","C2pnb163v1Holder","Org.BouncyCastle.Asn1.X9.X962NamedCurves/C2pnb163v1Holder","Org.BouncyCastle.Asn1.X9.X9ECParametersHolder"
685894655,"","C2pnb163v2Holder","Org.BouncyCastle.Asn1.X9.X962NamedCurves/C2pnb163v2Holder","Org.BouncyCastle.Asn1.X9.X9ECParametersHolder"
1182232134,"","C2pnb163v3Holder","Org.BouncyCastle.Asn1.X9.X962NamedCurves/C2pnb163v3Holder","Org.BouncyCastle.Asn1.X9.X9ECParametersHolder"
-56949026,"","C2pnb176w1Holder","Org.BouncyCastle.Asn1.X9.X962NamedCurves/C2pnb176w1Holder","Org.BouncyCastle.Asn1.X9.X9ECParametersHolder"
-630774474,"","C2pnb208w1Holder","Org.BouncyCastle.Asn1.X9.X962NamedCurves/C2pnb208w1Holder","Org.BouncyCastle.Asn1.X9.X9ECParametersHolder"
1476875893,"","C2pnb272w1Holder","Org.BouncyCastle.Asn1.X9.X962NamedCurves/C2pnb272w1Holder","Org.BouncyCastle.Asn1.X9.X9ECParametersHolder"
420513740,"","C2pnb304w1Holder","Org.BouncyCastle.Asn1.X9.X962NamedCurves/C2pnb304w1Holder","Org.BouncyCastle.Asn1.X9.X9ECParametersHolder"
-632251019,"","C2pnb368w1Holder","Org.BouncyCastle.Asn1.X9.X962NamedCurves/C2pnb368w1Holder","Org.BouncyCastle.Asn1.X9.X9ECParametersHolder"
-822938993,"","C2tnb191v1Holder","Org.BouncyCastle.Asn1.X9.X962NamedCurves/C2tnb191v1Holder","Org.BouncyCastle.Asn1.X9.X9ECParametersHolder"
-352177396,"","C2tnb191v2Holder","Org.BouncyCastle.Asn1.X9.X962NamedCurves/C2tnb191v2Holder","Org.BouncyCastle.Asn1.X9.X9ECParametersHolder"
-1386453298,"","C2tnb191v3Holder","Org.BouncyCastle.Asn1.X9.X962NamedCurves/C2tnb191v3Holder","Org.BouncyCastle.Asn1.X9.X9ECParametersHolder"
850134713,"","C2tnb239v1Holder","Org.BouncyCastle.Asn1.X9.X962NamedCurves/C2tnb239v1Holder","Org.BouncyCastle.Asn1.X9.X9ECParametersHolder"
-2027024056,"","C2tnb239v2Holder","Org.BouncyCastle.Asn1.X9.X962NamedCurves/C2tnb239v2Holder","Org.BouncyCastle.Asn1.X9.X9ECParametersHolder"
257776364,"","C2tnb239v3Holder","Org.BouncyCastle.Asn1.X9.X962NamedCurves/C2tnb239v3Holder","Org.BouncyCastle.Asn1.X9.X9ECParametersHolder"
-964003775,"","C2tnb359v1Holder","Org.BouncyCastle.Asn1.X9.X962NamedCurves/C2tnb359v1Holder","Org.BouncyCastle.Asn1.X9.X9ECParametersHolder"
989489170,"","C2tnb431r1Holder","Org.BouncyCastle.Asn1.X9.X962NamedCurves/C2tnb431r1Holder","Org.BouncyCastle.Asn1.X9.X9ECParametersHolder"
-1050432310,"","Prime192v1Holder","Org.BouncyCastle.Asn1.X9.X962NamedCurves/Prime192v1Holder","Org.BouncyCastle.Asn1.X9.X9ECParametersHolder"
1542932463,"","Prime192v2Holder","Org.BouncyCastle.Asn1.X9.X962NamedCurves/Prime192v2Holder","Org.BouncyCastle.Asn1.X9.X9ECParametersHolder"
1962251855,"","Prime192v3Holder","Org.BouncyCastle.Asn1.X9.X962NamedCurves/Prime192v3Holder","Org.BouncyCastle.Asn1.X9.X9ECParametersHolder"
1876094031,"","Prime239v1Holder","Org.BouncyCastle.Asn1.X9.X962NamedCurves/Prime239v1Holder","Org.BouncyCastle.Asn1.X9.X9ECParametersHolder"
-1996851788,"","Prime239v2Holder","Org.BouncyCastle.Asn1.X9.X962NamedCurves/Prime239v2Holder","Org.BouncyCastle.Asn1.X9.X9ECParametersHolder"
1386890067,"","Prime239v3Holder","Org.BouncyCastle.Asn1.X9.X962NamedCurves/Prime239v3Holder","Org.BouncyCastle.Asn1.X9.X9ECParametersHolder"
-1265251850,"","Prime256v1Holder","Org.BouncyCastle.Asn1.X9.X962NamedCurves/Prime256v1Holder","Org.BouncyCastle.Asn1.X9.X9ECParametersHolder"
-1008289618,"Org.BouncyCastle.Asn1.X9","X962Parameters","Org.BouncyCastle.Asn1.X9.X962Parameters","Org.BouncyCastle.Asn1.Asn1Encodable"
-48938555,"Org.BouncyCastle.Asn1.X9","X9Curve","Org.BouncyCastle.Asn1.X9.X9Curve","Org.BouncyCastle.Asn1.Asn1Encodable"
177769610,"Org.BouncyCastle.Asn1.X9","X9ECParameters","Org.BouncyCastle.Asn1.X9.X9ECParameters","Org.BouncyCastle.Asn1.Asn1Encodable"
-266454127,"Org.BouncyCastle.Asn1.X9","X9ECParametersHolder","Org.BouncyCastle.Asn1.X9.X9ECParametersHolder","System.Object"
-294120873,"Org.BouncyCastle.Asn1.X9","X9ECPoint","Org.BouncyCastle.Asn1.X9.X9ECPoint","Org.BouncyCastle.Asn1.Asn1Encodable"
1812918529,"Org.BouncyCastle.Asn1.X9","X9FieldElement","Org.BouncyCastle.Asn1.X9.X9FieldElement","Org.BouncyCastle.Asn1.Asn1Encodable"
-397644580,"Org.BouncyCastle.Asn1.X9","X9FieldID","Org.BouncyCastle.Asn1.X9.X9FieldID","Org.BouncyCastle.Asn1.Asn1Encodable"
2044569691,"Org.BouncyCastle.Asn1.X9","X9IntegerConverter","Org.BouncyCastle.Asn1.X9.X9IntegerConverter","System.Object"
-1555053869,"Org.BouncyCastle.Asn1.X9","X9ObjectIdentifiers","Org.BouncyCastle.Asn1.X9.X9ObjectIdentifiers","System.Object"
-1026518700,"Org.BouncyCastle.Crypto.Agreement","DHBasicAgreement","Org.BouncyCastle.Crypto.Agreement.DHBasicAgreement","System.Object"
-642109285,"Org.BouncyCastle.Crypto.Agreement","ECDHBasicAgreement","Org.BouncyCastle.Crypto.Agreement.ECDHBasicAgreement","System.Object"
-964174332,"Org.BouncyCastle.Crypto","AsymmetricCipherKeyPair","Org.BouncyCastle.Crypto.AsymmetricCipherKeyPair","System.Object"
1212606614,"Org.BouncyCastle.Crypto","AsymmetricKeyParameter","Org.BouncyCastle.Crypto.AsymmetricKeyParameter","System.Object"
-1435706448,"Org.BouncyCastle.Crypto","BufferedAeadBlockCipher","Org.BouncyCastle.Crypto.BufferedAeadBlockCipher","Org.BouncyCastle.Crypto.BufferedCipherBase"
-774218592,"Org.BouncyCastle.Crypto","BufferedAsymmetricBlockCipher","Org.BouncyCastle.Crypto.BufferedAsymmetricBlockCipher","Org.BouncyCastle.Crypto.BufferedCipherBase"
1724352179,"Org.BouncyCastle.Crypto","BufferedBlockCipher","Org.BouncyCastle.Crypto.BufferedBlockCipher","Org.BouncyCastle.Crypto.BufferedCipherBase"
-793153217,"Org.BouncyCastle.Crypto","BufferedCipherBase","Org.BouncyCastle.Crypto.BufferedCipherBase","System.Object"
-1722089286,"Org.BouncyCastle.Crypto","BufferedIesCipher","Org.BouncyCastle.Crypto.BufferedIesCipher","Org.BouncyCastle.Crypto.BufferedCipherBase"
-1448506564,"Org.BouncyCastle.Crypto","BufferedStreamCipher","Org.BouncyCastle.Crypto.BufferedStreamCipher","Org.BouncyCastle.Crypto.BufferedCipherBase"
1324021816,"Org.BouncyCastle.Crypto","Check","Org.BouncyCastle.Crypto.Check","System.Object"
-273097401,"Org.BouncyCastle.Crypto","CipherKeyGenerator","Org.BouncyCastle.Crypto.CipherKeyGenerator","System.Object"
6186668,"Org.BouncyCastle.Crypto","CryptoException","Org.BouncyCastle.Crypto.CryptoException","System.Exception"
-1257278780,"Org.BouncyCastle.Crypto","DataLengthException","Org.BouncyCastle.Crypto.DataLengthException","Org.BouncyCastle.Crypto.CryptoException"
92667915,"Org.BouncyCastle.Crypto.Digests","GeneralDigest","Org.BouncyCastle.Crypto.Digests.GeneralDigest","System.Object"
-1085239482,"Org.BouncyCastle.Crypto.Digests","Gost3411Digest","Org.BouncyCastle.Crypto.Digests.Gost3411Digest","System.Object"
-1085049528,"Org.BouncyCastle.Crypto.Digests","LongDigest","Org.BouncyCastle.Crypto.Digests.LongDigest","System.Object"
152594395,"Org.BouncyCastle.Crypto.Digests","MD2Digest","Org.BouncyCastle.Crypto.Digests.MD2Digest","System.Object"
1015406944,"Org.BouncyCastle.Crypto.Digests","MD4Digest","Org.BouncyCastle.Crypto.Digests.MD4Digest","Org.BouncyCastle.Crypto.Digests.GeneralDigest"
173229816,"Org.BouncyCastle.Crypto.Digests","MD5Digest","Org.BouncyCastle.Crypto.Digests.MD5Digest","Org.BouncyCastle.Crypto.Digests.GeneralDigest"
1814856602,"Org.BouncyCastle.Crypto.Digests","NullDigest","Org.BouncyCastle.Crypto.Digests.NullDigest","System.Object"
1256110516,"Org.BouncyCastle.Crypto.Digests","RipeMD128Digest","Org.BouncyCastle.Crypto.Digests.RipeMD128Digest","Org.BouncyCastle.Crypto.Digests.GeneralDigest"
1805672201,"Org.BouncyCastle.Crypto.Digests","RipeMD160Digest","Org.BouncyCastle.Crypto.Digests.RipeMD160Digest","Org.BouncyCastle.Crypto.Digests.GeneralDigest"
1122272841,"Org.BouncyCastle.Crypto.Digests","RipeMD256Digest","Org.BouncyCastle.Crypto.Digests.RipeMD256Digest","Org.BouncyCastle.Crypto.Digests.GeneralDigest"
1549526972,"Org.BouncyCastle.Crypto.Digests","RipeMD320Digest","Org.BouncyCastle.Crypto.Digests.RipeMD320Digest","Org.BouncyCastle.Crypto.Digests.GeneralDigest"
66532361,"Org.BouncyCastle.Crypto.Digests","Sha1Digest","Org.BouncyCastle.Crypto.Digests.Sha1Digest","Org.BouncyCastle.Crypto.Digests.GeneralDigest"
-629568825,"Org.BouncyCastle.Crypto.Digests","Sha224Digest","Org.BouncyCastle.Crypto.Digests.Sha224Digest","Org.BouncyCastle.Crypto.Digests.GeneralDigest"
-1594322206,"Org.BouncyCastle.Crypto.Digests","Sha256Digest","Org.BouncyCastle.Crypto.Digests.Sha256Digest","Org.BouncyCastle.Crypto.Digests.GeneralDigest"
-1457607080,"Org.BouncyCastle.Crypto.Digests","Sha384Digest","Org.BouncyCastle.Crypto.Digests.Sha384Digest","Org.BouncyCastle.Crypto.Digests.LongDigest"
14936347,"Org.BouncyCastle.Crypto.Digests","Sha3Digest","Org.BouncyCastle.Crypto.Digests.Sha3Digest","System.Object"
-1538751142,"Org.BouncyCastle.Crypto.Digests","Sha512Digest","Org.BouncyCastle.Crypto.Digests.Sha512Digest","Org.BouncyCastle.Crypto.Digests.LongDigest"
-1706066790,"Org.BouncyCastle.Crypto.Digests","Sha512tDigest","Org.BouncyCastle.Crypto.Digests.Sha512tDigest","Org.BouncyCastle.Crypto.Digests.LongDigest"
-622976474,"Org.BouncyCastle.Crypto.Digests","TigerDigest","Org.BouncyCastle.Crypto.Digests.TigerDigest","System.Object"
1903617298,"Org.BouncyCastle.Crypto.Digests","WhirlpoolDigest","Org.BouncyCastle.Crypto.Digests.WhirlpoolDigest","System.Object"
-2077182549,"Org.BouncyCastle.Crypto.EC","CustomNamedCurves","Org.BouncyCastle.Crypto.EC.CustomNamedCurves","System.Object"
2015955614,"","Curve25519Holder","Org.BouncyCastle.Crypto.EC.CustomNamedCurves/Curve25519Holder","Org.BouncyCastle.Asn1.X9.X9ECParametersHolder"
1883463499,"","SecP128R1Holder","Org.BouncyCastle.Crypto.EC.CustomNamedCurves/SecP128R1Holder","Org.BouncyCastle.Asn1.X9.X9ECParametersHolder"
-2111092314,"","SecP160K1Holder","Org.BouncyCastle.Crypto.EC.CustomNamedCurves/SecP160K1Holder","Org.BouncyCastle.Asn1.X9.X9ECParametersHolder"
-861963203,"","SecP160R1Holder","Org.BouncyCastle.Crypto.EC.CustomNamedCurves/SecP160R1Holder","Org.BouncyCastle.Asn1.X9.X9ECParametersHolder"
679888684,"","SecP160R2Holder","Org.BouncyCastle.Crypto.EC.CustomNamedCurves/SecP160R2Holder","Org.BouncyCastle.Asn1.X9.X9ECParametersHolder"
1315918471,"","SecP192K1Holder","Org.BouncyCastle.Crypto.EC.CustomNamedCurves/SecP192K1Holder","Org.BouncyCastle.Asn1.X9.X9ECParametersHolder"
-377890617,"","SecP192R1Holder","Org.BouncyCastle.Crypto.EC.CustomNamedCurves/SecP192R1Holder","Org.BouncyCastle.Asn1.X9.X9ECParametersHolder"
-464797333,"","SecP224K1Holder","Org.BouncyCastle.Crypto.EC.CustomNamedCurves/SecP224K1Holder","Org.BouncyCastle.Asn1.X9.X9ECParametersHolder"
308601269,"","SecP224R1Holder","Org.BouncyCastle.Crypto.EC.CustomNamedCurves/SecP224R1Holder","Org.BouncyCastle.Asn1.X9.X9ECParametersHolder"
-1919957956,"","SecP256K1Holder","Org.BouncyCastle.Crypto.EC.CustomNamedCurves/SecP256K1Holder","Org.BouncyCastle.Asn1.X9.X9ECParametersHolder"
1324217714,"","SecP256R1Holder","Org.BouncyCastle.Crypto.EC.CustomNamedCurves/SecP256R1Holder","Org.BouncyCastle.Asn1.X9.X9ECParametersHolder"
-1595566579,"","SecP384R1Holder","Org.BouncyCastle.Crypto.EC.CustomNamedCurves/SecP384R1Holder","Org.BouncyCastle.Asn1.X9.X9ECParametersHolder"
-1977936056,"","SecP521R1Holder","Org.BouncyCastle.Crypto.EC.CustomNamedCurves/SecP521R1Holder","Org.BouncyCastle.Asn1.X9.X9ECParametersHolder"
2139895442,"","SecT113R1Holder","Org.BouncyCastle.Crypto.EC.CustomNamedCurves/SecT113R1Holder","Org.BouncyCastle.Asn1.X9.X9ECParametersHolder"
-661692796,"","SecT113R2Holder","Org.BouncyCastle.Crypto.EC.CustomNamedCurves/SecT113R2Holder","Org.BouncyCastle.Asn1.X9.X9ECParametersHolder"
-793084951,"","SecT131R1Holder","Org.BouncyCastle.Crypto.EC.CustomNamedCurves/SecT131R1Holder","Org.BouncyCastle.Asn1.X9.X9ECParametersHolder"
697452526,"","SecT131R2Holder","Org.BouncyCastle.Crypto.EC.CustomNamedCurves/SecT131R2Holder","Org.BouncyCastle.Asn1.X9.X9ECParametersHolder"
2136863237,"","SecT163K1Holder","Org.BouncyCastle.Crypto.EC.CustomNamedCurves/SecT163K1Holder","Org.BouncyCastle.Asn1.X9.X9ECParametersHolder"
2039406286,"","SecT163R1Holder","Org.BouncyCastle.Crypto.EC.CustomNamedCurves/SecT163R1Holder","Org.BouncyCastle.Asn1.X9.X9ECParametersHolder"
448245103,"","SecT163R2Holder","Org.BouncyCastle.Crypto.EC.CustomNamedCurves/SecT163R2Holder","Org.BouncyCastle.Asn1.X9.X9ECParametersHolder"
307024600,"","SecT233K1Holder","Org.BouncyCastle.Crypto.EC.CustomNamedCurves/SecT233K1Holder","Org.BouncyCastle.Asn1.X9.X9ECParametersHolder"
604215470,"","SecT233R1Holder","Org.BouncyCastle.Crypto.EC.CustomNamedCurves/SecT233R1Holder","Org.BouncyCastle.Asn1.X9.X9ECParametersHolder"
-812098841,"","SecT239K1Holder","Org.BouncyCastle.Crypto.EC.CustomNamedCurves/SecT239K1Holder","Org.BouncyCastle.Asn1.X9.X9ECParametersHolder"
-279376425,"","SecT283K1Holder","Org.BouncyCastle.Crypto.EC.CustomNamedCurves/SecT283K1Holder","Org.BouncyCastle.Asn1.X9.X9ECParametersHolder"
740971204,"","SecT283R1Holder","Org.BouncyCastle.Crypto.EC.CustomNamedCurves/SecT283R1Holder","Org.BouncyCastle.Asn1.X9.X9ECParametersHolder"
-258868834,"","SecT409K1Holder","Org.BouncyCastle.Crypto.EC.CustomNamedCurves/SecT409K1Holder","Org.BouncyCastle.Asn1.X9.X9ECParametersHolder"
-532186208,"","SecT409R1Holder","Org.BouncyCastle.Crypto.EC.CustomNamedCurves/SecT409R1Holder","Org.BouncyCastle.Asn1.X9.X9ECParametersHolder"
77096864,"","SecT571K1Holder","Org.BouncyCastle.Crypto.EC.CustomNamedCurves/SecT571K1Holder","Org.BouncyCastle.Asn1.X9.X9ECParametersHolder"
1768994330,"","SecT571R1Holder","Org.BouncyCastle.Crypto.EC.CustomNamedCurves/SecT571R1Holder","Org.BouncyCastle.Asn1.X9.X9ECParametersHolder"
1073494459,"Org.BouncyCastle.Crypto.Encodings","ISO9796d1Encoding","Org.BouncyCastle.Crypto.Encodings.ISO9796d1Encoding","System.Object"
1803109060,"Org.BouncyCastle.Crypto.Encodings","OaepEncoding","Org.BouncyCastle.Crypto.Encodings.OaepEncoding","System.Object"
1332999232,"Org.BouncyCastle.Crypto.Encodings","Pkcs1Encoding","Org.BouncyCastle.Crypto.Encodings.Pkcs1Encoding","System.Object"
1114363,"Org.BouncyCastle.Crypto.Engines","AesEngine","Org.BouncyCastle.Crypto.Engines.AesEngine","System.Object"
-1528330424,"Org.BouncyCastle.Crypto.Engines","AesFastEngine","Org.BouncyCastle.Crypto.Engines.AesFastEngine","System.Object"
-1632882291,"Org.BouncyCastle.Crypto.Engines","AesWrapEngine","Org.BouncyCastle.Crypto.Engines.AesWrapEngine","Org.BouncyCastle.Crypto.Engines.Rfc3394WrapEngine"
-368325653,"Org.BouncyCastle.Crypto.Engines","BlowfishEngine","Org.BouncyCastle.Crypto.Engines.BlowfishEngine","System.Object"
1415566349,"Org.BouncyCastle.Crypto.Engines","CamelliaEngine","Org.BouncyCastle.Crypto.Engines.CamelliaEngine","System.Object"
1652579450,"Org.BouncyCastle.Crypto.Engines","CamelliaWrapEngine","Org.BouncyCastle.Crypto.Engines.CamelliaWrapEngine","Org.BouncyCastle.Crypto.Engines.Rfc3394WrapEngine"
-1026231658,"Org.BouncyCastle.Crypto.Engines","Cast5Engine","Org.BouncyCastle.Crypto.Engines.Cast5Engine","System.Object"
2103802760,"Org.BouncyCastle.Crypto.Engines","Cast6Engine","Org.BouncyCastle.Crypto.Engines.Cast6Engine","Org.BouncyCastle.Crypto.Engines.Cast5Engine"
-1861867207,"Org.BouncyCastle.Crypto.Engines","ChaChaEngine","Org.BouncyCastle.Crypto.Engines.ChaChaEngine","Org.BouncyCastle.Crypto.Engines.Salsa20Engine"
-1407731201,"Org.BouncyCastle.Crypto.Engines","DesEdeEngine","Org.BouncyCastle.Crypto.Engines.DesEdeEngine","Org.BouncyCastle.Crypto.Engines.DesEngine"
1666773593,"Org.BouncyCastle.Crypto.Engines","DesEdeWrapEngine","Org.BouncyCastle.Crypto.Engines.DesEdeWrapEngine","System.Object"
-1289336693,"Org.BouncyCastle.Crypto.Engines","DesEngine","Org.BouncyCastle.Crypto.Engines.DesEngine","System.Object"
1999352672,"Org.BouncyCastle.Crypto.Engines","ElGamalEngine","Org.BouncyCastle.Crypto.Engines.ElGamalEngine","System.Object"
1710907329,"Org.BouncyCastle.Crypto.Engines","Gost28147Engine","Org.BouncyCastle.Crypto.Engines.Gost28147Engine","System.Object"
-1418387266,"Org.BouncyCastle.Crypto.Engines","HC128Engine","Org.BouncyCastle.Crypto.Engines.HC128Engine","System.Object"
1590697301,"Org.BouncyCastle.Crypto.Engines","HC256Engine","Org.BouncyCastle.Crypto.Engines.HC256Engine","System.Object"
595028324,"Org.BouncyCastle.Crypto.Engines","IdeaEngine","Org.BouncyCastle.Crypto.Engines.IdeaEngine","System.Object"
1251186119,"Org.BouncyCastle.Crypto.Engines","IesEngine","Org.BouncyCastle.Crypto.Engines.IesEngine","System.Object"
-346294179,"Org.BouncyCastle.Crypto.Engines","NoekeonEngine","Org.BouncyCastle.Crypto.Engines.NoekeonEngine","System.Object"
-973598053,"Org.BouncyCastle.Crypto.Engines","RC2Engine","Org.BouncyCastle.Crypto.Engines.RC2Engine","System.Object"
-1087219294,"Org.BouncyCastle.Crypto.Engines","RC2WrapEngine","Org.BouncyCastle.Crypto.Engines.RC2WrapEngine","System.Object"
1618186746,"Org.BouncyCastle.Crypto.Engines","RC4Engine","Org.BouncyCastle.Crypto.Engines.RC4Engine","System.Object"
-1326611084,"Org.BouncyCastle.Crypto.Engines","RC532Engine","Org.BouncyCastle.Crypto.Engines.RC532Engine","System.Object"
1683659854,"Org.BouncyCastle.Crypto.Engines","RC564Engine","Org.BouncyCastle.Crypto.Engines.RC564Engine","System.Object"
1262338928,"Org.BouncyCastle.Crypto.Engines","RC6Engine","Org.BouncyCastle.Crypto.Engines.RC6Engine","System.Object"
135895173,"Org.BouncyCastle.Crypto.Engines","Rfc3211WrapEngine","Org.BouncyCastle.Crypto.Engines.Rfc3211WrapEngine","System.Object"
2079531233,"Org.BouncyCastle.Crypto.Engines","Rfc3394WrapEngine","Org.BouncyCastle.Crypto.Engines.Rfc3394WrapEngine","System.Object"
-1231310872,"Org.BouncyCastle.Crypto.Engines","RijndaelEngine","Org.BouncyCastle.Crypto.Engines.RijndaelEngine","System.Object"
602323009,"Org.BouncyCastle.Crypto.Engines","RsaBlindedEngine","Org.BouncyCastle.Crypto.Engines.RsaBlindedEngine","System.Object"
-162826653,"Org.BouncyCastle.Crypto.Engines","RsaCoreEngine","Org.BouncyCastle.Crypto.Engines.RsaCoreEngine","System.Object"
620608828,"Org.BouncyCastle.Crypto.Engines","Salsa20Engine","Org.BouncyCastle.Crypto.Engines.Salsa20Engine","System.Object"
-1757220248,"Org.BouncyCastle.Crypto.Engines","SeedEngine","Org.BouncyCastle.Crypto.Engines.SeedEngine","System.Object"
53117390,"Org.BouncyCastle.Crypto.Engines","SeedWrapEngine","Org.BouncyCastle.Crypto.Engines.SeedWrapEngine","Org.BouncyCastle.Crypto.Engines.Rfc3394WrapEngine"
17936854,"Org.BouncyCastle.Crypto.Engines","SerpentEngine","Org.BouncyCastle.Crypto.Engines.SerpentEngine","System.Object"
-207195200,"Org.BouncyCastle.Crypto.Engines","SkipjackEngine","Org.BouncyCastle.Crypto.Engines.SkipjackEngine","System.Object"
-1870248226,"Org.BouncyCastle.Crypto.Engines","TeaEngine","Org.BouncyCastle.Crypto.Engines.TeaEngine","System.Object"
-400593419,"Org.BouncyCastle.Crypto.Engines","TwofishEngine","Org.BouncyCastle.Crypto.Engines.TwofishEngine","System.Object"
-1570805802,"Org.BouncyCastle.Crypto.Engines","VmpcEngine","Org.BouncyCastle.Crypto.Engines.VmpcEngine","System.Object"
-486878163,"Org.BouncyCastle.Crypto.Engines","VmpcKsa3Engine","Org.BouncyCastle.Crypto.Engines.VmpcKsa3Engine","Org.BouncyCastle.Crypto.Engines.VmpcEngine"
771732701,"Org.BouncyCastle.Crypto.Engines","XteaEngine","Org.BouncyCastle.Crypto.Engines.XteaEngine","System.Object"
-1049212240,"Org.BouncyCastle.Crypto.Generators","DHBasicKeyPairGenerator","Org.BouncyCastle.Crypto.Generators.DHBasicKeyPairGenerator","System.Object"
767409281,"Org.BouncyCastle.Crypto.Generators","DHKeyGeneratorHelper","Org.BouncyCastle.Crypto.Generators.DHKeyGeneratorHelper","System.Object"
-196742645,"Org.BouncyCastle.Crypto.Generators","DHKeyPairGenerator","Org.BouncyCastle.Crypto.Generators.DHKeyPairGenerator","System.Object"
-1522624737,"Org.BouncyCastle.Crypto.Generators","DHParametersHelper","Org.BouncyCastle.Crypto.Generators.DHParametersHelper","System.Object"
-523376755,"Org.BouncyCastle.Crypto.Generators","DsaKeyPairGenerator","Org.BouncyCastle.Crypto.Generators.DsaKeyPairGenerator","System.Object"
-1763427141,"Org.BouncyCastle.Crypto.Generators","ECKeyPairGenerator","Org.BouncyCastle.Crypto.Generators.ECKeyPairGenerator","System.Object"
-1414091591,"Org.BouncyCastle.Crypto.Generators","ElGamalKeyPairGenerator","Org.BouncyCastle.Crypto.Generators.ElGamalKeyPairGenerator","System.Object"
-1923990424,"Org.BouncyCastle.Crypto.Generators","Poly1305KeyGenerator","Org.BouncyCastle.Crypto.Generators.Poly1305KeyGenerator","Org.BouncyCastle.Crypto.CipherKeyGenerator"
4772799,"Org.BouncyCastle.Crypto.Generators","RsaKeyPairGenerator","Org.BouncyCastle.Crypto.Generators.RsaKeyPairGenerator","System.Object"
1223650278,"Org.BouncyCastle.Crypto","IAsymmetricBlockCipher","Org.BouncyCastle.Crypto.IAsymmetricBlockCipher",""
91385757,"Org.BouncyCastle.Crypto","IAsymmetricCipherKeyPairGenerator","Org.BouncyCastle.Crypto.IAsymmetricCipherKeyPairGenerator",""
-47522684,"Org.BouncyCastle.Crypto","IBasicAgreement","Org.BouncyCastle.Crypto.IBasicAgreement",""
1240451037,"Org.BouncyCastle.Crypto","IBlockCipher","Org.BouncyCastle.Crypto.IBlockCipher",""
115121468,"Org.BouncyCastle.Crypto","IBufferedCipher","Org.BouncyCastle.Crypto.IBufferedCipher",""
677489831,"Org.BouncyCastle.Crypto","ICipherParameters","Org.BouncyCastle.Crypto.ICipherParameters",""
-749232711,"Org.BouncyCastle.Crypto","IDerivationFunction","Org.BouncyCastle.Crypto.IDerivationFunction",""
-602083958,"Org.BouncyCastle.Crypto","IDerivationParameters","Org.BouncyCastle.Crypto.IDerivationParameters",""
1070685903,"Org.BouncyCastle.Crypto","IDigest","Org.BouncyCastle.Crypto.IDigest",""
-660083323,"Org.BouncyCastle.Crypto","IDsa","Org.BouncyCastle.Crypto.IDsa",""
378326205,"Org.BouncyCastle.Crypto","IMac","Org.BouncyCastle.Crypto.IMac",""
1259108016,"Org.BouncyCastle.Crypto","ISigner","Org.BouncyCastle.Crypto.ISigner",""
-1837135195,"Org.BouncyCastle.Crypto","ISignerWithRecovery","Org.BouncyCastle.Crypto.ISignerWithRecovery",""
-1499229820,"Org.BouncyCastle.Crypto","IStreamCipher","Org.BouncyCastle.Crypto.IStreamCipher",""
-10920990,"Org.BouncyCastle.Crypto","IWrapper","Org.BouncyCastle.Crypto.IWrapper",""
-70383892,"Org.BouncyCastle.Crypto","InvalidCipherTextException","Org.BouncyCastle.Crypto.InvalidCipherTextException","Org.BouncyCastle.Crypto.CryptoException"
1106886223,"Org.BouncyCastle.Crypto","KeyGenerationParameters","Org.BouncyCastle.Crypto.KeyGenerationParameters","System.Object"
873156478,"Org.BouncyCastle.Crypto.Macs","CMac","Org.BouncyCastle.Crypto.Macs.CMac","System.Object"
759759037,"Org.BouncyCastle.Crypto.Macs","CbcBlockCipherMac","Org.BouncyCastle.Crypto.Macs.CbcBlockCipherMac","System.Object"
1639553815,"Org.BouncyCastle.Crypto.Macs","CfbBlockCipherMac","Org.BouncyCastle.Crypto.Macs.CfbBlockCipherMac","System.Object"
-623511234,"Org.BouncyCastle.Crypto.Macs","Gost28147Mac","Org.BouncyCastle.Crypto.Macs.Gost28147Mac","System.Object"
-1440137615,"Org.BouncyCastle.Crypto.Macs","HMac","Org.BouncyCastle.Crypto.Macs.HMac","System.Object"
472633672,"Org.BouncyCastle.Crypto.Macs","ISO9797Alg3Mac","Org.BouncyCastle.Crypto.Macs.ISO9797Alg3Mac","System.Object"
1102992557,"Org.BouncyCastle.Crypto.Macs","MacCFBBlockCipher","Org.BouncyCastle.Crypto.Macs.MacCFBBlockCipher","System.Object"
412023077,"Org.BouncyCastle.Crypto.Macs","Poly1305","Org.BouncyCastle.Crypto.Macs.Poly1305","System.Object"
-2031913834,"Org.BouncyCastle.Crypto.Macs","SipHash","Org.BouncyCastle.Crypto.Macs.SipHash","System.Object"
2014559351,"Org.BouncyCastle.Crypto.Macs","VmpcMac","Org.BouncyCastle.Crypto.Macs.VmpcMac","System.Object"
-1097262764,"Org.BouncyCastle.Crypto","MaxBytesExceededException","Org.BouncyCastle.Crypto.MaxBytesExceededException","Org.BouncyCastle.Crypto.CryptoException"
1131450185,"Org.BouncyCastle.Crypto.Modes","CbcBlockCipher","Org.BouncyCastle.Crypto.Modes.CbcBlockCipher","System.Object"
1598866988,"Org.BouncyCastle.Crypto.Modes","CcmBlockCipher","Org.BouncyCastle.Crypto.Modes.CcmBlockCipher","System.Object"
251265223,"Org.BouncyCastle.Crypto.Modes","CfbBlockCipher","Org.BouncyCastle.Crypto.Modes.CfbBlockCipher","System.Object"
-638936012,"Org.BouncyCastle.Crypto.Modes","CtsBlockCipher","Org.BouncyCastle.Crypto.Modes.CtsBlockCipher","Org.BouncyCastle.Crypto.BufferedBlockCipher"
1855156767,"Org.BouncyCastle.Crypto.Modes","EaxBlockCipher","Org.BouncyCastle.Crypto.Modes.EaxBlockCipher","System.Object"
-1130394757,"","Tag","Org.BouncyCastle.Crypto.Modes.EaxBlockCipher/Tag","System.Enum"
1811663327,"Org.BouncyCastle.Crypto.Modes","GOfbBlockCipher","Org.BouncyCastle.Crypto.Modes.GOfbBlockCipher","System.Object"
-1687837189,"Org.BouncyCastle.Crypto.Modes.Gcm","GcmUtilities","Org.BouncyCastle.Crypto.Modes.Gcm.GcmUtilities","System.Object"
-1305366365,"Org.BouncyCastle.Crypto.Modes.Gcm","IGcmExponentiator","Org.BouncyCastle.Crypto.Modes.Gcm.IGcmExponentiator",""
1923145120,"Org.BouncyCastle.Crypto.Modes.Gcm","IGcmMultiplier","Org.BouncyCastle.Crypto.Modes.Gcm.IGcmMultiplier",""
-1752488815,"Org.BouncyCastle.Crypto.Modes.Gcm","Tables1kGcmExponentiator","Org.BouncyCastle.Crypto.Modes.Gcm.Tables1kGcmExponentiator","System.Object"
-336610307,"Org.BouncyCastle.Crypto.Modes.Gcm","Tables8kGcmMultiplier","Org.BouncyCastle.Crypto.Modes.Gcm.Tables8kGcmMultiplier","System.Object"
1915299833,"Org.BouncyCastle.Crypto.Modes","GcmBlockCipher","Org.BouncyCastle.Crypto.Modes.GcmBlockCipher","System.Object"
-1805758069,"Org.BouncyCastle.Crypto.Modes","IAeadBlockCipher","Org.BouncyCastle.Crypto.Modes.IAeadBlockCipher",""
-2129195984,"Org.BouncyCastle.Crypto.Modes","OcbBlockCipher","Org.BouncyCastle.Crypto.Modes.OcbBlockCipher","System.Object"
-768067711,"Org.BouncyCastle.Crypto.Modes","OfbBlockCipher","Org.BouncyCastle.Crypto.Modes.OfbBlockCipher","System.Object"
323061440,"Org.BouncyCastle.Crypto.Modes","OpenPgpCfbBlockCipher","Org.BouncyCastle.Crypto.Modes.OpenPgpCfbBlockCipher","System.Object"
-860506346,"Org.BouncyCastle.Crypto.Modes","SicBlockCipher","Org.BouncyCastle.Crypto.Modes.SicBlockCipher","System.Object"
163551609,"Org.BouncyCastle.Crypto","OutputLengthException","Org.BouncyCastle.Crypto.OutputLengthException","Org.BouncyCastle.Crypto.DataLengthException"
-277653153,"Org.BouncyCastle.Crypto.Paddings","IBlockCipherPadding","Org.BouncyCastle.Crypto.Paddings.IBlockCipherPadding",""
889758302,"Org.BouncyCastle.Crypto.Paddings","ISO10126d2Padding","Org.BouncyCastle.Crypto.Paddings.ISO10126d2Padding","System.Object"
1641678594,"Org.BouncyCastle.Crypto.Paddings","ISO7816d4Padding","Org.BouncyCastle.Crypto.Paddings.ISO7816d4Padding","System.Object"
-534354255,"Org.BouncyCastle.Crypto.Paddings","PaddedBufferedBlockCipher","Org.BouncyCastle.Crypto.Paddings.PaddedBufferedBlockCipher","Org.BouncyCastle.Crypto.BufferedBlockCipher"
1708448620,"Org.BouncyCastle.Crypto.Paddings","Pkcs7Padding","Org.BouncyCastle.Crypto.Paddings.Pkcs7Padding","System.Object"
2115112832,"Org.BouncyCastle.Crypto.Paddings","TbcPadding","Org.BouncyCastle.Crypto.Paddings.TbcPadding","System.Object"
112026494,"Org.BouncyCastle.Crypto.Paddings","X923Padding","Org.BouncyCastle.Crypto.Paddings.X923Padding","System.Object"
1380304459,"Org.BouncyCastle.Crypto.Paddings","ZeroBytePadding","Org.BouncyCastle.Crypto.Paddings.ZeroBytePadding","System.Object"
-867772208,"Org.BouncyCastle.Crypto.Parameters","AeadParameters","Org.BouncyCastle.Crypto.Parameters.AeadParameters","System.Object"
-842798496,"Org.BouncyCastle.Crypto.Parameters","DHKeyGenerationParameters","Org.BouncyCastle.Crypto.Parameters.DHKeyGenerationParameters","Org.BouncyCastle.Crypto.KeyGenerationParameters"
-1933944257,"Org.BouncyCastle.Crypto.Parameters","DHKeyParameters","Org.BouncyCastle.Crypto.Parameters.DHKeyParameters","Org.BouncyCastle.Crypto.AsymmetricKeyParameter"
-961291725,"Org.BouncyCastle.Crypto.Parameters","DHParameters","Org.BouncyCastle.Crypto.Parameters.DHParameters","System.Object"
271813994,"Org.BouncyCastle.Crypto.Parameters","DHPrivateKeyParameters","Org.BouncyCastle.Crypto.Parameters.DHPrivateKeyParameters","Org.BouncyCastle.Crypto.Parameters.DHKeyParameters"
-1113656219,"Org.BouncyCastle.Crypto.Parameters","DHPublicKeyParameters","Org.BouncyCastle.Crypto.Parameters.DHPublicKeyParameters","Org.BouncyCastle.Crypto.Parameters.DHKeyParameters"
-1238127476,"Org.BouncyCastle.Crypto.Parameters","DHValidationParameters","Org.BouncyCastle.Crypto.Parameters.DHValidationParameters","System.Object"
1942060496,"Org.BouncyCastle.Crypto.Parameters","DesEdeParameters","Org.BouncyCastle.Crypto.Parameters.DesEdeParameters","Org.BouncyCastle.Crypto.Parameters.DesParameters"
2011548900,"Org.BouncyCastle.Crypto.Parameters","DesParameters","Org.BouncyCastle.Crypto.Parameters.DesParameters","Org.BouncyCastle.Crypto.Parameters.KeyParameter"
-378552810,"Org.BouncyCastle.Crypto.Parameters","DsaKeyGenerationParameters","Org.BouncyCastle.Crypto.Parameters.DsaKeyGenerationParameters","Org.BouncyCastle.Crypto.KeyGenerationParameters"
276356148,"Org.BouncyCastle.Crypto.Parameters","DsaKeyParameters","Org.BouncyCastle.Crypto.Parameters.DsaKeyParameters","Org.BouncyCastle.Crypto.AsymmetricKeyParameter"
779157838,"Org.BouncyCastle.Crypto.Parameters","DsaParameters","Org.BouncyCastle.Crypto.Parameters.DsaParameters","System.Object"
1370099536,"Org.BouncyCastle.Crypto.Parameters","DsaPrivateKeyParameters","Org.BouncyCastle.Crypto.Parameters.DsaPrivateKeyParameters","Org.BouncyCastle.Crypto.Parameters.DsaKeyParameters"
-831395498,"Org.BouncyCastle.Crypto.Parameters","DsaPublicKeyParameters","Org.BouncyCastle.Crypto.Parameters.DsaPublicKeyParameters","Org.BouncyCastle.Crypto.Parameters.DsaKeyParameters"
-1398064550,"Org.BouncyCastle.Crypto.Parameters","DsaValidationParameters","Org.BouncyCastle.Crypto.Parameters.DsaValidationParameters","System.Object"
646968118,"Org.BouncyCastle.Crypto.Parameters","ECDomainParameters","Org.BouncyCastle.Crypto.Parameters.ECDomainParameters","System.Object"
1378416536,"Org.BouncyCastle.Crypto.Parameters","ECKeyGenerationParameters","Org.BouncyCastle.Crypto.Parameters.ECKeyGenerationParameters","Org.BouncyCastle.Crypto.KeyGenerationParameters"
838720580,"Org.BouncyCastle.Crypto.Parameters","ECKeyParameters","Org.BouncyCastle.Crypto.Parameters.ECKeyParameters","Org.BouncyCastle.Crypto.AsymmetricKeyParameter"
-259373659,"Org.BouncyCastle.Crypto.Parameters","ECPrivateKeyParameters","Org.BouncyCastle.Crypto.Parameters.ECPrivateKeyParameters","Org.BouncyCastle.Crypto.Parameters.ECKeyParameters"
2081583899,"Org.BouncyCastle.Crypto.Parameters","ECPublicKeyParameters","Org.BouncyCastle.Crypto.Parameters.ECPublicKeyParameters","Org.BouncyCastle.Crypto.Parameters.ECKeyParameters"
-1547756923,"Org.BouncyCastle.Crypto.Parameters","ElGamalKeyGenerationParameters","Org.BouncyCastle.Crypto.Parameters.ElGamalKeyGenerationParameters","Org.BouncyCastle.Crypto.KeyGenerationParameters"
-1284599008,"Org.BouncyCastle.Crypto.Parameters","ElGamalKeyParameters","Org.BouncyCastle.Crypto.Parameters.ElGamalKeyParameters","Org.BouncyCastle.Crypto.AsymmetricKeyParameter"
-1985606535,"Org.BouncyCastle.Crypto.Parameters","ElGamalParameters","Org.BouncyCastle.Crypto.Parameters.ElGamalParameters","System.Object"
1021248841,"Org.BouncyCastle.Crypto.Parameters","ElGamalPrivateKeyParameters","Org.BouncyCastle.Crypto.Parameters.ElGamalPrivateKeyParameters","Org.BouncyCastle.Crypto.Parameters.ElGamalKeyParameters"
-2016063880,"Org.BouncyCastle.Crypto.Parameters","ElGamalPublicKeyParameters","Org.BouncyCastle.Crypto.Parameters.ElGamalPublicKeyParameters","Org.BouncyCastle.Crypto.Parameters.ElGamalKeyParameters"
-1420752188,"Org.BouncyCastle.Crypto.Parameters","Gost3410KeyParameters","Org.BouncyCastle.Crypto.Parameters.Gost3410KeyParameters","Org.BouncyCastle.Crypto.AsymmetricKeyParameter"
231350910,"Org.BouncyCastle.Crypto.Parameters","Gost3410Parameters","Org.BouncyCastle.Crypto.Parameters.Gost3410Parameters","System.Object"
1135242342,"Org.BouncyCastle.Crypto.Parameters","Gost3410PrivateKeyParameters","Org.BouncyCastle.Crypto.Parameters.Gost3410PrivateKeyParameters","Org.BouncyCastle.Crypto.Parameters.Gost3410KeyParameters"
1607125578,"Org.BouncyCastle.Crypto.Parameters","Gost3410PublicKeyParameters","Org.BouncyCastle.Crypto.Parameters.Gost3410PublicKeyParameters","Org.BouncyCastle.Crypto.Parameters.Gost3410KeyParameters"
-1723574262,"Org.BouncyCastle.Crypto.Parameters","Gost3410ValidationParameters","Org.BouncyCastle.Crypto.Parameters.Gost3410ValidationParameters","System.Object"
-200596266,"Org.BouncyCastle.Crypto.Parameters","IesParameters","Org.BouncyCastle.Crypto.Parameters.IesParameters","System.Object"
-1133957442,"Org.BouncyCastle.Crypto.Parameters","IesWithCipherParameters","Org.BouncyCastle.Crypto.Parameters.IesWithCipherParameters","Org.BouncyCastle.Crypto.Parameters.IesParameters"
-1322420664,"Org.BouncyCastle.Crypto.Parameters","Iso18033KdfParameters","Org.BouncyCastle.Crypto.Parameters.Iso18033KdfParameters","System.Object"
674644135,"Org.BouncyCastle.Crypto.Parameters","KdfParameters","Org.BouncyCastle.Crypto.Parameters.KdfParameters","System.Object"
-350579993,"Org.BouncyCastle.Crypto.Parameters","KeyParameter","Org.BouncyCastle.Crypto.Parameters.KeyParameter","System.Object"
1586418974,"Org.BouncyCastle.Crypto.Parameters","MqvPrivateParameters","Org.BouncyCastle.Crypto.Parameters.MqvPrivateParameters","System.Object"
1611327359,"Org.BouncyCastle.Crypto.Parameters","MqvPublicParameters","Org.BouncyCastle.Crypto.Parameters.MqvPublicParameters","System.Object"
681998665,"Org.BouncyCastle.Crypto.Parameters","ParametersWithIV","Org.BouncyCastle.Crypto.Parameters.ParametersWithIV","System.Object"
-1018430510,"Org.BouncyCastle.Crypto.Parameters","ParametersWithRandom","Org.BouncyCastle.Crypto.Parameters.ParametersWithRandom","System.Object"
350997553,"Org.BouncyCastle.Crypto.Parameters","ParametersWithSBox","Org.BouncyCastle.Crypto.Parameters.ParametersWithSBox","System.Object"
-113464492,"Org.BouncyCastle.Crypto.Parameters","ParametersWithSalt","Org.BouncyCastle.Crypto.Parameters.ParametersWithSalt","System.Object"
-384477373,"Org.BouncyCastle.Crypto.Parameters","RC2Parameters","Org.BouncyCastle.Crypto.Parameters.RC2Parameters","Org.BouncyCastle.Crypto.Parameters.KeyParameter"
1511009905,"Org.BouncyCastle.Crypto.Parameters","RC5Parameters","Org.BouncyCastle.Crypto.Parameters.RC5Parameters","Org.BouncyCastle.Crypto.Parameters.KeyParameter"
1732356317,"Org.BouncyCastle.Crypto.Parameters","RsaBlindingParameters","Org.BouncyCastle.Crypto.Parameters.RsaBlindingParameters","System.Object"
-1600394294,"Org.BouncyCastle.Crypto.Parameters","RsaKeyGenerationParameters","Org.BouncyCastle.Crypto.Parameters.RsaKeyGenerationParameters","Org.BouncyCastle.Crypto.KeyGenerationParameters"
-959570321,"Org.BouncyCastle.Crypto.Parameters","RsaKeyParameters","Org.BouncyCastle.Crypto.Parameters.RsaKeyParameters","Org.BouncyCastle.Crypto.AsymmetricKeyParameter"
-200087132,"Org.BouncyCastle.Crypto.Parameters","RsaPrivateCrtKeyParameters","Org.BouncyCastle.Crypto.Parameters.RsaPrivateCrtKeyParameters","Org.BouncyCastle.Crypto.Parameters.RsaKeyParameters"
1779253194,"Org.BouncyCastle.Crypto","PbeParametersGenerator","Org.BouncyCastle.Crypto.PbeParametersGenerator","System.Object"
-649334598,"Org.BouncyCastle.Crypto.Prng","CryptoApiRandomGenerator","Org.BouncyCastle.Crypto.Prng.CryptoApiRandomGenerator","System.Object"
1556455701,"Org.BouncyCastle.Crypto.Prng","DigestRandomGenerator","Org.BouncyCastle.Crypto.Prng.DigestRandomGenerator","System.Object"
1804379439,"Org.BouncyCastle.Crypto.Prng","IRandomGenerator","Org.BouncyCastle.Crypto.Prng.IRandomGenerator",""
1340778141,"Org.BouncyCastle.Crypto.Signers","DsaDigestSigner","Org.BouncyCastle.Crypto.Signers.DsaDigestSigner","System.Object"
1340936698,"Org.BouncyCastle.Crypto.Signers","DsaSigner","Org.BouncyCastle.Crypto.Signers.DsaSigner","System.Object"
493925781,"Org.BouncyCastle.Crypto.Signers","ECDsaSigner","Org.BouncyCastle.Crypto.Signers.ECDsaSigner","System.Object"
-1395976331,"Org.BouncyCastle.Crypto.Signers","ECGost3410Signer","Org.BouncyCastle.Crypto.Signers.ECGost3410Signer","System.Object"
-173478188,"Org.BouncyCastle.Crypto.Signers","ECNRSigner","Org.BouncyCastle.Crypto.Signers.ECNRSigner","System.Object"
1821690305,"Org.BouncyCastle.Crypto.Signers","GenericSigner","Org.BouncyCastle.Crypto.Signers.GenericSigner","System.Object"
-128912537,"Org.BouncyCastle.Crypto.Signers","Gost3410DigestSigner","Org.BouncyCastle.Crypto.Signers.Gost3410DigestSigner","System.Object"
-940886856,"Org.BouncyCastle.Crypto.Signers","Gost3410Signer","Org.BouncyCastle.Crypto.Signers.Gost3410Signer","System.Object"
-1481561176,"Org.BouncyCastle.Crypto.Signers","HMacDsaKCalculator","Org.BouncyCastle.Crypto.Signers.HMacDsaKCalculator","System.Object"
-1380642506,"Org.BouncyCastle.Crypto.Signers","IDsaKCalculator","Org.BouncyCastle.Crypto.Signers.IDsaKCalculator",""
1294537002,"Org.BouncyCastle.Crypto.Signers","Iso9796d2Signer","Org.BouncyCastle.Crypto.Signers.Iso9796d2Signer","System.Object"
1152716463,"Org.BouncyCastle.Crypto.Signers","PssSigner","Org.BouncyCastle.Crypto.Signers.PssSigner","System.Object"
206856602,"Org.BouncyCastle.Crypto.Signers","RandomDsaKCalculator","Org.BouncyCastle.Crypto.Signers.RandomDsaKCalculator","System.Object"
83106428,"Org.BouncyCastle.Crypto.Signers","RsaDigestSigner","Org.BouncyCastle.Crypto.Signers.RsaDigestSigner","System.Object"
1971121883,"Org.BouncyCastle.Crypto.Signers","X931Signer","Org.BouncyCastle.Crypto.Signers.X931Signer","System.Object"
-1337986836,"Org.BouncyCastle.Crypto.Tls","AbstractTlsAgreementCredentials","Org.BouncyCastle.Crypto.Tls.AbstractTlsAgreementCredentials","Org.BouncyCastle.Crypto.Tls.AbstractTlsCredentials"
857058892,"Org.BouncyCastle.Crypto.Tls","AbstractTlsCipherFactory","Org.BouncyCastle.Crypto.Tls.AbstractTlsCipherFactory","System.Object"
1001415496,"Org.BouncyCastle.Crypto.Tls","AbstractTlsClient","Org.BouncyCastle.Crypto.Tls.AbstractTlsClient","Org.BouncyCastle.Crypto.Tls.AbstractTlsPeer"
-1185369905,"Org.BouncyCastle.Crypto.Tls","AbstractTlsContext","Org.BouncyCastle.Crypto.Tls.AbstractTlsContext","System.Object"
1890906914,"Org.BouncyCastle.Crypto.Tls","AbstractTlsCredentials","Org.BouncyCastle.Crypto.Tls.AbstractTlsCredentials","System.Object"
1269445571,"Org.BouncyCastle.Crypto.Tls","AbstractTlsEncryptionCredentials","Org.BouncyCastle.Crypto.Tls.AbstractTlsEncryptionCredentials","Org.BouncyCastle.Crypto.Tls.AbstractTlsCredentials"
785259936,"Org.BouncyCastle.Crypto.Tls","AbstractTlsKeyExchange","Org.BouncyCastle.Crypto.Tls.AbstractTlsKeyExchange","System.Object"
1271869197,"Org.BouncyCastle.Crypto.Tls","AbstractTlsPeer","Org.BouncyCastle.Crypto.Tls.AbstractTlsPeer","System.Object"
1753345658,"Org.BouncyCastle.Crypto.Tls","AbstractTlsServer","Org.BouncyCastle.Crypto.Tls.AbstractTlsServer","Org.BouncyCastle.Crypto.Tls.AbstractTlsPeer"
-246602467,"Org.BouncyCastle.Crypto.Tls","AbstractTlsSigner","Org.BouncyCastle.Crypto.Tls.AbstractTlsSigner","System.Object"
1327100689,"Org.BouncyCastle.Crypto.Tls","AbstractTlsSignerCredentials","Org.BouncyCastle.Crypto.Tls.AbstractTlsSignerCredentials","Org.BouncyCastle.Crypto.Tls.AbstractTlsCredentials"
1000400652,"Org.BouncyCastle.Crypto.Tls","AlertDescription","Org.BouncyCastle.Crypto.Tls.AlertDescription","System.Object"
1312724842,"Org.BouncyCastle.Crypto.Tls","AlertLevel","Org.BouncyCastle.Crypto.Tls.AlertLevel","System.Object"
-117021536,"Org.BouncyCastle.Crypto.Tls","AlwaysValidVerifyer","Org.BouncyCastle.Crypto.Tls.AlwaysValidVerifyer","System.Object"
-1504045499,"Org.BouncyCastle.Crypto.Tls","ByteQueue","Org.BouncyCastle.Crypto.Tls.ByteQueue","System.Object"
-1568018756,"Org.BouncyCastle.Crypto.Tls","CertChainType","Org.BouncyCastle.Crypto.Tls.CertChainType","System.Object"
-1094241750,"Org.BouncyCastle.Crypto.Tls","Certificate","Org.BouncyCastle.Crypto.Tls.Certificate","System.Object"
1181676087,"Org.BouncyCastle.Crypto.Tls","CertificateRequest","Org.BouncyCastle.Crypto.Tls.CertificateRequest","System.Object"
671148749,"Org.BouncyCastle.Crypto.Tls","CertificateStatus","Org.BouncyCastle.Crypto.Tls.CertificateStatus","System.Object"
1095322935,"Org.BouncyCastle.Crypto.Tls","CertificateStatusRequest","Org.BouncyCastle.Crypto.Tls.CertificateStatusRequest","System.Object"
1345847208,"Org.BouncyCastle.Crypto.Tls","CertificateStatusType","Org.BouncyCastle.Crypto.Tls.CertificateStatusType","System.Object"
850466510,"Org.BouncyCastle.Crypto.Tls","Chacha20Poly1305","Org.BouncyCastle.Crypto.Tls.Chacha20Poly1305","System.Object"
-406455639,"Org.BouncyCastle.Crypto.Tls","ChangeCipherSpec","Org.BouncyCastle.Crypto.Tls.ChangeCipherSpec","System.Object"
-753583705,"Org.BouncyCastle.Crypto.Tls","CipherSuite","Org.BouncyCastle.Crypto.Tls.CipherSuite","System.Object"
507530230,"Org.BouncyCastle.Crypto.Tls","CipherType","Org.BouncyCastle.Crypto.Tls.CipherType","System.Object"
1265417559,"Org.BouncyCastle.Crypto.Tls","ClientCertificateType","Org.BouncyCastle.Crypto.Tls.ClientCertificateType","System.Object"
1770574271,"Org.BouncyCastle.Crypto.Tls","CombinedHash","Org.BouncyCastle.Crypto.Tls.CombinedHash","System.Object"
604983347,"Org.BouncyCastle.Crypto.Tls","CompressionMethod","Org.BouncyCastle.Crypto.Tls.CompressionMethod","System.Object"
1779310457,"Org.BouncyCastle.Crypto.Tls","ConnectionEnd","Org.BouncyCastle.Crypto.Tls.ConnectionEnd","System.Object"
-462523799,"Org.BouncyCastle.Crypto.Tls","ContentType","Org.BouncyCastle.Crypto.Tls.ContentType","System.Object"
-341459790,"Org.BouncyCastle.Crypto.Tls","DatagramTransport","Org.BouncyCastle.Crypto.Tls.DatagramTransport",""
-444566836,"Org.BouncyCastle.Crypto.Tls","DefaultTlsCipherFactory","Org.BouncyCastle.Crypto.Tls.DefaultTlsCipherFactory","Org.BouncyCastle.Crypto.Tls.AbstractTlsCipherFactory"
360378653,"Org.BouncyCastle.Crypto.Tls","DefaultTlsClient","Org.BouncyCastle.Crypto.Tls.DefaultTlsClient","Org.BouncyCastle.Crypto.Tls.AbstractTlsClient"
-603945743,"Org.BouncyCastle.Crypto.Tls","DeferredHash","Org.BouncyCastle.Crypto.Tls.DeferredHash","System.Object"
98997770,"Org.BouncyCastle.Crypto.Tls","DigestInputBuffer","Org.BouncyCastle.Crypto.Tls.DigestInputBuffer","System.IO.MemoryStream"
-544988857,"","DigStream","Org.BouncyCastle.Crypto.Tls.DigestInputBuffer/DigStream","Org.BouncyCastle.Utilities.IO.BaseOutputStream"
-325011341,"Org.BouncyCastle.Crypto.Tls","DigitallySigned","Org.BouncyCastle.Crypto.Tls.DigitallySigned","System.Object"
896608334,"Org.BouncyCastle.Crypto.Tls","ECBasisType","Org.BouncyCastle.Crypto.Tls.ECBasisType","System.Object"
1776655695,"Org.BouncyCastle.Crypto.Tls","ECCurveType","Org.BouncyCastle.Crypto.Tls.ECCurveType","System.Object"
-572912821,"Org.BouncyCastle.Crypto.Tls","ECPointFormat","Org.BouncyCastle.Crypto.Tls.ECPointFormat","System.Object"
1308312811,"Org.BouncyCastle.Crypto.Tls","EncryptionAlgorithm","Org.BouncyCastle.Crypto.Tls.EncryptionAlgorithm","System.Object"
1446709126,"Org.BouncyCastle.Crypto.Tls","ExporterLabel","Org.BouncyCastle.Crypto.Tls.ExporterLabel","System.Object"
-1929365496,"Org.BouncyCastle.Crypto.Tls","ExtensionType","Org.BouncyCastle.Crypto.Tls.ExtensionType","System.Object"
-1747119746,"Org.BouncyCastle.Crypto.Tls","FiniteFieldDheGroup","Org.BouncyCastle.Crypto.Tls.FiniteFieldDheGroup","System.Object"
79246045,"Org.BouncyCastle.Crypto.Tls","HandshakeType","Org.BouncyCastle.Crypto.Tls.HandshakeType","System.Object"
-944586970,"Org.BouncyCastle.Crypto.Tls","HashAlgorithm","Org.BouncyCastle.Crypto.Tls.HashAlgorithm","System.Object"
-565046186,"Org.BouncyCastle.Crypto.Tls","HeartbeatExtension","Org.BouncyCastle.Crypto.Tls.HeartbeatExtension","System.Object"
-439069386,"Org.BouncyCastle.Crypto.Tls","HeartbeatMessageType","Org.BouncyCastle.Crypto.Tls.HeartbeatMessageType","System.Object"
1561037122,"Org.BouncyCastle.Crypto.Tls","HeartbeatMode","Org.BouncyCastle.Crypto.Tls.HeartbeatMode","System.Object"
67317698,"Org.BouncyCastle.Crypto.Tls","ICertificateVerifyer","Org.BouncyCastle.Crypto.Tls.ICertificateVerifyer",""
-236357610,"Org.BouncyCastle.Crypto.Tls","IClientCredentialsProvider","Org.BouncyCastle.Crypto.Tls.IClientCredentialsProvider",""
684845094,"Org.BouncyCastle.Crypto.Tls","KeyExchangeAlgorithm","Org.BouncyCastle.Crypto.Tls.KeyExchangeAlgorithm","System.Object"
-590154723,"Org.BouncyCastle.Crypto.Tls","LegacyTlsAuthentication","Org.BouncyCastle.Crypto.Tls.LegacyTlsAuthentication","System.Object"
1037291835,"Org.BouncyCastle.Crypto.Tls","LegacyTlsClient","Org.BouncyCastle.Crypto.Tls.LegacyTlsClient","Org.BouncyCastle.Crypto.Tls.DefaultTlsClient"
1239023359,"Org.BouncyCastle.Crypto.Tls","MacAlgorithm","Org.BouncyCastle.Crypto.Tls.MacAlgorithm","System.Object"
-1147600238,"Org.BouncyCastle.Crypto.Tls","MaxFragmentLength","Org.BouncyCastle.Crypto.Tls.MaxFragmentLength","System.Object"
-383094241,"Org.BouncyCastle.Crypto.Tls","NameType","Org.BouncyCastle.Crypto.Tls.NameType","System.Object"
1421133925,"Org.BouncyCastle.Crypto.Tls","NamedCurve","Org.BouncyCastle.Crypto.Tls.NamedCurve","System.Object"
-812106979,"Org.BouncyCastle.Crypto.Tls","NewSessionTicket","Org.BouncyCastle.Crypto.Tls.NewSessionTicket","System.Object"
-1049994279,"Org.BouncyCastle.Crypto.Tls","OcspStatusRequest","Org.BouncyCastle.Crypto.Tls.OcspStatusRequest","System.Object"
-269082548,"Org.BouncyCastle.Crypto.Tls","PrfAlgorithm","Org.BouncyCastle.Crypto.Tls.PrfAlgorithm","System.Object"
-849985649,"Org.BouncyCastle.Crypto.Tls","ProtocolVersion","Org.BouncyCastle.Crypto.Tls.ProtocolVersion","System.Object"
-1372420047,"Org.BouncyCastle.Crypto.Tls","RecordStream","Org.BouncyCastle.Crypto.Tls.RecordStream","System.Object"
873551692,"Org.BouncyCastle.Crypto.Tls","SecurityParameters","Org.BouncyCastle.Crypto.Tls.SecurityParameters","System.Object"
668481810,"Org.BouncyCastle.Crypto.Tls","ServerDHParams","Org.BouncyCastle.Crypto.Tls.ServerDHParams","System.Object"
1498481341,"Org.BouncyCastle.Crypto.Tls","ServerName","Org.BouncyCastle.Crypto.Tls.ServerName","System.Object"
312184223,"Org.BouncyCastle.Crypto.Tls","ServerNameList","Org.BouncyCastle.Crypto.Tls.ServerNameList","System.Object"
-1926508019,"Org.BouncyCastle.Crypto.Tls","SessionParameters","Org.BouncyCastle.Crypto.Tls.SessionParameters","System.Object"
-307030712,"","Builder","Org.BouncyCastle.Crypto.Tls.SessionParameters/Builder","System.Object"
1402721540,"Org.BouncyCastle.Crypto.Tls","SignatureAlgorithm","Org.BouncyCastle.Crypto.Tls.SignatureAlgorithm","System.Object"
1738339304,"Org.BouncyCastle.Crypto.Tls","SignatureAndHashAlgorithm","Org.BouncyCastle.Crypto.Tls.SignatureAndHashAlgorithm","System.Object"
-467392175,"Org.BouncyCastle.Crypto.Tls","SignerInputBuffer","Org.BouncyCastle.Crypto.Tls.SignerInputBuffer","System.IO.MemoryStream"
253990094,"","SigStream","Org.BouncyCastle.Crypto.Tls.SignerInputBuffer/SigStream","Org.BouncyCastle.Utilities.IO.BaseOutputStream"
-1668607423,"Org.BouncyCastle.Crypto.Tls","Ssl3Mac","Org.BouncyCastle.Crypto.Tls.Ssl3Mac","System.Object"
1156359495,"Org.BouncyCastle.Crypto.Tls","SupplementalDataEntry","Org.BouncyCastle.Crypto.Tls.SupplementalDataEntry","System.Object"
1023413753,"Org.BouncyCastle.Crypto.Tls","TlsAeadCipher","Org.BouncyCastle.Crypto.Tls.TlsAeadCipher","System.Object"
-104388034,"Org.BouncyCastle.Crypto.Tls","TlsAgreementCredentials","Org.BouncyCastle.Crypto.Tls.TlsAgreementCredentials",""
-1947661596,"Org.BouncyCastle.Crypto.Tls","TlsAuthentication","Org.BouncyCastle.Crypto.Tls.TlsAuthentication",""
2060273204,"Org.BouncyCastle.Crypto.Tls","TlsBlockCipher","Org.BouncyCastle.Crypto.Tls.TlsBlockCipher","System.Object"
-8970958,"Org.BouncyCastle.Crypto.Tls","TlsCipher","Org.BouncyCastle.Crypto.Tls.TlsCipher",""
-1539341754,"Org.BouncyCastle.Crypto.Tls","TlsCipherFactory","Org.BouncyCastle.Crypto.Tls.TlsCipherFactory",""
-1148856644,"Org.BouncyCastle.Crypto.Tls","TlsClient","Org.BouncyCastle.Crypto.Tls.TlsClient",""
-2054566538,"Org.BouncyCastle.Crypto.Tls","TlsClientContext","Org.BouncyCastle.Crypto.Tls.TlsClientContext",""
73086169,"Org.BouncyCastle.Crypto.Tls","TlsClientContextImpl","Org.BouncyCastle.Crypto.Tls.TlsClientContextImpl","Org.BouncyCastle.Crypto.Tls.AbstractTlsContext"
-483473881,"Org.BouncyCastle.Crypto.Tls","TlsClientProtocol","Org.BouncyCastle.Crypto.Tls.TlsClientProtocol","Org.BouncyCastle.Crypto.Tls.TlsProtocol"
378827826,"Org.BouncyCastle.Crypto.Tls","TlsCompression","Org.BouncyCastle.Crypto.Tls.TlsCompression",""
1553933166,"Org.BouncyCastle.Crypto.Tls","TlsContext","Org.BouncyCastle.Crypto.Tls.TlsContext",""
1399504165,"Org.BouncyCastle.Crypto.Tls","TlsCredentials","Org.BouncyCastle.Crypto.Tls.TlsCredentials",""
1118540138,"Org.BouncyCastle.Crypto.Tls","TlsDHKeyExchange","Org.BouncyCastle.Crypto.Tls.TlsDHKeyExchange","Org.BouncyCastle.Crypto.Tls.AbstractTlsKeyExchange"
-1304776154,"Org.BouncyCastle.Crypto.Tls","TlsDHUtilities","Org.BouncyCastle.Crypto.Tls.TlsDHUtilities","System.Object"
808610966,"Org.BouncyCastle.Crypto.Tls","TlsDeflateCompression","Org.BouncyCastle.Crypto.Tls.TlsDeflateCompression","System.Object"
-1852986513,"","DeflateOutputStream","Org.BouncyCastle.Crypto.Tls.TlsDeflateCompression/DeflateOutputStream","Org.BouncyCastle.Utilities.Zlib.ZOutputStream"
-127668759,"Org.BouncyCastle.Crypto.Tls","TlsDheKeyExchange","Org.BouncyCastle.Crypto.Tls.TlsDheKeyExchange","Org.BouncyCastle.Crypto.Tls.TlsDHKeyExchange"
-1391540662,"Org.BouncyCastle.Crypto.Tls","TlsDsaSigner","Org.BouncyCastle.Crypto.Tls.TlsDsaSigner","Org.BouncyCastle.Crypto.Tls.AbstractTlsSigner"
895442238,"Org.BouncyCastle.Crypto.Tls","TlsDssSigner","Org.BouncyCastle.Crypto.Tls.TlsDssSigner","Org.BouncyCastle.Crypto.Tls.TlsDsaSigner"
-1604591297,"Org.BouncyCastle.Crypto.Tls","TlsECDHKeyExchange","Org.BouncyCastle.Crypto.Tls.TlsECDHKeyExchange","Org.BouncyCastle.Crypto.Tls.AbstractTlsKeyExchange"
-1538084826,"Org.BouncyCastle.Crypto.Tls","TlsECDheKeyExchange","Org.BouncyCastle.Crypto.Tls.TlsECDheKeyExchange","Org.BouncyCastle.Crypto.Tls.TlsECDHKeyExchange"
-760742817,"Org.BouncyCastle.Crypto.Tls","TlsECDsaSigner","Org.BouncyCastle.Crypto.Tls.TlsECDsaSigner","Org.BouncyCastle.Crypto.Tls.TlsDsaSigner"
-1545929297,"Org.BouncyCastle.Crypto.Tls","TlsEccUtilities","Org.BouncyCastle.Crypto.Tls.TlsEccUtilities","System.Object"
712157514,"Org.BouncyCastle.Crypto.Tls","TlsEncryptionCredentials","Org.BouncyCastle.Crypto.Tls.TlsEncryptionCredentials",""
900074261,"Org.BouncyCastle.Crypto.Tls","TlsExtensionsUtilities","Org.BouncyCastle.Crypto.Tls.TlsExtensionsUtilities","System.Object"
-1014326062,"Org.BouncyCastle.Crypto.Tls","TlsFatalAlert","Org.BouncyCastle.Crypto.Tls.TlsFatalAlert","System.IO.IOException"
1733711534,"Org.BouncyCastle.Crypto.Tls","TlsHandshakeHash","Org.BouncyCastle.Crypto.Tls.TlsHandshakeHash",""
-1597512780,"Org.BouncyCastle.Crypto.Tls","TlsKeyExchange","Org.BouncyCastle.Crypto.Tls.TlsKeyExchange",""
-855303310,"Org.BouncyCastle.Crypto.Tls","TlsMac","Org.BouncyCastle.Crypto.Tls.TlsMac","System.Object"
-1075362537,"Org.BouncyCastle.Crypto.Tls","TlsNullCipher","Org.BouncyCastle.Crypto.Tls.TlsNullCipher","System.Object"
-900579695,"Org.BouncyCastle.Crypto.Tls","TlsNullCompression","Org.BouncyCastle.Crypto.Tls.TlsNullCompression","System.Object"
1881507575,"Org.BouncyCastle.Crypto.Tls","TlsPeer","Org.BouncyCastle.Crypto.Tls.TlsPeer",""
-33223221,"Org.BouncyCastle.Crypto.Tls","TlsProtocol","Org.BouncyCastle.Crypto.Tls.TlsProtocol","System.Object"
478333692,"","HandshakeMessage","Org.BouncyCastle.Crypto.Tls.TlsProtocol/HandshakeMessage","System.IO.MemoryStream"
796222325,"Org.BouncyCastle.Crypto.Tls","TlsRsaKeyExchange","Org.BouncyCastle.Crypto.Tls.TlsRsaKeyExchange","Org.BouncyCastle.Crypto.Tls.AbstractTlsKeyExchange"
-1575148228,"Org.BouncyCastle.Crypto.Tls","TlsRsaSigner","Org.BouncyCastle.Crypto.Tls.TlsRsaSigner","Org.BouncyCastle.Crypto.Tls.AbstractTlsSigner"
-1295195218,"Org.BouncyCastle.Crypto.Tls","TlsRsaUtilities","Org.BouncyCastle.Crypto.Tls.TlsRsaUtilities","System.Object"
353365193,"Org.BouncyCastle.Crypto.Tls","TlsServer","Org.BouncyCastle.Crypto.Tls.TlsServer",""
2099557319,"Org.BouncyCastle.Crypto.Tls","TlsServerContext","Org.BouncyCastle.Crypto.Tls.TlsServerContext",""
-1118401652,"Org.BouncyCastle.Crypto.Tls","TlsServerContextImpl","Org.BouncyCastle.Crypto.Tls.TlsServerContextImpl","Org.BouncyCastle.Crypto.Tls.AbstractTlsContext"
-251944387,"Org.BouncyCastle.Crypto.Tls","TlsSession","Org.BouncyCastle.Crypto.Tls.TlsSession",""
-1126591565,"Org.BouncyCastle.Crypto.Tls","TlsSessionImpl","Org.BouncyCastle.Crypto.Tls.TlsSessionImpl","System.Object"
2031973116,"Org.BouncyCastle.Crypto.Tls","TlsSigner","Org.BouncyCastle.Crypto.Tls.TlsSigner",""
-438326330,"Org.BouncyCastle.Crypto.Tls","TlsSignerCredentials","Org.BouncyCastle.Crypto.Tls.TlsSignerCredentials",""
1119172418,"Org.BouncyCastle.Crypto.Tls","TlsStream","Org.BouncyCastle.Crypto.Tls.TlsStream","System.IO.Stream"
-1044195608,"Org.BouncyCastle.Crypto.Tls","TlsStreamCipher","Org.BouncyCastle.Crypto.Tls.TlsStreamCipher","System.Object"
-1352218171,"Org.BouncyCastle.Crypto.Tls","TlsUtilities","Org.BouncyCastle.Crypto.Tls.TlsUtilities","System.Object"
525798656,"Org.BouncyCastle.Crypto.Utilities","Pack","Org.BouncyCastle.Crypto.Utilities.Pack","System.Object"
-200178097,"Org.BouncyCastle.Math","BigInteger","Org.BouncyCastle.Math.BigInteger","System.Object"
766099609,"Org.BouncyCastle.Math.EC.Abc","SimpleBigDecimal","Org.BouncyCastle.Math.EC.Abc.SimpleBigDecimal","System.Object"
-1357362033,"Org.BouncyCastle.Math.EC.Abc","Tnaf","Org.BouncyCastle.Math.EC.Abc.Tnaf","System.Object"
-1073861145,"Org.BouncyCastle.Math.EC.Abc","ZTauElement","Org.BouncyCastle.Math.EC.Abc.ZTauElement","System.Object"
1837446138,"Org.BouncyCastle.Math.EC","AbstractF2mCurve","Org.BouncyCastle.Math.EC.AbstractF2mCurve","Org.BouncyCastle.Math.EC.ECCurve"
-821083751,"Org.BouncyCastle.Math.EC","AbstractF2mPoint","Org.BouncyCastle.Math.EC.AbstractF2mPoint","Org.BouncyCastle.Math.EC.ECPointBase"
1133347319,"Org.BouncyCastle.Math.EC","AbstractFpCurve","Org.BouncyCastle.Math.EC.AbstractFpCurve","Org.BouncyCastle.Math.EC.ECCurve"
-559036201,"Org.BouncyCastle.Math.EC","AbstractFpPoint","Org.BouncyCastle.Math.EC.AbstractFpPoint","Org.BouncyCastle.Math.EC.ECPointBase"
-617766851,"Org.BouncyCastle.Math.EC.Custom.Djb","Curve25519","Org.BouncyCastle.Math.EC.Custom.Djb.Curve25519","Org.BouncyCastle.Math.EC.AbstractFpCurve"
-2061951450,"Org.BouncyCastle.Math.EC.Custom.Djb","Curve25519Field","Org.BouncyCastle.Math.EC.Custom.Djb.Curve25519Field","System.Object"
-177499099,"Org.BouncyCastle.Math.EC.Custom.Djb","Curve25519FieldElement","Org.BouncyCastle.Math.EC.Custom.Djb.Curve25519FieldElement","Org.BouncyCastle.Math.EC.ECFieldElement"
-2052516897,"Org.BouncyCastle.Math.EC.Custom.Djb","Curve25519Point","Org.BouncyCastle.Math.EC.Custom.Djb.Curve25519Point","Org.BouncyCastle.Math.EC.AbstractFpPoint"
-53973595,"Org.BouncyCastle.Math.EC.Custom.Sec","SecP128R1Curve","Org.BouncyCastle.Math.EC.Custom.Sec.SecP128R1Curve","Org.BouncyCastle.Math.EC.AbstractFpCurve"
1420700938,"Org.BouncyCastle.Math.EC.Custom.Sec","SecP128R1Field","Org.BouncyCastle.Math.EC.Custom.Sec.SecP128R1Field","System.Object"
285892112,"Org.BouncyCastle.Math.EC.Custom.Sec","SecP128R1FieldElement","Org.BouncyCastle.Math.EC.Custom.Sec.SecP128R1FieldElement","Org.BouncyCastle.Math.EC.ECFieldElement"
-1768631013,"Org.BouncyCastle.Math.EC.Custom.Sec","SecP128R1Point","Org.BouncyCastle.Math.EC.Custom.Sec.SecP128R1Point","Org.BouncyCastle.Math.EC.AbstractFpPoint"
-1333412270,"Org.BouncyCastle.Math.EC.Custom.Sec","SecP160K1Curve","Org.BouncyCastle.Math.EC.Custom.Sec.SecP160K1Curve","Org.BouncyCastle.Math.EC.AbstractFpCurve"
-1006023600,"Org.BouncyCastle.Math.EC.Custom.Sec","SecP160K1Point","Org.BouncyCastle.Math.EC.Custom.Sec.SecP160K1Point","Org.BouncyCastle.Math.EC.AbstractFpPoint"
-965507618,"Org.BouncyCastle.Math.EC.Custom.Sec","SecP160R1Curve","Org.BouncyCastle.Math.EC.Custom.Sec.SecP160R1Curve","Org.BouncyCastle.Math.EC.AbstractFpCurve"
-2110039435,"Org.BouncyCastle.Math.EC.Custom.Sec","SecP160R1Field","Org.BouncyCastle.Math.EC.Custom.Sec.SecP160R1Field","System.Object"
258885479,"Org.BouncyCastle.Math.EC.Custom.Sec","SecP160R1FieldElement","Org.BouncyCastle.Math.EC.Custom.Sec.SecP160R1FieldElement","Org.BouncyCastle.Math.EC.ECFieldElement"
-797176825,"Org.BouncyCastle.Math.EC.Custom.Sec","SecP160R1Point","Org.BouncyCastle.Math.EC.Custom.Sec.SecP160R1Point","Org.BouncyCastle.Math.EC.AbstractFpPoint"
1352882601,"Org.BouncyCastle.Math.EC.Custom.Sec","SecP160R2Curve","Org.BouncyCastle.Math.EC.Custom.Sec.SecP160R2Curve","Org.BouncyCastle.Math.EC.AbstractFpCurve"
-914398393,"Org.BouncyCastle.Math.EC.Custom.Sec","SecP160R2Field","Org.BouncyCastle.Math.EC.Custom.Sec.SecP160R2Field","System.Object"
-1852737581,"Org.BouncyCastle.Math.EC.Custom.Sec","SecP160R2FieldElement","Org.BouncyCastle.Math.EC.Custom.Sec.SecP160R2FieldElement","Org.BouncyCastle.Math.EC.ECFieldElement"
1973645725,"Org.BouncyCastle.Math.EC.Custom.Sec","SecP160R2Point","Org.BouncyCastle.Math.EC.Custom.Sec.SecP160R2Point","Org.BouncyCastle.Math.EC.AbstractFpPoint"
-238798765,"Org.BouncyCastle.Math.EC.Custom.Sec","SecP192K1Curve","Org.BouncyCastle.Math.EC.Custom.Sec.SecP192K1Curve","Org.BouncyCastle.Math.EC.AbstractFpCurve"
1006682738,"Org.BouncyCastle.Math.EC.Custom.Sec","SecP192K1Field","Org.BouncyCastle.Math.EC.Custom.Sec.SecP192K1Field","System.Object"
-1946098119,"Org.BouncyCastle.Math.EC.Custom.Sec","SecP192K1FieldElement","Org.BouncyCastle.Math.EC.Custom.Sec.SecP192K1FieldElement","Org.BouncyCastle.Math.EC.ECFieldElement"
-278289557,"Org.BouncyCastle.Math.EC.Custom.Sec","SecP192K1Point","Org.BouncyCastle.Math.EC.Custom.Sec.SecP192K1Point","Org.BouncyCastle.Math.EC.AbstractFpPoint"
1111971416,"Org.BouncyCastle.Math.EC.Custom.Sec","SecP192R1Curve","Org.BouncyCastle.Math.EC.Custom.Sec.SecP192R1Curve","Org.BouncyCastle.Math.EC.AbstractFpCurve"
-1762802839,"Org.BouncyCastle.Math.EC.Custom.Sec","SecP192R1Field","Org.BouncyCastle.Math.EC.Custom.Sec.SecP192R1Field","System.Object"
-2144688975,"Org.BouncyCastle.Math.EC.Custom.Sec","SecP192R1FieldElement","Org.BouncyCastle.Math.EC.Custom.Sec.SecP192R1FieldElement","Org.BouncyCastle.Math.EC.ECFieldElement"
-833611233,"Org.BouncyCastle.Math.EC.Custom.Sec","SecP192R1Point","Org.BouncyCastle.Math.EC.Custom.Sec.SecP192R1Point","Org.BouncyCastle.Math.EC.AbstractFpPoint"
1533050641,"Org.BouncyCastle.Math.EC.Custom.Sec","SecP224K1Curve","Org.BouncyCastle.Math.EC.Custom.Sec.SecP224K1Curve","Org.BouncyCastle.Math.EC.AbstractFpCurve"
-1133888385,"Org.BouncyCastle.Math.EC.Custom.Sec","SecP224K1Field","Org.BouncyCastle.Math.EC.Custom.Sec.SecP224K1Field","System.Object"
280240655,"Org.BouncyCastle.Math.EC.Custom.Sec","SecP224K1FieldElement","Org.BouncyCastle.Math.EC.Custom.Sec.SecP224K1FieldElement","Org.BouncyCastle.Math.EC.ECFieldElement"
1906722657,"Org.BouncyCastle.Math.EC.Custom.Sec","SecP224K1Point","Org.BouncyCastle.Math.EC.Custom.Sec.SecP224K1Point","Org.BouncyCastle.Math.EC.AbstractFpPoint"
-1782460195,"Org.BouncyCastle.Math.EC.Custom.Sec","SecP224R1Curve","Org.BouncyCastle.Math.EC.Custom.Sec.SecP224R1Curve","Org.BouncyCastle.Math.EC.AbstractFpCurve"
-675700945,"Org.BouncyCastle.Math.EC.Custom.Sec","SecP224R1Field","Org.BouncyCastle.Math.EC.Custom.Sec.SecP224R1Field","System.Object"
-630988843,"Org.BouncyCastle.Math.EC.Custom.Sec","SecP224R1FieldElement","Org.BouncyCastle.Math.EC.Custom.Sec.SecP224R1FieldElement","Org.BouncyCastle.Math.EC.ECFieldElement"
-1117945371,"Org.BouncyCastle.Math.EC.Custom.Sec","SecP224R1Point","Org.BouncyCastle.Math.EC.Custom.Sec.SecP224R1Point","Org.BouncyCastle.Math.EC.AbstractFpPoint"
-1470057955,"Org.BouncyCastle.Math.EC.Custom.Sec","SecP256K1Curve","Org.BouncyCastle.Math.EC.Custom.Sec.SecP256K1Curve","Org.BouncyCastle.Math.EC.AbstractFpCurve"
86813793,"Org.BouncyCastle.Math.EC.Custom.Sec","SecP256K1Field","Org.BouncyCastle.Math.EC.Custom.Sec.SecP256K1Field","System.Object"
742043002,"Org.BouncyCastle.Math.EC.Custom.Sec","SecP256K1FieldElement","Org.BouncyCastle.Math.EC.Custom.Sec.SecP256K1FieldElement","Org.BouncyCastle.Math.EC.ECFieldElement"
-299500857,"Org.BouncyCastle.Math.EC.Custom.Sec","SecP256K1Point","Org.BouncyCastle.Math.EC.Custom.Sec.SecP256K1Point","Org.BouncyCastle.Math.EC.AbstractFpPoint"
895774540,"Org.BouncyCastle.Math.EC.Custom.Sec","SecP256R1Curve","Org.BouncyCastle.Math.EC.Custom.Sec.SecP256R1Curve","Org.BouncyCastle.Math.EC.AbstractFpCurve"
-1190846636,"Org.BouncyCastle.Math.EC.Custom.Sec","SecP256R1Field","Org.BouncyCastle.Math.EC.Custom.Sec.SecP256R1Field","System.Object"
-276210468,"Org.BouncyCastle.Math.EC.Custom.Sec","SecP256R1FieldElement","Org.BouncyCastle.Math.EC.Custom.Sec.SecP256R1FieldElement","Org.BouncyCastle.Math.EC.ECFieldElement"
1093488355,"Org.BouncyCastle.Math.EC.Custom.Sec","SecP256R1Point","Org.BouncyCastle.Math.EC.Custom.Sec.SecP256R1Point","Org.BouncyCastle.Math.EC.AbstractFpPoint"
-1802424970,"Org.BouncyCastle.Math.EC.Custom.Sec","SecP384R1Curve","Org.BouncyCastle.Math.EC.Custom.Sec.SecP384R1Curve","Org.BouncyCastle.Math.EC.AbstractFpCurve"
-1657488290,"Org.BouncyCastle.Math.EC.Custom.Sec","SecP384R1Field","Org.BouncyCastle.Math.EC.Custom.Sec.SecP384R1Field","System.Object"
277832858,"Org.BouncyCastle.Math.EC.Custom.Sec","SecP384R1FieldElement","Org.BouncyCastle.Math.EC.Custom.Sec.SecP384R1FieldElement","Org.BouncyCastle.Math.EC.ECFieldElement"
1404714844,"Org.BouncyCastle.Math.EC.Custom.Sec","SecP384R1Point","Org.BouncyCastle.Math.EC.Custom.Sec.SecP384R1Point","Org.BouncyCastle.Math.EC.AbstractFpPoint"
1577139837,"Org.BouncyCastle.Math.EC.Custom.Sec","SecP521R1Curve","Org.BouncyCastle.Math.EC.Custom.Sec.SecP521R1Curve","Org.BouncyCastle.Math.EC.AbstractFpCurve"
-20550256,"Org.BouncyCastle.Math.EC.Custom.Sec","SecP521R1Field","Org.BouncyCastle.Math.EC.Custom.Sec.SecP521R1Field","System.Object"
1218918463,"Org.BouncyCastle.Math.EC.Custom.Sec","SecP521R1FieldElement","Org.BouncyCastle.Math.EC.Custom.Sec.SecP521R1FieldElement","Org.BouncyCastle.Math.EC.ECFieldElement"
908441341,"Org.BouncyCastle.Math.EC.Custom.Sec","SecP521R1Point","Org.BouncyCastle.Math.EC.Custom.Sec.SecP521R1Point","Org.BouncyCastle.Math.EC.AbstractFpPoint"
-819777254,"Org.BouncyCastle.Math.EC.Custom.Sec","SecT113Field","Org.BouncyCastle.Math.EC.Custom.Sec.SecT113Field","System.Object"
936795949,"Org.BouncyCastle.Math.EC.Custom.Sec","SecT113FieldElement","Org.BouncyCastle.Math.EC.Custom.Sec.SecT113FieldElement","Org.BouncyCastle.Math.EC.ECFieldElement"
188826253,"Org.BouncyCastle.Math.EC.Custom.Sec","SecT113R1Curve","Org.BouncyCastle.Math.EC.Custom.Sec.SecT113R1Curve","Org.BouncyCastle.Math.EC.AbstractF2mCurve"
1311330671,"Org.BouncyCastle.Math.EC.Custom.Sec","SecT113R1Point","Org.BouncyCastle.Math.EC.Custom.Sec.SecT113R1Point","Org.BouncyCastle.Math.EC.AbstractF2mPoint"
1457029212,"Org.BouncyCastle.Math.EC.Custom.Sec","SecT113R2Curve","Org.BouncyCastle.Math.EC.Custom.Sec.SecT113R2Curve","Org.BouncyCastle.Math.EC.AbstractF2mCurve"
1109914328,"Org.BouncyCastle.Math.EC.Custom.Sec","SecT113R2Point","Org.BouncyCastle.Math.EC.Custom.Sec.SecT113R2Point","Org.BouncyCastle.Math.EC.AbstractF2mPoint"
1015399660,"Org.BouncyCastle.Math.EC.Custom.Sec","SecT131Field","Org.BouncyCastle.Math.EC.Custom.Sec.SecT131Field","System.Object"
1024534742,"Org.BouncyCastle.Math.EC.Custom.Sec","SecT131FieldElement","Org.BouncyCastle.Math.EC.Custom.Sec.SecT131FieldElement","Org.BouncyCastle.Math.EC.ECFieldElement"
-1336872793,"Org.BouncyCastle.Math.EC.Custom.Sec","SecT131R1Curve","Org.BouncyCastle.Math.EC.Custom.Sec.SecT131R1Curve","Org.BouncyCastle.Math.EC.AbstractF2mCurve"
345303191,"Org.BouncyCastle.Math.EC.Custom.Sec","SecT131R1Point","Org.BouncyCastle.Math.EC.Custom.Sec.SecT131R1Point","Org.BouncyCastle.Math.EC.AbstractF2mPoint"
452920405,"Org.BouncyCastle.Math.EC.Custom.Sec","SecT131R2Curve","Org.BouncyCastle.Math.EC.Custom.Sec.SecT131R2Curve","Org.BouncyCastle.Math.EC.AbstractF2mCurve"
-2005139028,"Org.BouncyCastle.Math.EC.Custom.Sec","SecT131R2Point","Org.BouncyCastle.Math.EC.Custom.Sec.SecT131R2Point","Org.BouncyCastle.Math.EC.AbstractF2mPoint"
-1087356451,"Org.BouncyCastle.Math.EC.Custom.Sec","SecT163Field","Org.BouncyCastle.Math.EC.Custom.Sec.SecT163Field","System.Object"
-303129497,"Org.BouncyCastle.Math.EC.Custom.Sec","SecT163FieldElement","Org.BouncyCastle.Math.EC.Custom.Sec.SecT163FieldElement","Org.BouncyCastle.Math.EC.ECFieldElement"
-1044703071,"Org.BouncyCastle.Math.EC.Custom.Sec","SecT163K1Curve","Org.BouncyCastle.Math.EC.Custom.Sec.SecT163K1Curve","Org.BouncyCastle.Math.EC.AbstractF2mCurve"
-790080559,"Org.BouncyCastle.Math.EC.Custom.Sec","SecT163K1Point","Org.BouncyCastle.Math.EC.Custom.Sec.SecT163K1Point","Org.BouncyCastle.Math.EC.AbstractF2mPoint"
1038724377,"Org.BouncyCastle.Math.EC.Custom.Sec","SecT163R1Curve","Org.BouncyCastle.Math.EC.Custom.Sec.SecT163R1Curve","Org.BouncyCastle.Math.EC.AbstractF2mCurve"
777311751,"Org.BouncyCastle.Math.EC.Custom.Sec","SecT163R1Point","Org.BouncyCastle.Math.EC.Custom.Sec.SecT163R1Point","Org.BouncyCastle.Math.EC.AbstractF2mPoint"
-1204906399,"Org.BouncyCastle.Math.EC.Custom.Sec","SecT163R2Curve","Org.BouncyCastle.Math.EC.Custom.Sec.SecT163R2Curve","Org.BouncyCastle.Math.EC.AbstractF2mCurve"
-1994447897,"Org.BouncyCastle.Math.EC.Custom.Sec","SecT163R2Point","Org.BouncyCastle.Math.EC.Custom.Sec.SecT163R2Point","Org.BouncyCastle.Math.EC.AbstractF2mPoint"
-1038482029,"Org.BouncyCastle.Math.EC.Custom.Sec","SecT233Field","Org.BouncyCastle.Math.EC.Custom.Sec.SecT233Field","System.Object"
2049001406,"Org.BouncyCastle.Math.EC.Custom.Sec","SecT233FieldElement","Org.BouncyCastle.Math.EC.Custom.Sec.SecT233FieldElement","Org.BouncyCastle.Math.EC.ECFieldElement"
-832990351,"Org.BouncyCastle.Math.EC.Custom.Sec","SecT233K1Curve","Org.BouncyCastle.Math.EC.Custom.Sec.SecT233K1Curve","Org.BouncyCastle.Math.EC.AbstractF2mCurve"
1660394625,"Org.BouncyCastle.Math.EC.Custom.Sec","SecT233K1Point","Org.BouncyCastle.Math.EC.Custom.Sec.SecT233K1Point","Org.BouncyCastle.Math.EC.AbstractF2mPoint"
2053550311,"Org.BouncyCastle.Math.EC.Custom.Sec","SecT233R1Curve","Org.BouncyCastle.Math.EC.Custom.Sec.SecT233R1Curve","Org.BouncyCastle.Math.EC.AbstractF2mCurve"
-1188084669,"Org.BouncyCastle.Math.EC.Custom.Sec","SecT233R1Point","Org.BouncyCastle.Math.EC.Custom.Sec.SecT233R1Point","Org.BouncyCastle.Math.EC.AbstractF2mPoint"
-1361941969,"Org.BouncyCastle.Math.EC.Custom.Sec","SecT239Field","Org.BouncyCastle.Math.EC.Custom.Sec.SecT239Field","System.Object"
-621870098,"Org.BouncyCastle.Math.EC.Custom.Sec","SecT239FieldElement","Org.BouncyCastle.Math.EC.Custom.Sec.SecT239FieldElement","Org.BouncyCastle.Math.EC.ECFieldElement"
-948533194,"Org.BouncyCastle.Math.EC.Custom.Sec","SecT239K1Curve","Org.BouncyCastle.Math.EC.Custom.Sec.SecT239K1Curve","Org.BouncyCastle.Math.EC.AbstractF2mCurve"
1569892616,"Org.BouncyCastle.Math.EC.Custom.Sec","SecT239K1Point","Org.BouncyCastle.Math.EC.Custom.Sec.SecT239K1Point","Org.BouncyCastle.Math.EC.AbstractF2mPoint"
1791364162,"Org.BouncyCastle.Math.EC.Custom.Sec","SecT283Field","Org.BouncyCastle.Math.EC.Custom.Sec.SecT283Field","System.Object"
-1409219338,"Org.BouncyCastle.Math.EC.Custom.Sec","SecT283FieldElement","Org.BouncyCastle.Math.EC.Custom.Sec.SecT283FieldElement","Org.BouncyCastle.Math.EC.ECFieldElement"
1042871277,"Org.BouncyCastle.Math.EC.Custom.Sec","SecT283K1Curve","Org.BouncyCastle.Math.EC.Custom.Sec.SecT283K1Curve","Org.BouncyCastle.Math.EC.AbstractF2mCurve"
-325829924,"Org.BouncyCastle.Math.EC.Custom.Sec","SecT283K1Point","Org.BouncyCastle.Math.EC.Custom.Sec.SecT283K1Point","Org.BouncyCastle.Math.EC.AbstractF2mPoint"
-1464844977,"Org.BouncyCastle.Math.EC.Custom.Sec","SecT283R1Curve","Org.BouncyCastle.Math.EC.Custom.Sec.SecT283R1Curve","Org.BouncyCastle.Math.EC.AbstractF2mCurve"
1397919877,"Org.BouncyCastle.Math.EC.Custom.Sec","SecT283R1Point","Org.BouncyCastle.Math.EC.Custom.Sec.SecT283R1Point","Org.BouncyCastle.Math.EC.AbstractF2mPoint"
-529477735,"Org.BouncyCastle.Math.EC.Custom.Sec","SecT409Field","Org.BouncyCastle.Math.EC.Custom.Sec.SecT409Field","System.Object"
1034776938,"Org.BouncyCastle.Math.EC.Custom.Sec","SecT409FieldElement","Org.BouncyCastle.Math.EC.Custom.Sec.SecT409FieldElement","Org.BouncyCastle.Math.EC.ECFieldElement"
-1215390907,"Org.BouncyCastle.Math.EC.Custom.Sec","SecT409K1Curve","Org.BouncyCastle.Math.EC.Custom.Sec.SecT409K1Curve","Org.BouncyCastle.Math.EC.AbstractF2mCurve"
-1922393403,"Org.BouncyCastle.Math.EC.Custom.Sec","SecT409K1Point","Org.BouncyCastle.Math.EC.Custom.Sec.SecT409K1Point","Org.BouncyCastle.Math.EC.AbstractF2mPoint"
-410908524,"Org.BouncyCastle.Math.EC.Custom.Sec","SecT409R1Curve","Org.BouncyCastle.Math.EC.Custom.Sec.SecT409R1Curve","Org.BouncyCastle.Math.EC.AbstractF2mCurve"
1081678947,"Org.BouncyCastle.Math.EC.Custom.Sec","SecT409R1Point","Org.BouncyCastle.Math.EC.Custom.Sec.SecT409R1Point","Org.BouncyCastle.Math.EC.AbstractF2mPoint"
1570344879,"Org.BouncyCastle.Math.EC.Custom.Sec","SecT571Field","Org.BouncyCastle.Math.EC.Custom.Sec.SecT571Field","System.Object"
-1270836576,"Org.BouncyCastle.Math.EC.Custom.Sec","SecT571FieldElement","Org.BouncyCastle.Math.EC.Custom.Sec.SecT571FieldElement","Org.BouncyCastle.Math.EC.ECFieldElement"
1858358092,"Org.BouncyCastle.Math.EC.Custom.Sec","SecT571K1Curve","Org.BouncyCastle.Math.EC.Custom.Sec.SecT571K1Curve","Org.BouncyCastle.Math.EC.AbstractF2mCurve"
-1359711875,"Org.BouncyCastle.Math.EC.Custom.Sec","SecT571K1Point","Org.BouncyCastle.Math.EC.Custom.Sec.SecT571K1Point","Org.BouncyCastle.Math.EC.AbstractF2mPoint"
881080819,"Org.BouncyCastle.Math.EC.Custom.Sec","SecT571R1Curve","Org.BouncyCastle.Math.EC.Custom.Sec.SecT571R1Curve","Org.BouncyCastle.Math.EC.AbstractF2mCurve"
-190199500,"Org.BouncyCastle.Math.EC.Custom.Sec","SecT571R1Point","Org.BouncyCastle.Math.EC.Custom.Sec.SecT571R1Point","Org.BouncyCastle.Math.EC.AbstractF2mPoint"
71039699,"Org.BouncyCastle.Math.EC","ECAlgorithms","Org.BouncyCastle.Math.EC.ECAlgorithms","System.Object"
-1853631048,"Org.BouncyCastle.Math.EC","ECCurve","Org.BouncyCastle.Math.EC.ECCurve","System.Object"
1598915159,"","Config","Org.BouncyCastle.Math.EC.ECCurve/Config","System.Object"
171626269,"Org.BouncyCastle.Math.EC","ECFieldElement","Org.BouncyCastle.Math.EC.ECFieldElement","System.Object"
124183537,"Org.BouncyCastle.Math.EC","ECPoint","Org.BouncyCastle.Math.EC.ECPoint","System.Object"
-1223696230,"Org.BouncyCastle.Math.EC","ECPointBase","Org.BouncyCastle.Math.EC.ECPointBase","Org.BouncyCastle.Math.EC.ECPoint"
-2115723157,"Org.BouncyCastle.Math.EC","ECPointMap","Org.BouncyCastle.Math.EC.ECPointMap",""
380640146,"Org.BouncyCastle.Math.EC.Endo","ECEndomorphism","Org.BouncyCastle.Math.EC.Endo.ECEndomorphism",""
-1142124001,"Org.BouncyCastle.Math.EC.Endo","GlvEndomorphism","Org.BouncyCastle.Math.EC.Endo.GlvEndomorphism",""
-736364896,"Org.BouncyCastle.Math.EC.Endo","GlvTypeBEndomorphism","Org.BouncyCastle.Math.EC.Endo.GlvTypeBEndomorphism","System.Object"
521722267,"Org.BouncyCastle.Math.EC.Endo","GlvTypeBParameters","Org.BouncyCastle.Math.EC.Endo.GlvTypeBParameters","System.Object"
279615970,"Org.BouncyCastle.Math.EC","F2mCurve","Org.BouncyCastle.Math.EC.F2mCurve","Org.BouncyCastle.Math.EC.AbstractF2mCurve"
-1904736449,"Org.BouncyCastle.Math.EC","F2mFieldElement","Org.BouncyCastle.Math.EC.F2mFieldElement","Org.BouncyCastle.Math.EC.ECFieldElement"
331335512,"Org.BouncyCastle.Math.EC","F2mPoint","Org.BouncyCastle.Math.EC.F2mPoint","Org.BouncyCastle.Math.EC.AbstractF2mPoint"
511440285,"Org.BouncyCastle.Math.EC","FpCurve","Org.BouncyCastle.Math.EC.FpCurve","Org.BouncyCastle.Math.EC.AbstractFpCurve"
-1008033317,"Org.BouncyCastle.Math.EC","FpFieldElement","Org.BouncyCastle.Math.EC.FpFieldElement","Org.BouncyCastle.Math.EC.ECFieldElement"
-1568566985,"Org.BouncyCastle.Math.EC","FpPoint","Org.BouncyCastle.Math.EC.FpPoint","Org.BouncyCastle.Math.EC.AbstractFpPoint"
-395540029,"Org.BouncyCastle.Math.EC","LongArray","Org.BouncyCastle.Math.EC.LongArray","System.Object"
433726538,"Org.BouncyCastle.Math.EC.Multiplier","AbstractECMultiplier","Org.BouncyCastle.Math.EC.Multiplier.AbstractECMultiplier","System.Object"
113013998,"Org.BouncyCastle.Math.EC.Multiplier","ECMultiplier","Org.BouncyCastle.Math.EC.Multiplier.ECMultiplier",""
-395126377,"Org.BouncyCastle.Math.EC.Multiplier","FixedPointCombMultiplier","Org.BouncyCastle.Math.EC.Multiplier.FixedPointCombMultiplier","Org.BouncyCastle.Math.EC.Multiplier.AbstractECMultiplier"
-2107125515,"Org.BouncyCastle.Math.EC.Multiplier","FixedPointPreCompInfo","Org.BouncyCastle.Math.EC.Multiplier.FixedPointPreCompInfo","System.Object"
-1743477878,"Org.BouncyCastle.Math.EC.Multiplier","FixedPointUtilities","Org.BouncyCastle.Math.EC.Multiplier.FixedPointUtilities","System.Object"
-1225239653,"Org.BouncyCastle.Math.EC.Multiplier","GlvMultiplier","Org.BouncyCastle.Math.EC.Multiplier.GlvMultiplier","Org.BouncyCastle.Math.EC.Multiplier.AbstractECMultiplier"
593050237,"Org.BouncyCastle.Math.EC.Multiplier","PreCompInfo","Org.BouncyCastle.Math.EC.Multiplier.PreCompInfo",""
-131334005,"Org.BouncyCastle.Math.EC.Multiplier","WNafL2RMultiplier","Org.BouncyCastle.Math.EC.Multiplier.WNafL2RMultiplier","Org.BouncyCastle.Math.EC.Multiplier.AbstractECMultiplier"
1524741633,"Org.BouncyCastle.Math.EC.Multiplier","WNafPreCompInfo","Org.BouncyCastle.Math.EC.Multiplier.WNafPreCompInfo","System.Object"
825819952,"Org.BouncyCastle.Math.EC.Multiplier","WNafUtilities","Org.BouncyCastle.Math.EC.Multiplier.WNafUtilities","System.Object"
-1181919409,"Org.BouncyCastle.Math.EC.Multiplier","WTauNafMultiplier","Org.BouncyCastle.Math.EC.Multiplier.WTauNafMultiplier","Org.BouncyCastle.Math.EC.Multiplier.AbstractECMultiplier"
1481683278,"Org.BouncyCastle.Math.EC.Multiplier","WTauNafPreCompInfo","Org.BouncyCastle.Math.EC.Multiplier.WTauNafPreCompInfo","System.Object"
1905482060,"Org.BouncyCastle.Math.EC","ScaleXPointMap","Org.BouncyCastle.Math.EC.ScaleXPointMap","System.Object"
507093849,"Org.BouncyCastle.Math.Field","FiniteFields","Org.BouncyCastle.Math.Field.FiniteFields","System.Object"
1769504957,"Org.BouncyCastle.Math.Field","GF2Polynomial","Org.BouncyCastle.Math.Field.GF2Polynomial","System.Object"
1807273310,"Org.BouncyCastle.Math.Field","GenericPolynomialExtensionField","Org.BouncyCastle.Math.Field.GenericPolynomialExtensionField","System.Object"
2049728414,"Org.BouncyCastle.Math.Field","IExtensionField","Org.BouncyCastle.Math.Field.IExtensionField",""
2017036597,"Org.BouncyCastle.Math.Field","IFiniteField","Org.BouncyCastle.Math.Field.IFiniteField",""
1906123172,"Org.BouncyCastle.Math.Field","IPolynomial","Org.BouncyCastle.Math.Field.IPolynomial",""
227438030,"Org.BouncyCastle.Math.Field","IPolynomialExtensionField","Org.BouncyCastle.Math.Field.IPolynomialExtensionField",""
1037818155,"Org.BouncyCastle.Math.Field","PrimeField","Org.BouncyCastle.Math.Field.PrimeField","System.Object"
629882253,"Org.BouncyCastle.Math.Raw","Interleave","Org.BouncyCastle.Math.Raw.Interleave","System.Object"
1778991655,"Org.BouncyCastle.Math.Raw","Mod","Org.BouncyCastle.Math.Raw.Mod","System.Object"
-1650972852,"Org.BouncyCastle.Math.Raw","Nat","Org.BouncyCastle.Math.Raw.Nat","System.Object"
64231107,"Org.BouncyCastle.Math.Raw","Nat128","Org.BouncyCastle.Math.Raw.Nat128","System.Object"
1315923328,"Org.BouncyCastle.Math.Raw","Nat160","Org.BouncyCastle.Math.Raw.Nat160","System.Object"
-1707129184,"Org.BouncyCastle.Math.Raw","Nat192","Org.BouncyCastle.Math.Raw.Nat192","System.Object"
-1836046680,"Org.BouncyCastle.Math.Raw","Nat224","Org.BouncyCastle.Math.Raw.Nat224","System.Object"
-496189025,"Org.BouncyCastle.Math.Raw","Nat256","Org.BouncyCastle.Math.Raw.Nat256","System.Object"
-31066563,"Org.BouncyCastle.Math.Raw","Nat320","Org.BouncyCastle.Math.Raw.Nat320","System.Object"
-391026503,"Org.BouncyCastle.Math.Raw","Nat384","Org.BouncyCastle.Math.Raw.Nat384","System.Object"
35432870,"Org.BouncyCastle.Math.Raw","Nat448","Org.BouncyCastle.Math.Raw.Nat448","System.Object"
-1341804176,"Org.BouncyCastle.Math.Raw","Nat512","Org.BouncyCastle.Math.Raw.Nat512","System.Object"
2042564224,"Org.BouncyCastle.Math.Raw","Nat576","Org.BouncyCastle.Math.Raw.Nat576","System.Object"
-1898181920,"Org.BouncyCastle.Security.Certificates","CertificateEncodingException","Org.BouncyCastle.Security.Certificates.CertificateEncodingException","Org.BouncyCastle.Security.Certificates.CertificateException"
1263684831,"Org.BouncyCastle.Security.Certificates","CertificateException","Org.BouncyCastle.Security.Certificates.CertificateException","Org.BouncyCastle.Security.GeneralSecurityException"
-1898707381,"Org.BouncyCastle.Security.Certificates","CertificateExpiredException","Org.BouncyCastle.Security.Certificates.CertificateExpiredException","Org.BouncyCastle.Security.Certificates.CertificateException"
-553127019,"Org.BouncyCastle.Security.Certificates","CertificateNotYetValidException","Org.BouncyCastle.Security.Certificates.CertificateNotYetValidException","Org.BouncyCastle.Security.Certificates.CertificateException"
1580383061,"Org.BouncyCastle.Security.Certificates","CertificateParsingException","Org.BouncyCastle.Security.Certificates.CertificateParsingException","Org.BouncyCastle.Security.Certificates.CertificateException"
-1069554463,"Org.BouncyCastle.Security.Certificates","CrlException","Org.BouncyCastle.Security.Certificates.CrlException","Org.BouncyCastle.Security.GeneralSecurityException"
-2138759721,"Org.BouncyCastle.Security","DigestUtilities","Org.BouncyCastle.Security.DigestUtilities","System.Object"
-1930226786,"","DigestAlgorithm","Org.BouncyCastle.Security.DigestUtilities/DigestAlgorithm","System.Enum"
1646430375,"Org.BouncyCastle.Security","GeneralSecurityException","Org.BouncyCastle.Security.GeneralSecurityException","System.Exception"
1557981207,"Org.BouncyCastle.Security","InvalidKeyException","Org.BouncyCastle.Security.InvalidKeyException","Org.BouncyCastle.Security.KeyException"
492056839,"Org.BouncyCastle.Security","InvalidParameterException","Org.BouncyCastle.Security.InvalidParameterException","Org.BouncyCastle.Security.KeyException"
429255647,"Org.BouncyCastle.Security","KeyException","Org.BouncyCastle.Security.KeyException","Org.BouncyCastle.Security.GeneralSecurityException"
-720072759,"Org.BouncyCastle.Security","MacUtilities","Org.BouncyCastle.Security.MacUtilities","System.Object"
1668936654,"Org.BouncyCastle.Security","PublicKeyFactory","Org.BouncyCastle.Security.PublicKeyFactory","System.Object"
793618345,"Org.BouncyCastle.Security","SecureRandom","Org.BouncyCastle.Security.SecureRandom","System.Random"
-1168167229,"Org.BouncyCastle.Security","SecurityUtilityException","Org.BouncyCastle.Security.SecurityUtilityException","System.Exception"
-1684296805,"Org.BouncyCastle.Security","SignatureException","Org.BouncyCastle.Security.SignatureException","Org.BouncyCastle.Security.GeneralSecurityException"
-49024700,"Org.BouncyCastle.Security","SignerUtilities","Org.BouncyCastle.Security.SignerUtilities","System.Object"
1295213786,"Org.BouncyCastle.Utilities","Arrays","Org.BouncyCastle.Utilities.Arrays","System.Object"
1723772874,"Org.BouncyCastle.Utilities","BigIntegers","Org.BouncyCastle.Utilities.BigIntegers","System.Object"
1561336868,"Org.BouncyCastle.Utilities.Collections","CollectionUtilities","Org.BouncyCastle.Utilities.Collections.CollectionUtilities","System.Object"
2023399414,"Org.BouncyCastle.Utilities.Collections","EmptyEnumerable","Org.BouncyCastle.Utilities.Collections.EmptyEnumerable","System.Object"
755455785,"Org.BouncyCastle.Utilities.Collections","EmptyEnumerator","Org.BouncyCastle.Utilities.Collections.EmptyEnumerator","System.Object"
405624831,"Org.BouncyCastle.Utilities.Collections","EnumerableProxy","Org.BouncyCastle.Utilities.Collections.EnumerableProxy","System.Object"
-953207116,"Org.BouncyCastle.Utilities.Collections","HashSet","Org.BouncyCastle.Utilities.Collections.HashSet","System.Object"
1739157681,"Org.BouncyCastle.Utilities.Collections","ISet","Org.BouncyCastle.Utilities.Collections.ISet",""
-1131901272,"Org.BouncyCastle.Utilities.Date","DateTimeObject","Org.BouncyCastle.Utilities.Date.DateTimeObject","System.Object"
-846615851,"Org.BouncyCastle.Utilities.Date","DateTimeUtilities","Org.BouncyCastle.Utilities.Date.DateTimeUtilities","System.Object"
915105898,"Org.BouncyCastle.Utilities.Encoders","Base64","Org.BouncyCastle.Utilities.Encoders.Base64","System.Object"
-2144083496,"Org.BouncyCastle.Utilities.Encoders","Base64Encoder","Org.BouncyCastle.Utilities.Encoders.Base64Encoder","System.Object"
-1763498717,"Org.BouncyCastle.Utilities.Encoders","Hex","Org.BouncyCastle.Utilities.Encoders.Hex","System.Object"
541132299,"Org.BouncyCastle.Utilities.Encoders","HexEncoder","Org.BouncyCastle.Utilities.Encoders.HexEncoder","System.Object"
-1026857685,"Org.BouncyCastle.Utilities.Encoders","IEncoder","Org.BouncyCastle.Utilities.Encoders.IEncoder",""
-143280589,"Org.BouncyCastle.Utilities","Enums","Org.BouncyCastle.Utilities.Enums","System.Object"
-451516128,"Org.BouncyCastle.Utilities","IMemoable","Org.BouncyCastle.Utilities.IMemoable",""
-1063223418,"Org.BouncyCastle.Utilities.IO","BaseInputStream","Org.BouncyCastle.Utilities.IO.BaseInputStream","System.IO.Stream"
1621853900,"Org.BouncyCastle.Utilities.IO","BaseOutputStream","Org.BouncyCastle.Utilities.IO.BaseOutputStream","System.IO.Stream"
830083068,"Org.BouncyCastle.Utilities.IO.Pem","PemGenerationException","Org.BouncyCastle.Utilities.IO.Pem.PemGenerationException","System.Exception"
-1307275947,"Org.BouncyCastle.Utilities.IO.Pem","PemHeader","Org.BouncyCastle.Utilities.IO.Pem.PemHeader","System.Object"
1991221323,"Org.BouncyCastle.Utilities.IO.Pem","PemObject","Org.BouncyCastle.Utilities.IO.Pem.PemObject","System.Object"
1263579588,"Org.BouncyCastle.Utilities.IO.Pem","PemObjectGenerator","Org.BouncyCastle.Utilities.IO.Pem.PemObjectGenerator",""
-862561377,"Org.BouncyCastle.Utilities.IO.Pem","PemReader","Org.BouncyCastle.Utilities.IO.Pem.PemReader","System.Object"
325097167,"Org.BouncyCastle.Utilities.IO.Pem","PemWriter","Org.BouncyCastle.Utilities.IO.Pem.PemWriter","System.Object"
246595621,"Org.BouncyCastle.Utilities.IO","PushbackStream","Org.BouncyCastle.Utilities.IO.PushbackStream","Org.BouncyCastle.Asn1.Utilities.FilterStream"
-1644140212,"Org.BouncyCastle.Utilities.IO","StreamOverflowException","Org.BouncyCastle.Utilities.IO.StreamOverflowException","System.IO.IOException"
182278699,"Org.BouncyCastle.Utilities.IO","Streams","Org.BouncyCastle.Utilities.IO.Streams","System.Object"
181086629,"Org.BouncyCastle.Utilities.IO","TeeInputStream","Org.BouncyCastle.Utilities.IO.TeeInputStream","Org.BouncyCastle.Utilities.IO.BaseInputStream"
-1943304,"Org.BouncyCastle.Utilities.IO","TeeOutputStream","Org.BouncyCastle.Utilities.IO.TeeOutputStream","Org.BouncyCastle.Utilities.IO.BaseOutputStream"
-1429603917,"Org.BouncyCastle.Utilities","Integers","Org.BouncyCastle.Utilities.Integers","System.Object"
1389432498,"Org.BouncyCastle.Utilities","MemoableResetException","Org.BouncyCastle.Utilities.MemoableResetException","System.InvalidCastException"
198147197,"Org.BouncyCastle.Utilities.Net","IPAddress","Org.BouncyCastle.Utilities.Net.IPAddress","System.Object"
966029936,"Org.BouncyCastle.Utilities","Platform","Org.BouncyCastle.Utilities.Platform","System.Object"
-153368981,"Org.BouncyCastle.Utilities","Strings","Org.BouncyCastle.Utilities.Strings","System.Object"
492183124,"Org.BouncyCastle.Utilities","Times","Org.BouncyCastle.Utilities.Times","System.Object"
-1237219032,"Org.BouncyCastle.Utilities.Zlib","Adler32","Org.BouncyCastle.Utilities.Zlib.Adler32","System.Object"
-710590542,"Org.BouncyCastle.Utilities.Zlib","Deflate","Org.BouncyCastle.Utilities.Zlib.Deflate","System.Object"
1598915159,"","Config","Org.BouncyCastle.Utilities.Zlib.Deflate/Config","System.Object"
-1063590521,"Org.BouncyCastle.Utilities.Zlib","InfBlocks","Org.BouncyCastle.Utilities.Zlib.InfBlocks","System.Object"
-700707883,"Org.BouncyCastle.Utilities.Zlib","InfCodes","Org.BouncyCastle.Utilities.Zlib.InfCodes","System.Object"
688087082,"Org.BouncyCastle.Utilities.Zlib","InfTree","Org.BouncyCastle.Utilities.Zlib.InfTree","System.Object"
-1617860704,"Org.BouncyCastle.Utilities.Zlib","Inflate","Org.BouncyCastle.Utilities.Zlib.Inflate","System.Object"
202789744,"Org.BouncyCastle.Utilities.Zlib","JZlib","Org.BouncyCastle.Utilities.Zlib.JZlib","System.Object"
-1591311477,"Org.BouncyCastle.Utilities.Zlib","StaticTree","Org.BouncyCastle.Utilities.Zlib.StaticTree","System.Object"
721996144,"Org.BouncyCastle.Utilities.Zlib","ZOutputStream","Org.BouncyCastle.Utilities.Zlib.ZOutputStream","System.IO.Stream"
-1769698409,"Org.BouncyCastle.Utilities.Zlib","ZStream","Org.BouncyCastle.Utilities.Zlib.ZStream","System.Object"
1473672073,"Org.BouncyCastle.Utilities.Zlib","ZTree","Org.BouncyCastle.Utilities.Zlib.ZTree","System.Object"
833024325,"Org.BouncyCastle.X509.Extension","X509ExtensionUtilities","Org.BouncyCastle.X509.Extension.X509ExtensionUtilities","System.Object"
-283695228,"Org.BouncyCastle.X509","IX509Extension","Org.BouncyCastle.X509.IX509Extension",""
971695611,"Org.BouncyCastle.X509","PemParser","Org.BouncyCastle.X509.PemParser","System.Object"
879812062,"Org.BouncyCastle.X509","X509Certificate","Org.BouncyCastle.X509.X509Certificate","Org.BouncyCastle.X509.X509ExtensionBase"
-1454666510,"Org.BouncyCastle.X509","X509CertificateParser","Org.BouncyCastle.X509.X509CertificateParser","System.Object"
-1147759280,"Org.BouncyCastle.X509","X509Crl","Org.BouncyCastle.X509.X509Crl","Org.BouncyCastle.X509.X509ExtensionBase"
187366050,"Org.BouncyCastle.X509","X509CrlEntry","Org.BouncyCastle.X509.X509CrlEntry","Org.BouncyCastle.X509.X509ExtensionBase"
-1807305736,"Org.BouncyCastle.X509","X509CrlParser","Org.BouncyCastle.X509.X509CrlParser","System.Object"
-1143929434,"Org.BouncyCastle.X509","X509ExtensionBase","Org.BouncyCastle.X509.X509ExtensionBase","System.Object"
354375635,"Org.BouncyCastle.X509","X509SignatureUtilities","Org.BouncyCastle.X509.X509SignatureUtilities","System.Object"
-1612682486,"","OwnershipOption","OwnershipOption","System.Enum"
-463141771,"","ParameterCode","ParameterCode","System.Object"
830502333,"PathologicalGames","PreRuntimePoolItem","PathologicalGames.PreRuntimePoolItem","UnityEngine.MonoBehaviour"
-136103060,"Photon","MonoBehaviour","Photon.MonoBehaviour","UnityEngine.MonoBehaviour"
-237127941,"","PhotonAnimatorView","PhotonAnimatorView","UnityEngine.MonoBehaviour"
-2121139871,"","<>c__DisplayClass18_0","PhotonAnimatorView/<>c__DisplayClass18_0","System.Object"
815685764,"","<>c__DisplayClass19_0","PhotonAnimatorView/<>c__DisplayClass19_0","System.Object"
324161853,"","<>c__DisplayClass22_0","PhotonAnimatorView/<>c__DisplayClass22_0","System.Object"
462120673,"","<>c__DisplayClass23_0","PhotonAnimatorView/<>c__DisplayClass23_0","System.Object"
-97619591,"","<>c__DisplayClass24_0","PhotonAnimatorView/<>c__DisplayClass24_0","System.Object"
1172659901,"","<>c__DisplayClass25_0","PhotonAnimatorView/<>c__DisplayClass25_0","System.Object"
-1258758131,"","ParameterType","PhotonAnimatorView/ParameterType","System.Enum"
-1657953214,"","SynchronizeType","PhotonAnimatorView/SynchronizeType","System.Enum"
222801447,"","SynchronizedLayer","PhotonAnimatorView/SynchronizedLayer","System.Object"
-1390413635,"","SynchronizedParameter","PhotonAnimatorView/SynchronizedParameter","System.Object"
697963611,"","PhotonEventManager","PhotonEventManager","System.Object"
-639733030,"","PhotonHandler","PhotonHandler","UnityEngine.MonoBehaviour"
1163183513,"","<PingAvailableRegionsCoroutine>d__26","PhotonHandler/<PingAvailableRegionsCoroutine>d__26","System.Object"
-1906525849,"","PhotonLagSimulationGui","PhotonLagSimulationGui","UnityEngine.MonoBehaviour"
589184561,"","PhotonLogLevel","PhotonLogLevel","System.Enum"
-1971047659,"","PhotonMessageInfo","PhotonMessageInfo","System.ValueType"
-1049932061,"","PhotonNetwork","PhotonNetwork","System.Object"
-2057008898,"","<>c","PhotonNetwork/<>c","System.Object"
779308997,"","EventCallback","PhotonNetwork/EventCallback","System.MulticastDelegate"
-453544287,"","PhotonNetworkingMessage","PhotonNetworkingMessage","System.Enum"
-1839636313,"","PhotonPingManager","PhotonPingManager","System.Object"
-774610056,"","<PingSocket>d__9","PhotonPingManager/<PingSocket>d__9","System.Object"
-100090377,"","PhotonPlayer","PhotonPlayer","System.Object"
-1124235141,"","PhotonRigidbody2DView","PhotonRigidbody2DView","UnityEngine.MonoBehaviour"
-898121272,"","PhotonRigidbodyView","PhotonRigidbodyView","UnityEngine.MonoBehaviour"
-1172860960,"","PhotonStatsGui","PhotonStatsGui","UnityEngine.MonoBehaviour"
1940612581,"","PhotonStream","PhotonStream","System.Object"
1938175801,"","PhotonStreamQueue","PhotonStreamQueue","System.Object"
784628985,"","PhotonTargets","PhotonTargets","System.Enum"
1786316590,"","PhotonTransformView","PhotonTransformView","UnityEngine.MonoBehaviour"
292798209,"","PhotonTransformViewPositionControl","PhotonTransformViewPositionControl","System.Object"
-1401063002,"","PhotonTransformViewPositionModel","PhotonTransformViewPositionModel","System.Object"
836511812,"","ExtrapolateOptions","PhotonTransformViewPositionModel/ExtrapolateOptions","System.Enum"
-338998090,"","InterpolateOptions","PhotonTransformViewPositionModel/InterpolateOptions","System.Enum"
1442149421,"","PhotonTransformViewRotationControl","PhotonTransformViewRotationControl","System.Object"
-1206758321,"","PhotonTransformViewRotationModel","PhotonTransformViewRotationModel","System.Object"
-338998090,"","InterpolateOptions","PhotonTransformViewRotationModel/InterpolateOptions","System.Enum"
-195977584,"","PhotonTransformViewScaleControl","PhotonTransformViewScaleControl","System.Object"
-1418978657,"","PhotonTransformViewScaleModel","PhotonTransformViewScaleModel","System.Object"
-338998090,"","InterpolateOptions","PhotonTransformViewScaleModel/InterpolateOptions","System.Enum"
750185800,"","PhotonView","PhotonView","Photon.MonoBehaviour"
162365974,"","CachedFunction","PhotonView/CachedFunction","System.ValueType"
1048826154,"","PhysicsEventsListener","PhysicsEventsListener","UnityEngine.MonoBehaviour"
-789942580,"","PingMonoTcp","PingMonoTcp","ExitGames.Client.Photon.PhotonPing"
-618067300,"PlatformSupport.Collections.ObjectModel","INotifyCollectionChanged","PlatformSupport.Collections.ObjectModel.INotifyCollectionChanged",""
537498940,"PlatformSupport.Collections.ObjectModel","NotifyCollectionChangedEventHandler","PlatformSupport.Collections.ObjectModel.NotifyCollectionChangedEventHandler","System.MulticastDelegate"
-779238086,"PlatformSupport.Collections.ObjectModel","ObservableDictionary`2","PlatformSupport.Collections.ObjectModel.ObservableDictionary`2","System.Object"
1198108635,"PlatformSupport.Collections.Specialized","NotifyCollectionChangedAction","PlatformSupport.Collections.Specialized.NotifyCollectionChangedAction","System.Enum"
738466878,"PlatformSupport.Collections.Specialized","NotifyCollectionChangedEventArgs","PlatformSupport.Collections.Specialized.NotifyCollectionChangedEventArgs","System.EventArgs"
11846855,"PlatformSupport.Collections.Specialized","NotifyCollectionChangedEventHandler","PlatformSupport.Collections.Specialized.NotifyCollectionChangedEventHandler","System.MulticastDelegate"
-706308256,"PlatformSupport.Collections.Specialized","ReadOnlyList","PlatformSupport.Collections.Specialized.ReadOnlyList","System.Object"
165357253,"","PoolManager","PoolManager","System.Object"
1778269066,"","PoolManagerUtils","PoolManagerUtils","System.Object"
-973942786,"","PopupAttribute","PopupAttribute","UnityEngine.PropertyAttribute"
-885671516,"","PrefabPool","PrefabPool","System.Object"
203841901,"","<CullDespawned>d__37","PrefabPool/<CullDespawned>d__37","System.Object"
-936960677,"","<PreloadOverTime>d__44","PrefabPool/<PreloadOverTime>d__44","System.Object"
1933636425,"","PrefabsDict","PrefabsDict","System.Object"
-1333765932,"Prime31","AndroidNotificationConfiguration","Prime31.AndroidNotificationConfiguration","System.Object"
-1715795817,"Prime31","CubeRotator","Prime31.CubeRotator","UnityEngine.MonoBehaviour"
-283443567,"Prime31","EtceteraAndroid","Prime31.EtceteraAndroid","System.Object"
829441819,"","Contact","Prime31.EtceteraAndroid/Contact","System.Object"
-113811508,"","ScalingMode","Prime31.EtceteraAndroid/ScalingMode","System.Enum"
2050580355,"Prime31","EtceteraAndroidEventListener","Prime31.EtceteraAndroidEventListener","UnityEngine.MonoBehaviour"
1359156906,"Prime31","EtceteraAndroidManager","Prime31.EtceteraAndroidManager","Prime31.AbstractManager"
1886353705,"Prime31","EtceteraManager","Prime31.EtceteraManager","Prime31.AbstractManager"
692260000,"Prime31","EtceteraUIManager","Prime31.EtceteraUIManager","Prime31.MonoBehaviourGUI"
-2057008898,"","<>c","Prime31.EtceteraUIManager/<>c","System.Object"
1323946695,"","<saveScreenshotToSDCard>d__4","Prime31.EtceteraUIManager/<saveScreenshotToSDCard>d__4","System.Object"
628529112,"Prime31","EtceteraUIManagerTwo","Prime31.EtceteraUIManagerTwo","Prime31.MonoBehaviourGUI"
-312958434,"Prime31","GoogleBuyIntentExtraParams","Prime31.GoogleBuyIntentExtraParams","System.Object"
1632274847,"Prime31","GoogleIAB","Prime31.GoogleIAB","System.Object"
-224437897,"Prime31","GoogleIABManager","Prime31.GoogleIABManager","Prime31.AbstractManager"
967659457,"Prime31","GooglePurchase","Prime31.GooglePurchase","System.Object"
227926747,"","GooglePurchaseState","Prime31.GooglePurchase/GooglePurchaseState","System.Enum"
1222208941,"Prime31","GoogleSkuInfo","Prime31.GoogleSkuInfo","System.Object"
-1788566687,"Prime31","P31Prefs","Prime31.P31Prefs","System.Object"
-1542712918,"Prime31","ReplayKitEventListener","Prime31.ReplayKitEventListener","UnityEngine.MonoBehaviour"
-426043604,"Prime31","ReplayKitGUI","Prime31.ReplayKitGUI","Prime31.MonoBehaviourGUI"
834176354,"Prime31","StoreKitAppReceipt","Prime31.StoreKitAppReceipt","System.Object"
894735972,"Prime31","StoreKitEventListener","Prime31.StoreKitEventListener","UnityEngine.MonoBehaviour"
1323724156,"Prime31","StoreKitGUIManager","Prime31.StoreKitGUIManager","Prime31.MonoBehaviourGUI"
-959013862,"Prime31","StoreKitReceipt","Prime31.StoreKitReceipt","System.Object"
-654248971,"Prime31","StoreKitReceiptInAppItem","Prime31.StoreKitReceiptInAppItem","System.Object"
1124401897,"Prime31","TTSQueueMode","Prime31.TTSQueueMode","System.Enum"
-1006223467,"","PropertyTypeFlag","PropertyTypeFlag","System.Enum"
586334570,"","PunEvent","PunEvent","System.Object"
-1841308356,"","PunRPC","PunRPC","System.Attribute"
1914968829,"","QuickRope2","QuickRope2","UnityEngine.MonoBehaviour"
-58974309,"","QuickRope2Cloth","QuickRope2Cloth","UnityEngine.MonoBehaviour"
-1838928772,"","QuickRope2Helper","QuickRope2Helper","System.Object"
-1823008793,"","QuickRope2Line","QuickRope2Line","UnityEngine.MonoBehaviour"
252957277,"","QuickRope2Mesh","QuickRope2Mesh","UnityEngine.MonoBehaviour"
1307562475,"","QuickRope2Prefab","QuickRope2Prefab","UnityEngine.MonoBehaviour"
2040043312,"","QuickRopeSpline","QuickRopeSpline","System.Object"
-437489119,"","RadicalRoutine","RadicalRoutine","System.Object"
439687142,"","<Execute>d__12","RadicalRoutine/<Execute>d__12","System.Object"
-893644672,"","RaiseEventOptions","RaiseEventOptions","System.Object"
-815541079,"","ReceiverGroup","ReceiverGroup","System.Enum"
-1812842189,"","Region","Region","System.Object"
-1264215331,"","ResourceReferenceAttribute","ResourceReferenceAttribute","UnityEngine.PropertyAttribute"
-1503972828,"","Room","Room","RoomInfo"
-1753225226,"","RoomInfo","RoomInfo","System.Object"
1666710824,"","RoomOptions","RoomOptions","System.Object"
-1897995738,"","RopeAttachedObject","RopeAttachedObject","System.Object"
-1322705570,"","RopeAttachmentJointType","RopeAttachmentJointType","System.Enum"
-1545279155,"","RopeColliderType","RopeColliderType","System.Enum"
271434668,"","RopeConstraint","RopeConstraint","System.Enum"
-474289303,"","RopeTubeRenderer","RopeTubeRenderer","System.Object"
157882105,"","SampleDescriptor","SampleDescriptor","System.Object"
1167640013,"","SampleSelector","SampleSelector","UnityEngine.MonoBehaviour"
-1385898596,"","<>c__DisplayClass7_0","SampleSelector/<>c__DisplayClass7_0","System.Object"
1823131734,"","ScalableBackground","ScalableBackground","UnityEngine.MonoBehaviour"
1720058721,"","SceneManagerHelper","SceneManagerHelper","System.Object"
-200234342,"","ScreenLogsGui","ScreenLogsGui","Core_BaseScript"
219008051,"","ScreenManager","ScreenManager","System.Object"
-1462046663,"","ServerConnection","ServerConnection","System.Enum"
1880604398,"","ServerSettings","ServerSettings","UnityEngine.ScriptableObject"
1912173292,"","HostingOption","ServerSettings/HostingOption","System.Enum"
-771398942,"","SetDontDestroy","SetDontDestroy","UnityEngine.MonoBehaviour"
1100788936,"","SimpleStreamingSample","SimpleStreamingSample","UnityEngine.MonoBehaviour"
1117364249,"","Singleton","Singleton","Core_BaseScript"
1925623577,"","Singleton`1","Singleton`1","Singleton"
-1481881735,"","SkinnedMeshTools","SkinnedMeshTools","System.Object"
-471371870,"","SocketIOChatSample","SocketIOChatSample","UnityEngine.MonoBehaviour"
-2057008898,"","<>c","SocketIOChatSample/<>c","System.Object"
462120673,"","<>c__DisplayClass23_0","SocketIOChatSample/<>c__DisplayClass23_0","System.Object"
1364558142,"","ChatStates","SocketIOChatSample/ChatStates","System.Enum"
-423987050,"","SocketIOWePlaySample","SocketIOWePlaySample","UnityEngine.MonoBehaviour"
-2057008898,"","<>c","SocketIOWePlaySample/<>c","System.Object"
-1096149187,"","States","SocketIOWePlaySample/States","System.Enum"
-1148693117,"","SpawnPool","SpawnPool","UnityEngine.MonoBehaviour"
1358934718,"","<DoDespawnAfterSeconds>d__38","SpawnPool/<DoDespawnAfterSeconds>d__38","System.Object"
-16133967,"","<GetEnumerator>d__52","SpawnPool/<GetEnumerator>d__52","System.Object"
814065737,"","<ListenForEmitDespawn>d__43","SpawnPool/<ListenForEmitDespawn>d__43","System.Object"
-828953983,"","<System-Collections-IEnumerable-GetEnumerator>d__53","SpawnPool/<System-Collections-IEnumerable-GetEnumerator>d__53","System.Object"
761599344,"","SpawnPoolsDict","SpawnPoolsDict","System.Object"
-202455978,"","SpringPanel","SpringPanel","IgnoreTimeScale"
1969159771,"","OnFinished","SpringPanel/OnFinished","System.MulticastDelegate"
138873091,"","OnSpecialFinished","SpringPanel/OnSpecialFinished","System.MulticastDelegate"
-1728490806,"","SpringPosition","SpringPosition","IgnoreTimeScale"
1969159771,"","OnFinished","SpringPosition/OnFinished","System.MulticastDelegate"
1443536275,"","TaskHelpers","TaskHelpers","System.Object"
713205684,"","TextMeshFontSize","TextMeshFontSize","Core_BaseScript"
445514168,"","TextMeshWithStroke","TextMeshWithStroke","Core_BaseScript"
-1471774078,"","TiltCamera","TiltCamera","UnityEngine.MonoBehaviour"
116684078,"","TimeScaleIgnorable","TimeScaleIgnorable",""
284083036,"","TimeTweener","TimeTweener","UITweener"
715656400,"","Timer","Timer","System.Object"
-1875130816,"","Tuple`2","Tuple`2","System.Object"
1276581761,"","Tuple`3","Tuple`3","Tuple`2<T1,T2>"
-685880229,"","Tuple`4","Tuple`4","Tuple`3<T1,T2,T3>"
-1254430731,"","TweenAlpha","TweenAlpha","UITweener"
-954550662,"","TweenAlphaTk2d","TweenAlphaTk2d","UITweener"
1485474153,"","TweenColor","TweenColor","UITweener"
1247207914,"","TweenColorMaterial","TweenColorMaterial","UITweener"
-2056180365,"","TweenColorTk2d","TweenColorTk2d","UITweener"
-291387421,"","TweenFOV","TweenFOV","UITweener"
1919856225,"","TweenOrthoSize","TweenOrthoSize","UITweener"
-2036752576,"","TweenPanelClipping","TweenPanelClipping","UITweener"
864754155,"","TweenPosition","TweenPosition","UITweener"
1297798937,"","TweenRotation","TweenRotation","UITweener"
2054053621,"","TweenScale","TweenScale","UITweener"
-1536333838,"","TweenTransform","TweenTransform","UITweener"
466160072,"","TweenVolume","TweenVolume","UITweener"
786457477,"","TypedDemoHub","TypedDemoHub","BestHTTP.SignalR.Hubs.Hub"
77475276,"","TypedLobby","TypedLobby","System.Object"
-618135760,"","TypedLobbyInfo","TypedLobbyInfo","TypedLobby"
-1924787031,"","UIAnchor","UIAnchor","UnityEngine.MonoBehaviour"
-736795330,"","SafeArea","UIAnchor/SafeArea","System.Enum"
-1566776364,"","Side","UIAnchor/Side","System.Enum"
1582492658,"","UIAtlas","UIAtlas","UnityEngine.MonoBehaviour"
1465948491,"","Coordinates","UIAtlas/Coordinates","System.Enum"
1595776782,"","Sprite","UIAtlas/Sprite","System.Object"
-57426510,"","UIButton","UIButton","UIButtonColor"
-1243605226,"","UIButtonActivate","UIButtonActivate","UnityEngine.MonoBehaviour"
-1595635296,"","UIButtonColor","UIButtonColor","UnityEngine.MonoBehaviour"
-1383892608,"","UIButtonKeyBinding","UIButtonKeyBinding","UnityEngine.MonoBehaviour"
1572503433,"","UIButtonKeys","UIButtonKeys","UnityEngine.MonoBehaviour"
1646491362,"","UIButtonMessage","UIButtonMessage","UnityEngine.MonoBehaviour"
2074827623,"","Trigger","UIButtonMessage/Trigger","System.Enum"
1786669950,"","UIButtonOffset","UIButtonOffset","UnityEngine.MonoBehaviour"
1412739422,"","UIButtonPlayAnimation","UIButtonPlayAnimation","UnityEngine.MonoBehaviour"
-1553835528,"","UIButtonRotation","UIButtonRotation","UnityEngine.MonoBehaviour"
513407981,"","UIButtonScale","UIButtonScale","UnityEngine.MonoBehaviour"
-1892511743,"","UIButtonSound","UIButtonSound","UnityEngine.MonoBehaviour"
2074827623,"","Trigger","UIButtonSound/Trigger","System.Enum"
379673251,"","UIButtonTween","UIButtonTween","UnityEngine.MonoBehaviour"
1645047593,"","UICamera","UICamera","UnityEngine.MonoBehaviour"
-2057008898,"","<>c","UICamera/<>c","System.Object"
-1166671078,"","ClickNotification","UICamera/ClickNotification","System.Enum"
1257561089,"","Highlighted","UICamera/Highlighted","System.Object"
1781756123,"","MouseOrTouch","UICamera/MouseOrTouch","System.Object"
585536410,"","OnCustomInput","UICamera/OnCustomInput","System.MulticastDelegate"
2008709321,"","UICenterOnChild","UICenterOnChild","UnityEngine.MonoBehaviour"
-143893326,"","UICheckbox","UICheckbox","UnityEngine.MonoBehaviour"
-971567737,"","OnStateChange","UICheckbox/OnStateChange","System.MulticastDelegate"
-1427021685,"","UICheckboxControlledComponent","UICheckboxControlledComponent","UnityEngine.MonoBehaviour"
-1230997700,"","UICheckboxControlledObject","UICheckboxControlledObject","UnityEngine.MonoBehaviour"
129321944,"","UIDragCamera","UIDragCamera","IgnoreTimeScale"
78492813,"","UIDragObject","UIDragObject","IgnoreTimeScale"
-1259321537,"","DragEffect","UIDragObject/DragEffect","System.Enum"
1493990590,"","UIDragPanelContents","UIDragPanelContents","UnityEngine.MonoBehaviour"
-1363397335,"","UIDraggableCamera","UIDraggableCamera","IgnoreTimeScale"
-56995299,"","UIDraggablePanel","UIDraggablePanel","IgnoreTimeScale"
515482767,"","<>c__DisplayClass66_0","UIDraggablePanel/<>c__DisplayClass66_0","System.Object"
-429095803,"","<>c__DisplayClass67_0","UIDraggablePanel/<>c__DisplayClass67_0","System.Object"
1771401095,"","Alingment","UIDraggablePanel/Alingment","System.Enum"
-1259321537,"","DragEffect","UIDraggablePanel/DragEffect","System.Enum"
1940914382,"","OnDragFinished","UIDraggablePanel/OnDragFinished","System.MulticastDelegate"
679137892,"","OnMovementFinished","UIDraggablePanel/OnMovementFinished","System.MulticastDelegate"
17211325,"","OnPressed","UIDraggablePanel/OnPressed","System.MulticastDelegate"
-92996704,"","OnRelease","UIDraggablePanel/OnRelease","System.MulticastDelegate"
-1346559469,"","ShowCondition","UIDraggablePanel/ShowCondition","System.Enum"
-2118663308,"","UIDrawCall","UIDrawCall","UnityEngine.MonoBehaviour"
941240527,"","Clipping","UIDrawCall/Clipping","System.Enum"
-1794483481,"","UIEventListener","UIEventListener","UnityEngine.MonoBehaviour"
-167399740,"","BoolDelegate","UIEventListener/BoolDelegate","System.MulticastDelegate"
-27129673,"","FloatDelegate","UIEventListener/FloatDelegate","System.MulticastDelegate"
1652281058,"","KeyCodeDelegate","UIEventListener/KeyCodeDelegate","System.MulticastDelegate"
2018699405,"","ObjectDelegate","UIEventListener/ObjectDelegate","System.MulticastDelegate"
1528113513,"","StringDelegate","UIEventListener/StringDelegate","System.MulticastDelegate"
-1267722662,"","VectorDelegate","UIEventListener/VectorDelegate","System.MulticastDelegate"
911205801,"","VoidDelegate","UIEventListener/VoidDelegate","System.MulticastDelegate"
-300249869,"","UIFilledSprite","UIFilledSprite","UISprite"
-1136558577,"","UIFont","UIFont","UnityEngine.MonoBehaviour"
-123866470,"","Alignment","UIFont/Alignment","System.Enum"
-487922812,"","SymbolStyle","UIFont/SymbolStyle","System.Enum"
437615912,"","UIForwardEvents","UIForwardEvents","UnityEngine.MonoBehaviour"
2020832976,"","UIGeometry","UIGeometry","System.Object"
1879033242,"","UIGrid","UIGrid","UnityEngine.MonoBehaviour"
1274609329,"","Arrangement","UIGrid/Arrangement","System.Enum"
-736125316,"","OnReposition","UIGrid/OnReposition","System.MulticastDelegate"
-1627976793,"","UIHelper","UIHelper","System.Object"
698240512,"","DeviceModel","UIHelper/DeviceModel","System.Enum"
-2023587677,"","UIImageButton","UIImageButton","UnityEngine.MonoBehaviour"
868711766,"","UIInput","UIInput","UnityEngine.MonoBehaviour"
1640680066,"","InputChanged","UIInput/InputChanged","System.MulticastDelegate"
1338878550,"","KeyboardType","UIInput/KeyboardType","System.Enum"
-917149293,"","OnLostFocus","UIInput/OnLostFocus","System.MulticastDelegate"
1562272160,"","OnSubmit","UIInput/OnSubmit","System.MulticastDelegate"
-1480264784,"","Validator","UIInput/Validator","System.MulticastDelegate"
409417567,"","UIInputSaved","UIInputSaved","UIInput"
-1669472722,"","UIInputValidator","UIInputValidator","UnityEngine.MonoBehaviour"
-696523053,"","Validation","UIInputValidator/Validation","System.Enum"
1348251788,"","UILabel","UILabel","UIWidget"
596621186,"","Effect","UILabel/Effect","System.Enum"
160933950,"","UILocalize","UILocalize","UnityEngine.MonoBehaviour"
495043134,"","UIOrthoCamera","UIOrthoCamera","UnityEngine.MonoBehaviour"
-1267949273,"","UIPanel","UIPanel","UnityEngine.MonoBehaviour"
1714926632,"","DebugInfo","UIPanel/DebugInfo","System.Enum"
687959326,"","OnChangeDelegate","UIPanel/OnChangeDelegate","System.MulticastDelegate"
1000467739,"","UIPooledClassicTable","UIPooledClassicTable","UnityEngine.MonoBehaviour"
464783855,"","PooledSize","UIPooledClassicTable/PooledSize","System.MulticastDelegate"
1766004703,"","PooledTransform","UIPooledClassicTable/PooledTransform","System.MulticastDelegate"
1266418049,"","UIPooledGrid","UIPooledGrid","UIGrid"
1766004703,"","PooledTransform","UIPooledGrid/PooledTransform","System.MulticastDelegate"
-1537919692,"","UIPooledTable","UIPooledTable","UnityEngine.MonoBehaviour"
464783855,"","PooledSize","UIPooledTable/PooledSize","System.MulticastDelegate"
-405411650,"","UIPooledTableHorizontal","UIPooledTableHorizontal","UnityEngine.MonoBehaviour"
464783855,"","PooledSize","UIPooledTableHorizontal/PooledSize","System.MulticastDelegate"
-748600559,"","UIPooledTableSimplified","UIPooledTableSimplified","UnityEngine.MonoBehaviour"
464783855,"","PooledSize","UIPooledTableSimplified/PooledSize","System.MulticastDelegate"
-1893146415,"","UIPopupList","UIPopupList","UnityEngine.MonoBehaviour"
-1090252533,"","OnSelectionChange","UIPopupList/OnSelectionChange","System.MulticastDelegate"
1665205018,"","Position","UIPopupList/Position","System.Enum"
-369096700,"","UIRoot","UIRoot","UnityEngine.MonoBehaviour"
685128219,"","Scaling","UIRoot/Scaling","System.Enum"
547010337,"","UISavedOption","UISavedOption","UnityEngine.MonoBehaviour"
-230844932,"","UIScrollBar","UIScrollBar","UnityEngine.MonoBehaviour"
-140971984,"","Direction","UIScrollBar/Direction","System.Enum"
1940914382,"","OnDragFinished","UIScrollBar/OnDragFinished","System.MulticastDelegate"
-401797598,"","OnScrollBarChange","UIScrollBar/OnScrollBarChange","System.MulticastDelegate"
1990421164,"","UISlicedSprite","UISlicedSprite","UISprite"
-558937122,"","UISlider","UISlider","IgnoreTimeScale"
-140971984,"","Direction","UISlider/Direction","System.Enum"
57708486,"","OnValueChange","UISlider/OnValueChange","System.MulticastDelegate"
607990360,"","UISliderColors","UISliderColors","UnityEngine.MonoBehaviour"
-1573967799,"","UISoundVolume","UISoundVolume","UnityEngine.MonoBehaviour"
345385021,"","UISprite","UISprite","UIWidget"
634157721,"","FillDirection","UISprite/FillDirection","System.Enum"
-1007737468,"","Type","UISprite/Type","System.Enum"
28548901,"","UISpriteAnimation","UISpriteAnimation","UnityEngine.MonoBehaviour"
2010192278,"","UIStretch","UIStretch","UnityEngine.MonoBehaviour"
-937049751,"","Style","UIStretch/Style","System.Enum"
1058258067,"","UITable","UITable","UnityEngine.MonoBehaviour"
-140971984,"","Direction","UITable/Direction","System.Enum"
-1585345494,"","HorizontalDirection","UITable/HorizontalDirection","System.Enum"
-736125316,"","OnReposition","UITable/OnReposition","System.MulticastDelegate"
-793985028,"","UITextList","UITextList","UnityEngine.MonoBehaviour"
1414236519,"","Paragraph","UITextList/Paragraph","System.Object"
-937049751,"","Style","UITextList/Style","System.Enum"
-1019752268,"","UITexture","UITexture","UIWidget"
1880752822,"","UITiledSprite","UITiledSprite","UISlicedSprite"
438561839,"","UITooltip","UITooltip","UnityEngine.MonoBehaviour"
1604439771,"","UITweener","UITweener","IgnoreTimeScale"
-1409367634,"","Method","UITweener/Method","System.Enum"
1969159771,"","OnFinished","UITweener/OnFinished","System.MulticastDelegate"
-937049751,"","Style","UITweener/Style","System.Enum"
-504539098,"","UIViewport","UIViewport","UnityEngine.MonoBehaviour"
1081976006,"","UIWidget","UIWidget","UnityEngine.MonoBehaviour"
-2057008898,"","<>c","UIWidget/<>c","System.Object"
327255395,"","Pivot","UIWidget/Pivot","System.Enum"
1117652998,"","UploadStream","UploadStream","System.IO.Stream"
-1609051375,"","VectorEx","VectorEx","System.Object"
-1427340893,"","ViewSynchronization","ViewSynchronization","System.Enum"
1848268029,"","WSP_LaserBeamWS","WSP_LaserBeamWS","UnityEngine.MonoBehaviour"
1136573144,"","WaitForAnimation","WaitForAnimation","CoroutineReturn"
723323429,"","WaitForRealSeconds","WaitForRealSeconds","CoroutineReturn"
-517501852,"","WaitForRealSecondsWithoutPause","WaitForRealSecondsWithoutPause","CoroutineReturn"
2001695666,"","WebRpcResponse","WebRpcResponse","System.Object"
-1914047138,"","WebSocketSample","WebSocketSample","UnityEngine.MonoBehaviour"
2112923209,"","XMLVariableConverter","XMLVariableConverter","System.Object"
629154210,"","myFilledSprite","myFilledSprite","tk2dSprite"
-140971984,"","Direction","myFilledSprite/Direction","System.Enum"
327054981,"","tk2dAnimatedSprite","tk2dAnimatedSprite","tk2dSprite"
281719693,"","AnimationCompleteDelegate","tk2dAnimatedSprite/AnimationCompleteDelegate","System.MulticastDelegate"
-1298268992,"","AnimationEventDelegate","tk2dAnimatedSprite/AnimationEventDelegate","System.MulticastDelegate"
-735868762,"","tk2dAssetPlatform","tk2dAssetPlatform","System.Object"
936333379,"","tk2dBaseSprite","tk2dBaseSprite","UnityEngine.MonoBehaviour"
32322406,"","Anchor","tk2dBaseSprite/Anchor","System.Enum"
1259263950,"","tk2dBatchedSprite","tk2dBatchedSprite","System.Object"
-361678434,"","Flags","tk2dBatchedSprite/Flags","System.Enum"
-1007737468,"","Type","tk2dBatchedSprite/Type","System.Enum"
-1705998965,"","tk2dButton","tk2dButton","UnityEngine.MonoBehaviour"
895442816,"","<LocalWaitForSeconds>d__35","tk2dButton/<LocalWaitForSeconds>d__35","System.Object"
1320772167,"","<coHandleButtonPress>d__36","tk2dButton/<coHandleButtonPress>d__36","System.Object"
815212386,"","<coScale>d__34","tk2dButton/<coScale>d__34","System.Object"
-1164223378,"","ButtonHandlerDelegate","tk2dButton/ButtonHandlerDelegate","System.MulticastDelegate"
-209613473,"","tk2dCamera","tk2dCamera","UnityEngine.MonoBehaviour"
885318726,"","tk2dCameraAnchor","tk2dCameraAnchor","UnityEngine.MonoBehaviour"
-890982407,"","tk2dCameraResolutionOverride","tk2dCameraResolutionOverride","System.Object"
882978293,"","AutoScaleMode","tk2dCameraResolutionOverride/AutoScaleMode","System.Enum"
-1696396151,"","FitMode","tk2dCameraResolutionOverride/FitMode","System.Enum"
-161962465,"","MatchByType","tk2dCameraResolutionOverride/MatchByType","System.Enum"
513585634,"","tk2dCameraSettings","tk2dCameraSettings","System.Object"
-982417979,"","OrthographicOrigin","tk2dCameraSettings/OrthographicOrigin","System.Enum"
-19785887,"","OrthographicType","tk2dCameraSettings/OrthographicType","System.Enum"
-1029335413,"","ProjectionType","tk2dCameraSettings/ProjectionType","System.Enum"
428987668,"","tk2dClippedSprite","tk2dClippedSprite","tk2dBaseSprite"
367529802,"","tk2dFont","tk2dFont","UnityEngine.MonoBehaviour"
-1506120080,"","tk2dFontChar","tk2dFontChar","System.Object"
696927038,"","tk2dFontData","tk2dFontData","UnityEngine.MonoBehaviour"
375317021,"","tk2dFontKerning","tk2dFontKerning","System.Object"
-993767180,"","tk2dPixelPerfectHelper","tk2dPixelPerfectHelper","UnityEngine.MonoBehaviour"
1370734952,"","tk2dResource","tk2dResource","UnityEngine.ScriptableObject"
1829373286,"","tk2dResourceTocEntry","tk2dResourceTocEntry","System.Object"
-19621289,"tk2dRuntime","ISpriteCollectionForceBuild","tk2dRuntime.ISpriteCollectionForceBuild",""
393603181,"tk2dRuntime","SpriteCollectionGenerator","tk2dRuntime.SpriteCollectionGenerator","System.Object"
831479401,"","tk2dSlicedSprite","tk2dSlicedSprite","tk2dBaseSprite"
-302136220,"","tk2dSprite","tk2dSprite","tk2dBaseSprite"
-184956598,"","tk2dSpriteAnimation","tk2dSpriteAnimation","UnityEngine.MonoBehaviour"
519998212,"","tk2dSpriteAnimationClip","tk2dSpriteAnimationClip","System.Object"
2050015434,"","WrapMode","tk2dSpriteAnimationClip/WrapMode","System.Enum"
-2082319200,"","tk2dSpriteAnimationFrame","tk2dSpriteAnimationFrame","System.Object"
300139480,"","tk2dSpriteAnimator","tk2dSpriteAnimator","UnityEngine.MonoBehaviour"
-1363641036,"","State","tk2dSpriteAnimator/State","System.Enum"
2120712131,"","tk2dSpriteAttachPoint","tk2dSpriteAttachPoint","UnityEngine.MonoBehaviour"
659548115,"","tk2dSpriteCollection","tk2dSpriteCollection","UnityEngine.MonoBehaviour"
-314766595,"","AttachPointTestSprite","tk2dSpriteCollection/AttachPointTestSprite","System.Object"
-19846484,"","NormalGenerationMode","tk2dSpriteCollection/NormalGenerationMode","System.Enum"
-576221482,"","TextureCompression","tk2dSpriteCollection/TextureCompression","System.Enum"
-423199930,"","tk2dSpriteCollectionData","tk2dSpriteCollectionData","UnityEngine.MonoBehaviour"
-325166836,"","tk2dSpriteCollectionDefault","tk2dSpriteCollectionDefault","System.Object"
-101600704,"","tk2dSpriteCollectionDefinition","tk2dSpriteCollectionDefinition","System.Object"
32322406,"","Anchor","tk2dSpriteCollectionDefinition/Anchor","System.Enum"
-48743135,"","ColliderColor","tk2dSpriteCollectionDefinition/ColliderColor","System.Enum"
-318688712,"","ColliderType","tk2dSpriteCollectionDefinition/ColliderType","System.Enum"
-1719149263,"","DiceFilter","tk2dSpriteCollectionDefinition/DiceFilter","System.Enum"
2095712714,"","Pad","tk2dSpriteCollectionDefinition/Pad","System.Enum"
-1528718109,"","PolygonColliderCap","tk2dSpriteCollectionDefinition/PolygonColliderCap","System.Enum"
-486253926,"","Source","tk2dSpriteCollectionDefinition/Source","System.Enum"
-539537494,"","tk2dSpriteCollectionFont","tk2dSpriteCollectionFont","System.Object"
1199434834,"","tk2dSpriteCollectionPlatform","tk2dSpriteCollectionPlatform","System.Object"
1039599437,"","tk2dSpriteCollectionSize","tk2dSpriteCollectionSize","System.Object"
-1007737468,"","Type","tk2dSpriteCollectionSize/Type","System.Enum"
-304723243,"","tk2dSpriteColliderIsland","tk2dSpriteColliderIsland","System.Object"
-1792680104,"","tk2dSpriteDefinition","tk2dSpriteDefinition","System.Object"
163883292,"","AttachPoint","tk2dSpriteDefinition/AttachPoint","System.Object"
-318688712,"","ColliderType","tk2dSpriteDefinition/ColliderType","System.Enum"
-693956846,"","FlipMode","tk2dSpriteDefinition/FlipMode","System.Enum"
825378447,"","tk2dSpriteFromTexture","tk2dSpriteFromTexture","UnityEngine.MonoBehaviour"
-933820735,"","tk2dSpriteGeomGen","tk2dSpriteGeomGen","System.Object"
1647180818,"","tk2dSpriteSheetSource","tk2dSpriteSheetSource","System.Object"
32322406,"","Anchor","tk2dSpriteSheetSource/Anchor","System.Enum"
1075861426,"","SplitMethod","tk2dSpriteSheetSource/SplitMethod","System.Enum"
934226207,"","tk2dStaticSpriteBatcher","tk2dStaticSpriteBatcher","UnityEngine.MonoBehaviour"
-2057008898,"","<>c","tk2dStaticSpriteBatcher/<>c","System.Object"
-361678434,"","Flags","tk2dStaticSpriteBatcher/Flags","System.Enum"
-765347365,"","tk2dSystem","tk2dSystem","UnityEngine.ScriptableObject"
-1262605010,"","tk2dTextGeomGen","tk2dTextGeomGen","System.Object"
-2128923947,"","GeomData","tk2dTextGeomGen/GeomData","System.Object"
-420409843,"","tk2dTextMesh","tk2dTextMesh","UnityEngine.MonoBehaviour"
-553811917,"","UpdateFlags","tk2dTextMesh/UpdateFlags","System.Enum"
1778325748,"","tk2dTextMeshData","tk2dTextMeshData","System.Object"
734516446,"","tk2dTiledSprite","tk2dTiledSprite","tk2dBaseSprite"
-542377653,"","tk2dUpdateManager","tk2dUpdateManager","UnityEngine.MonoBehaviour"
1504091011,"","<coSuperLateUpdate>d__7","tk2dUpdateManager/<coSuperLateUpdate>d__7","System.Object"
