file_id,namespace,name,full_name,base_type
-456681233,"","<Module>","<Module>",""
-1007137335,"","<PrivateImplementationDetails>","<PrivateImplementationDetails>","System.Object"
1343825106,"","__StaticArrayInitTypeSize=12","<PrivateImplementationDetails>/__StaticArrayInitTypeSize=12","System.ValueType"
-212169884,"","__StaticArrayInitTypeSize=16","<PrivateImplementationDetails>/__StaticArrayInitTypeSize=16","System.ValueType"
-1243194549,"","__StaticArrayInitTypeSize=20","<PrivateImplementationDetails>/__StaticArrayInitTypeSize=20","System.ValueType"
-403457467,"","__StaticArrayInitTypeSize=256","<PrivateImplementationDetails>/__StaticArrayInitTypeSize=256","System.ValueType"
1960643661,"","AADNOELCPHN","AADNOELCPHN","EventAssignment"
-1920953276,"","AAIAMFCJJBK","AAIAMFCJJBK","System.Object"
-1868725753,"","AAIGOOOMEHF","AAIGOOOMEHF","IOADBAPLJHM"
390584718,"","AAJIBEIKHDK","AAJIBEIKHDK","System.Enum"
-881288448,"","ABDFBFMDLEL","ABDFBFMDLEL","IOADBAPLJHM"
-289636328,"","ABHJKBECOAN","ABHJKBECOAN","GIFNNKNKCMA"
-947395861,"","ABHNENMMLMN","ABHNENMMLMN","System.Object"
-2057008898,"","<>c","ABHNENMMLMN/<>c","System.Object"
1201548666,"","ABJBBAGJJAC","ABJBBAGJJAC","System.Object"
-618444103,"","ABLFGIIGJOO","ABLFGIIGJOO","BNIINCONFHO"
-1339282451,"","ACBEOMDFCIP","ACBEOMDFCIP","NCBOCAKFEMN"
-1612849167,"","ACDGODEIFNP","ACDGODEIFNP","System.Enum"
-676467773,"","ACEFDENKJCL","ACEFDENKJCL","ODLKOCCPNHL"
-657261557,"","ACFELHNCBEF","ACFELHNCBEF","GIFNNKNKCMA"
-2057008898,"","<>c","ACFELHNCBEF/<>c","System.Object"
785283480,"","ACLNOKNPOKJ","ACLNOKNPOKJ","System.Enum"
1673913695,"","ACNGDCINJEP","ACNGDCINJEP","System.Object"
-182894081,"","ACOKDPGHGKE","ACOKDPGHGKE","System.Object"
-854691198,"","ADBEIJHCCKK","ADBEIJHCCKK","GIFNNKNKCMA"
1683089375,"","AEBDMHLHMMC","AEBDMHLHMMC","System.Object"
-921972697,"","DNMLCBJMDFO","AEBDMHLHMMC/DNMLCBJMDFO","System.Enum"
170109699,"","KCJCCIEEGAL","AEBDMHLHMMC/KCJCCIEEGAL","System.Enum"
495166318,"","AEIENDEMNME","AEIENDEMNME","ODLKOCCPNHL"
971303972,"","AFANAHJFCNL","AFANAHJFCNL","DDOCBBHJHLO"
-585188935,"","AFIKFLMIBBA","AFIKFLMIBBA",""
2075760963,"","AGGODCMFNHJ","AGGODCMFNHJ","System.Object"
-94007194,"","AHGKANPKNKJ","AHGKANPKNKJ","NCBOCAKFEMN"
-336348065,"","AIBBJOIPAFE","AIBBJOIPAFE",""
740601103,"","AICar","AICar","AICarBase`1<CarBehaviour>"
1470076306,"","AICarBase`1","AICarBase`1","Vehicle`1<T>"
-1300657968,"","OEMLCEEPPCC","AICarBase`1/OEMLCEEPPCC","System.Enum"
-1155990888,"","AICarBuggy","AICarBuggy","AICarBase`1<CarBuggyBehaviour>"
-537514261,"","AICarTransporter","AICarTransporter","AICarBase`1<CarTransporterBehaviour>"
804990618,"","NMOFDLPJGPB","AICarTransporter/NMOFDLPJGPB","System.Object"
-682957863,"","AIIHHIPDAJA","AIIHHIPDAJA","System.Enum"
1277632473,"","AIMKLIMCDNC","AIMKLIMCDNC","ODLKOCCPNHL"
-776965528,"","AIObject","AIObject","MainGameEntity"
-1157741402,"","AIObjectG`1","AIObjectG`1","AIObject"
-726157819,"","AJGNIJPBENO","AJGNIJPBENO","GIFNNKNKCMA"
1964379160,"","AJHPODMFICL","AJHPODMFICL","System.Enum"
-1739041435,"","AJMDBIELOGN","AJMDBIELOGN","GIFNNKNKCMA"
897195941,"","AKAAAIEJNLG","AKAAAIEJNLG","ODLKOCCPNHL"
-1902206989,"","AKDBJBGLEPP","AKDBJBGLEPP","System.Object"
2026426982,"","AKNBNOEGJEI","AKNBNOEGJEI","PBANCHJOOGI"
-2002701409,"","AKOONJLFLDA","AKOONJLFLDA","ENBDICAOCON"
-1750285812,"","AKPMIGKFDGJ","AKPMIGKFDGJ","System.Object"
-2057008898,"","<>c","AKPMIGKFDGJ/<>c","System.Object"
405206410,"","ALBODHJHKAN","ALBODHJHKAN","GIFNNKNKCMA"
-2057008898,"","<>c","ALBODHJHKAN/<>c","System.Object"
-6661026,"","ALDKPENLJPJ","ALDKPENLJPJ","System.Enum"
-802563843,"","ALGMJJMNCLJ","ALGMJJMNCLJ","NCBOCAKFEMN"
558796366,"","ALMHAKEKJOI","ALMHAKEKJOI","GIFNNKNKCMA"
-1989575022,"","ALNNGLABDGL","ALNNGLABDGL","NCBOCAKFEMN"
-1643980750,"","AMBEMHOMIIB","AMBEMHOMIIB","GIFNNKNKCMA"
-1503221258,"","ANILKBMHPFH","ANILKBMHPFH","GHGGJDKDJHP"
-977214189,"","ANKHENFJBJG","ANKHENFJBJG","DDOCBBHJHLO"
164759284,"","ANLAHDLCJAP","ANLAHDLCJAP","DDOCBBHJHLO"
-451669994,"","AOFHJOPCKJI","AOFHJOPCKJI","GIFNNKNKCMA"
-2075012313,"","AOMBCOAEAEO","AOMBCOAEAEO","GIFNNKNKCMA"
-940731526,"","AOOIAINKLLG","AOOIAINKLLG","BDEECEMMLML"
1777173935,"","APFDOMMNLCN","APFDOMMNLCN","GIFNNKNKCMA"
-973180811,"","APOHBFICGML","APOHBFICGML","System.Object"
-669027767,"","APOKJNAFEPG","APOKJNAFEPG","WeaponFeature"
-1813479752,"AboutFun.Warfriends.Services","AugmentationGuiElement","AboutFun.Warfriends.Services.AugmentationGuiElement","GuiElement"
-2057008898,"","<>c","AboutFun.Warfriends.Services.AugmentationGuiElement/<>c","System.Object"
-1549502424,"","BAGDDDKOHDH","AboutFun.Warfriends.Services.AugmentationGuiElement/BAGDDDKOHDH","System.Object"
-2078572179,"AboutFun.Warfriends.Services","AugmentationHudIcon","AboutFun.Warfriends.Services.AugmentationHudIcon","UnityEngine.MonoBehaviour"
177508635,"","KAKLEDBIDPB","AboutFun.Warfriends.Services.AugmentationHudIcon/KAKLEDBIDPB","System.Object"
877792278,"","AccountType","AccountType","System.Enum"
-1976631661,"","Achievement","Achievement","System.Object"
489096147,"","KMBEIGDFMNM","Achievement/KMBEIGDFMNM","System.Enum"
-136755548,"","PEAGCGDMGLI","Achievement/PEAGCGDMGLI","System.Enum"
-1645160814,"","AchievementBuyUnits","AchievementBuyUnits","Achievement"
758265223,"","AchievementBuyWeapons","AchievementBuyWeapons","Achievement"
-1278393382,"","AchievementCardsPlayed","AchievementCardsPlayed","Achievement"
1369207082,"","AchievementClaimedRewards","AchievementClaimedRewards","Achievement"
2089518441,"","AchievementCollectVisuals","AchievementCollectVisuals","Achievement"
-1822264623,"","AchievementCompleteAssignments","AchievementCompleteAssignments","Achievement"
1775691686,"","AchievementCratesStolen","AchievementCratesStolen","Achievement"
-210901019,"","AchievementDeploySoldierUnits","AchievementDeploySoldierUnits","Achievement"
1659130939,"","AchievementDeployVehicles","AchievementDeployVehicles","Achievement"
-670803502,"","AchievementDummy","AchievementDummy","Achievement"
-1640068096,"","AchievementFirstSquadWar","AchievementFirstSquadWar","Achievement"
955898304,"","AchievementFiveCardsPlayedInMatch","AchievementFiveCardsPlayedInMatch","Achievement"
-486389878,"","AchievementFlawlessHero","AchievementFlawlessHero","Achievement"
-1866067519,"","AchievementGetToLeague","AchievementGetToLeague","Achievement"
-1425970092,"","AchievementGuiRecord","AchievementGuiRecord","PoolableObject"
-2057008898,"","<>c","AchievementGuiRecord/<>c","System.Object"
926102955,"","FJCKIHDIABE","AchievementGuiRecord/FJCKIHDIABE","System.Object"
-1264383008,"","AchievementMissionsFinished","AchievementMissionsFinished","Achievement"
1891040405,"","AchievementProgress","AchievementProgress","System.Object"
-1496956282,"","AchievementProgressData","AchievementProgressData","System.Object"
1783944121,"","AchievementProgressGroup","AchievementProgressGroup","System.Object"
-2057008898,"","<>c","AchievementProgressGroup/<>c","System.Object"
1519818419,"","AchievementProgressGroupData","AchievementProgressGroupData","System.Object"
848096007,"","AchievementProgressGroups","AchievementProgressGroups","DatabaseSerializedObjectGeneric`1<AchievementProgressGroups/AchievementsData>"
943379773,"","AchievementsData","AchievementProgressGroups/AchievementsData","System.Object"
-558778418,"","AchievementSquadPoints","AchievementSquadPoints","Achievement"
1724135653,"","AchievementUpgradeMechanicalUnits","AchievementUpgradeMechanicalUnits","Achievement"
855275632,"","AchievementUpgradeSoldierUnits","AchievementUpgradeSoldierUnits","Achievement"
-1064171956,"","AchievementUpgradeWeapons","AchievementUpgradeWeapons","Achievement"
-1283062100,"","AchievementWinArenaBattles","AchievementWinArenaBattles","Achievement"
652844237,"","AchievementWinRankedBattles","AchievementWinRankedBattles","Achievement"
1344580740,"","AchievementsManager","AchievementsManager","Singleton`1<AchievementsManager>"
735876220,"","FDGCANKCCHB","AchievementsManager/FDGCANKCCHB","System.Object"
-973714072,"","AchievementsStats","AchievementsStats","Core_BaseScript"
1708748385,"","MKBAOIDHFOH","AchievementsStats/MKBAOIDHFOH","System.Object"
136114354,"","ActiveUnitsCategoriesIndicator","ActiveUnitsCategoriesIndicator","Core_BaseScript"
871683549,"","ActiveUnitsIcon","ActiveUnitsIcon","Core_BaseScript"
-1084787139,"","ActiveUnitsManager","ActiveUnitsManager","Singleton`1<ActiveUnitsManager>"
455684433,"","IIONJEJJJGA","ActiveUnitsManager/IIONJEJJJGA","System.Enum"
684702406,"","ActiveUnitsTab","ActiveUnitsTab","Core_BaseScript"
-33843812,"","FMINNNJENPN","ActiveUnitsTab/FMINNNJENPN","System.Object"
-1509028000,"","LOEEEEHHAMC","ActiveUnitsTab/LOEEEEHHAMC","System.Object"
-1788908000,"","OIFHPIFEEBJ","ActiveUnitsTab/OIFHPIFEEBJ","System.Object"
-1723142474,"","AdService","AdService","System.Object"
801257402,"","AdRewardHolder","AdService/AdRewardHolder","System.Object"
-733115825,"","AfterAwakeStartLogger","AfterAwakeStartLogger","UnityEngine.MonoBehaviour"
-551458070,"Agens.Stickers","SigningSettings","Agens.Stickers.SigningSettings","System.Object"
1867995233,"Agens.Stickers","Sticker","Agens.Stickers.Sticker","UnityEngine.ScriptableObject"
1183640041,"Agens.Stickers","StickerPack","Agens.Stickers.StickerPack","UnityEngine.ScriptableObject"
-1558829073,"Agens.Stickers","StickerPackIcon","Agens.Stickers.StickerPackIcon","System.Object"
1386913304,"","IconExportSettings","Agens.Stickers.StickerPackIcon/IconExportSettings","System.Object"
-1579188840,"","AimTarget","AimTarget","Core_BaseScript"
2102128365,"","AllTimeContent","AllTimeContent","Core_BaseScript"
-379903663,"","BBFMIPKKGIF","AllTimeContent/BBFMIPKKGIF","System.Object"
1508345704,"","CGOOEOHKDKF","AllTimeContent/CGOOEOHKDKF","System.Enum"
-2091563070,"","CJJJIAMJNBB","AllTimeContent/CJJJIAMJNBB","System.Enum"
1988964553,"","DJDPNIEKAED","AllTimeContent/DJDPNIEKAED","System.Object"
352843418,"","EDBCIDIECJD","AllTimeContent/EDBCIDIECJD","System.Object"
1045735802,"","KHKMJGIKFNO","AllTimeContent/KHKMJGIKFNO","System.Object"
720242712,"","NAEEHNMBGLO","AllTimeContent/NAEEHNMBGLO","System.Object"
1275047080,"","NECIIEGEIOK","AllTimeContent/NECIIEGEIOK","System.Object"
410890153,"","AlphaIgnoredWidget","AlphaIgnoredWidget","UnityEngine.MonoBehaviour"
1245348561,"","AlphaSortedGlobalFog","AlphaSortedGlobalFog","UnityEngine.MonoBehaviour"
-334206532,"","DDDBABDMLOE","AlphaSortedGlobalFog/DDDBABDMLOE","System.Enum"
-499427167,"","Ammo","Ammo","PoolableObject"
-901661970,"","AGLOGGKNEOM","Ammo/AGLOGGKNEOM","System.ValueType"
1522327457,"","AKNIJEIOBGH","Ammo/AKNIJEIOBGH","System.Enum"
1851238499,"","BICKHONNMCG","Ammo/BICKHONNMCG","System.Enum"
1465359005,"","AmmoSetup","AmmoSetup","UnityEngine.MonoBehaviour"
-1326310900,"","AndroidOpenBroadcastApp","AndroidOpenBroadcastApp","Core_BaseScript"
-1619717727,"","AnimatedGuiPart","AnimatedGuiPart","UnityEngine.MonoBehaviour"
-894278380,"","AnimationController","AnimationController","Core_BaseScript"
829536643,"","AnimationEvent","AnimationEvent","UnityEngine.MonoBehaviour"
-1471376576,"","AntiCheatDetector","AntiCheatDetector","Singleton`1<AntiCheatDetector>"
-1115422979,"","DNLMFJBJMIJ","AntiCheatDetector/DNLMFJBJMIJ","System.Enum"
745151863,"AppleAuth.IOS.NativeMessages","AppleError","AppleAuth.IOS.NativeMessages.AppleError","System.Object"
-1541487562,"AppleAuth.IOS.NativeMessages","AppleIDCredential","AppleAuth.IOS.NativeMessages.AppleIDCredential","System.Object"
509654630,"AppleAuth.IOS.NativeMessages","CredentialStateResponse","AppleAuth.IOS.NativeMessages.CredentialStateResponse","System.Object"
186972664,"AppleAuth.IOS.NativeMessages","FullPersonName","AppleAuth.IOS.NativeMessages.FullPersonName","OIAMDNFJIAP"
-1042623940,"AppleAuth.IOS.NativeMessages","LoginWithAppleIdResponse","AppleAuth.IOS.NativeMessages.LoginWithAppleIdResponse","System.Object"
709695979,"AppleAuth.IOS.NativeMessages","PasswordCredential","AppleAuth.IOS.NativeMessages.PasswordCredential","System.Object"
-1890474350,"","AppleSignInManager","AppleSignInManager","InGameSerializedObjectGeneric`1<AppleSignInManager/SignInData>"
755262735,"","DHEHOGCOABA","AppleSignInManager/DHEHOGCOABA","System.Object"
638212959,"","GEAPIJFJMJL","AppleSignInManager/GEAPIJFJMJL","System.Object"
-366362832,"","MMPKEPHOHAP","AppleSignInManager/MMPKEPHOHAP","System.Object"
312699025,"","SignInData","AppleSignInManager/SignInData","System.Object"
-1033362044,"","ApplyShader","ApplyShader","ImageEffectBase"
566856345,"","ArenaBox","ArenaBox","Core_BaseScript"
-1574067672,"","ArenaCosmeticsDialog","ArenaCosmeticsDialog","GuiElementSingle`1<ArenaCosmeticsDialog>"
-955658552,"","ArenaDetectedCheaterDialog","ArenaDetectedCheaterDialog","GuiElementSingle`1<ArenaDetectedCheaterDialog>"
1823570315,"","ArenaEqualPowerDialog","ArenaEqualPowerDialog","GuiElementSingle`1<ArenaEqualPowerDialog>"
-2113927871,"","FPANPFNLGFH","ArenaEqualPowerDialog/FPANPFNLGFH","System.Enum"
-1223076596,"","ArenaGridContent","ArenaGridContent","Core_BaseScript"
1228507370,"","ArenaHeroRecord","ArenaHeroRecord","PoolableObject"
1753226682,"","ArenaHintRewardLine","ArenaHintRewardLine","Core_BaseScript"
431183636,"","CNBEOCGMDKO","ArenaHintRewardLine/CNBEOCGMDKO","System.Enum"
-142586093,"","ArenaLiveRecord","ArenaLiveRecord","Core_BaseScript"
-2112859072,"","ArenaLootBox3D","ArenaLootBox3D","Core_BaseScript"
-1359293363,"","EENOHMFPENN","ArenaLootBox3D/EENOHMFPENN","System.Object"
-1263528669,"","ArenaLootboxDialog","ArenaLootboxDialog","GuiElementSingle`1<ArenaLootboxDialog>"
-292559516,"","BMBAHPNLGBL","ArenaLootboxDialog/BMBAHPNLGBL","System.Object"
1070358553,"","BMGIOGAJELE","ArenaLootboxDialog/BMGIOGAJELE","System.Enum"
-360014498,"","ArenaLostDialog","ArenaLostDialog","GuiElementSingle`1<ArenaLostDialog>"
1483353747,"","ArenaNode","ArenaNode","Core_BaseScript"
-2057008898,"","<>c","ArenaNode/<>c","System.Object"
-296829346,"","ArenaOpenedDialog","ArenaOpenedDialog","GuiElementSingle`1<ArenaOpenedDialog>"
1960946142,"","ArenaPhaseContent","ArenaPhaseContent","Core_BaseScript"
-1027324770,"","ArenaRewardRecord","ArenaRewardRecord","UnityEngine.MonoBehaviour"
-1217201361,"","ArenaRuleRecord","ArenaRuleRecord","PoolableObject"
200218628,"","ArenaRulesPanelResize","ArenaRulesPanelResize","Core_BaseScript"
1112088985,"","ArenaScreen","ArenaScreen","GuiScreenSingle`1<ArenaScreen>"
935334631,"","HDGKFKLBCLO","ArenaScreen/HDGKFKLBCLO","System.Enum"
243298042,"","JKKMIMPOJPG","ArenaScreen/JKKMIMPOJPG","System.Object"
-1299828003,"","ArenaScreenEnterContent","ArenaScreenEnterContent","Core_BaseScript"
-2057008898,"","<>c","ArenaScreenEnterContent/<>c","System.Object"
-1349646337,"","ArenaScreenMainContent","ArenaScreenMainContent","Core_BaseScript"
-1475282841,"","ArenaShieldsDialog","ArenaShieldsDialog","GuiElementSingle`1<ArenaShieldsDialog>"
-915118713,"","ArenaUnlockedDialog","ArenaUnlockedDialog","GuiElementSingle`1<ArenaUnlockedDialog>"
-1835823166,"","ArenaWonDialog","ArenaWonDialog","GuiElementSingle`1<ArenaWonDialog>"
1816497076,"","ArmyCategoriesDialog","ArmyCategoriesDialog","GuiElementSingle`1<ArmyCategoriesDialog>"
857675825,"","GEEMAEJJNLB","ArmyCategoriesDialog/GEEMAEJJNLB","System.Object"
-2056843974,"","ArmyElitePerkHint","ArmyElitePerkHint","Core_BaseScript"
-2057008898,"","<>c","ArmyElitePerkHint/<>c","System.Object"
349450351,"","ArmyLeftAbilityDialog","ArmyLeftAbilityDialog","Core_BaseScript"
-1493340445,"","MMELELCJDNI","ArmyLeftAbilityDialog/MMELELCJDNI","System.Object"
-2065594368,"","NPKGNMPCCLK","ArmyLeftAbilityDialog/NPKGNMPCCLK","System.Object"
1806381645,"","ArmyLeftBuffDialog","ArmyLeftBuffDialog","Core_BaseScript"
1398188568,"","JPHGGGNIKHB","ArmyLeftBuffDialog/JPHGGGNIKHB","System.Object"
-1938786749,"","ArmyLeftBuffProgress","ArmyLeftBuffProgress","Core_BaseScript"
1957809477,"","ArmyLeftButton","ArmyLeftButton","Core_BaseScript"
-132301797,"","BGHPGPDAODI","ArmyLeftButton/BGHPGPDAODI","System.Object"
951285284,"","ArmyLeftContent","ArmyLeftContent","Core_BaseScript"
-2057008898,"","<>c","ArmyLeftContent/<>c","System.Object"
-1732054442,"","ArmyLeftHint","ArmyLeftHint","Core_BaseScript"
-2092968068,"","EIOMCNFKLPG","ArmyLeftHint/EIOMCNFKLPG","System.Enum"
43395865,"","ArmyLeftPowerDialog","ArmyLeftPowerDialog","Core_BaseScript"
-1565221938,"","CBLKFKOCDAM","ArmyLeftPowerDialog/CBLKFKOCDAM","System.Object"
-2081190639,"","HCLLBKANBMN","ArmyLeftPowerDialog/HCLLBKANBMN","System.Object"
-1491000156,"","ArmyPowerAnimation","ArmyPowerAnimation","Core_BaseScript"
1054725999,"","ArmyPreviewCamera","ArmyPreviewCamera","Singleton`1<ArmyPreviewCamera>"
2134499724,"","AAGMKGAKMGF","ArmyPreviewCamera/AAGMKGAKMGF","System.Object"
1496855695,"","AGPKHCCDOLO","ArmyPreviewCamera/AGPKHCCDOLO","System.Object"
-1694169299,"","AJCGBFCGKCM","ArmyPreviewCamera/AJCGBFCGKCM","System.Object"
-1334993179,"","CDPMHDKJAAG","ArmyPreviewCamera/CDPMHDKJAAG","System.Object"
-1811090062,"","DPKCIMGHKML","ArmyPreviewCamera/DPKCIMGHKML","System.Object"
1900954272,"","FKGMLOHJJKD","ArmyPreviewCamera/FKGMLOHJJKD","System.Object"
167923077,"","MBNGPNJNDOL","ArmyPreviewCamera/MBNGPNJNDOL","System.Object"
-665219676,"","ArmyRightContent","ArmyRightContent","Core_BaseScript"
-2057008898,"","<>c","ArmyRightContent/<>c","System.Object"
1513385190,"","MODCJKKKNNO","ArmyRightContent/MODCJKKKNNO","System.Object"
-1780870115,"","NLBCFLGIEJF","ArmyRightContent/NLBCFLGIEJF","System.Object"
8397755,"","ArmyScreen","ArmyScreen","GuiScreenSingle`1<ArmyScreen>"
-300152859,"","BMDEHOAPCPA","ArmyScreen/BMDEHOAPCPA","System.Object"
-354125891,"","BMLKKBNMFOJ","ArmyScreen/BMLKKBNMFOJ","System.Object"
-2000939078,"","LEAJPGHLMMC","ArmyScreen/LEAJPGHLMMC","System.Object"
102957722,"","PCMJGCBPNEJ","ArmyScreen/PCMJGCBPNEJ","System.Object"
-1863063022,"","ArmyStatProgressBar","ArmyStatProgressBar","Core_BaseScript"
-1752735394,"","GMJKPHDLHEJ","ArmyStatProgressBar/GMJKPHDLHEJ","System.Enum"
1879110122,"","ArmyTierRecord","ArmyTierRecord","PoolableObject"
1011924775,"","ArmyUnit3DModel","ArmyUnit3DModel","Core_BaseScript"
1634391296,"","UpgradeSlot","ArmyUnit3DModel/UpgradeSlot","System.Object"
840597634,"","ArmyUnitStatistics","ArmyUnitStatistics","Core_BaseScript"
-1331385052,"","ArmyUpgradeIcon","ArmyUpgradeIcon","PoolableObject"
95782736,"","Arrow","Arrow","Ammo"
1542568430,"","ArrowSetup","ArrowSetup","BulletSetup"
-1635877132,"","AssaultHelicopter","AssaultHelicopter","Heli`1<AssaultHelicopterBehaviour>"
-2002751692,"","IIJIJLJCENO","AssaultHelicopter/IIJIJLJCENO","System.Object"
-352005317,"","AssaultHelicopterBehaviour","AssaultHelicopterBehaviour","AssaultHelicopterBehaviourG`1<AssaultHelicopterBehaviourDefinititon>"
1839444379,"","AssaultHelicopterBehaviourDefinititon","AssaultHelicopterBehaviourDefinititon","VehicleBehaviourDefinititon"
-969869607,"","AssaultHelicopterBehaviourG`1","AssaultHelicopterBehaviourG`1","VehicleBehaviour"
1577443422,"","AssetBundleManager","AssetBundleManager","Singleton`1<AssetBundleManager>"
963891284,"","CPLEJGJOBPO","AssetBundleManager/CPLEJGJOBPO","System.Object"
-1493802789,"","IDIHFKIFNBG","AssetBundleManager/IDIHFKIFNBG","System.Object"
-1844805320,"","JKNOMJHMBGK","AssetBundleManager/JKNOMJHMBGK","System.Object"
-1745618084,"","NNFGOFFEKBE","AssetBundleManager/NNFGOFFEKBE","System.Object"
-1622646446,"","AssetBundleReference","AssetBundleReference","System.Object"
609721075,"Assets.Scripts.GUI","ScreenNavigator","Assets.Scripts.GUI.ScreenNavigator","Photon.MonoBehaviour"
1423250633,"Assets.Scripts.Game.Invasion","InvasionBattleController","Assets.Scripts.Game.Invasion.InvasionBattleController","Core_BaseScript"
-1287289333,"Assets.Scripts.Game.Player.DamageModifiers","UnitTypeDamageModifier","Assets.Scripts.Game.Player.DamageModifiers.UnitTypeDamageModifier","System.Object"
1881370564,"Assets.Scripts.Game.Player.DamageModifiers","WeaponCategoryDamageModifier","Assets.Scripts.Game.Player.DamageModifiers.WeaponCategoryDamageModifier","System.Object"
883157654,"","Assignment","Assignment","System.Object"
-757919342,"","AssignmentId","Assignment/AssignmentId","System.Enum"
-1779976145,"","Difficulty","Assignment/Difficulty","System.Enum"
-727196228,"","RewardType","Assignment/RewardType","System.Enum"
-1363641036,"","State","Assignment/State","System.Enum"
49736565,"","AssignmentPauseRecord","AssignmentPauseRecord","Core_BaseScript"
-642328409,"","AssignmentRecord","AssignmentRecord","Core_BaseScript"
-185083221,"","CDPNMPGGGCD","AssignmentRecord/CDPNMPGGGCD","System.Object"
-1823925930,"","GJHFOEDBPOL","AssignmentRecord/GJHFOEDBPOL","System.Object"
1623069082,"","ICLJMIJHENO","AssignmentRecord/ICLJMIJHENO","System.Enum"
184494163,"","AssignmentScreenRecord","AssignmentScreenRecord","Core_BaseScript"
-258133532,"","CECBEKHNBIN","AssignmentScreenRecord/CECBEKHNBIN","System.Object"
-1855295753,"","LHOFMOOKJFG","AssignmentScreenRecord/LHOFMOOKJFG","System.Object"
1800796377,"","AssignmentsContent","AssignmentsContent","Core_BaseScript"
-471026701,"","JDAHIGPKPBM","AssignmentsContent/JDAHIGPKPBM","System.Object"
412251407,"","LGIOCELEGGG","AssignmentsContent/LGIOCELEGGG","System.Object"
-1504730524,"","AssignmentsDialog","AssignmentsDialog","GuiElementSingle`1<AssignmentsDialog>"
1785045160,"","JHAAAKNJBMH","AssignmentsDialog/JHAAAKNJBMH","System.Enum"
-1254376746,"","AssignmentsManager","AssignmentsManager","DatabaseSerializedObjectGeneric`1<AssignmentsManager/AssignmentData>"
1582434130,"","AssignmentData","AssignmentsManager/AssignmentData","System.Object"
-1622248918,"","DatabaseAssignment","AssignmentsManager/DatabaseAssignment","System.Object"
-1822019170,"","LookType","AssignmentsManager/LookType","System.Enum"
103466155,"","AssignmentsScreen","AssignmentsScreen","GuiScreenSingle`1<AssignmentsScreen>"
-2060739672,"","AssignmentsTab","AssignmentsTab","Core_BaseScript"
155346575,"","AssignmentsTabDailyRecord","AssignmentsTabDailyRecord","Core_BaseScript"
-1302652978,"","KEPLEFECDON","AssignmentsTabDailyRecord/KEPLEFECDON","System.Object"
-2109987556,"","AssignmentsTabStarterRecord","AssignmentsTabStarterRecord","Core_BaseScript"
353819536,"","AtlasPreparer","AtlasPreparer","Singleton`1<AtlasPreparer>"
37817808,"","AIIAOMOCLCD","AtlasPreparer/AIIAOMOCLCD","System.Enum"
48208648,"","CFDDAIHCDMD","AtlasPreparer/CFDDAIHCDMD","System.Enum"
-1958442615,"","DownloadableTextureReplace","AtlasPreparer/DownloadableTextureReplace","System.Object"
-1966017698,"","FMCJEGABJHF","AtlasPreparer/FMCJEGABJHF","System.Object"
-50049215,"","HNIJOAKPBPL","AtlasPreparer/HNIJOAKPBPL","System.Object"
594843669,"","ICFKMIJNEKA","AtlasPreparer/ICFKMIJNEKA","System.Object"
1243254850,"","IKALENCMFBC","AtlasPreparer/IKALENCMFBC","System.Object"
1984983176,"","IPMFJMALNOA","AtlasPreparer/IPMFJMALNOA","System.Object"
1111357660,"","LJAGDCACDBP","AtlasPreparer/LJAGDCACDBP","System.Enum"
-370953363,"","OCCBDBMEOJL","AtlasPreparer/OCCBDBMEOJL","System.Object"
790167408,"","OGLDLEEIIEA","AtlasPreparer/OGLDLEEIIEA","System.Object"
-383757322,"","PFBKJACEDCF","AtlasPreparer/PFBKJACEDCF","System.Object"
-613667061,"","TextureDatas2DToolkit","AtlasPreparer/TextureDatas2DToolkit","System.Object"
291539666,"","TextureDatasNgui","AtlasPreparer/TextureDatasNgui","System.Object"
1675336323,"","AugHintInfo","AugHintInfo","UnityEngine.MonoBehaviour"
2100167351,"","AugmentationCrateDialog","AugmentationCrateDialog","GuiElementSingle`1<AugmentationCrateDialog>"
1454768376,"","FHNOHCMDEAA","AugmentationCrateDialog/FHNOHCMDEAA","System.Object"
-391043661,"","JKPDEJKFGHJ","AugmentationCrateDialog/JKPDEJKFGHJ","System.Object"
687579509,"","AugmentationFusionSlot","AugmentationFusionSlot","UnityEngine.MonoBehaviour"
-97289611,"","AugmentationManager","AugmentationManager","DatabaseSerializedObjectGeneric`1<AugmentationManager/AugmentationData>"
-687703087,"","Augmentation","AugmentationManager/Augmentation","System.Object"
-224134207,"","AugmentationData","AugmentationManager/AugmentationData","System.Object"
-1052675659,"","BONGGKMBFPI","AugmentationManager/BONGGKMBFPI","System.Object"
2069787677,"","ENBIFKHMAGA","AugmentationManager/ENBIFKHMAGA","System.Enum"
-2080934783,"","GAEKEDEFBBG","AugmentationManager/GAEKEDEFBBG","System.Enum"
-1426195958,"","JCCJLCGGIJA","AugmentationManager/JCCJLCGGIJA","System.Object"
-225377757,"","JJKEMOGCMGL","AugmentationManager/JJKEMOGCMGL","System.Enum"
-917338979,"","AugmentationSlot","AugmentationSlot","UnityEngine.MonoBehaviour"
-1732768243,"","BLMFJLDDEIN","AugmentationSlot/BLMFJLDDEIN","System.Object"
-388987900,"","AugmentationSummaryGuiRecord","AugmentationSummaryGuiRecord","Core_BaseScript"
-586994845,"","AugmentationTutorialDialog","AugmentationTutorialDialog","GuiElementSingle`1<AugmentationTutorialDialog>"
-1782827078,"","AugmentationVisualIcon","AugmentationVisualIcon","PoolableObject"
-591861082,"","AugmentationsButton","AugmentationsButton","CamosTabButton"
-519507729,"","AugmentationsFusionScreen","AugmentationsFusionScreen","Core_BaseScript"
-2057008898,"","<>c","AugmentationsFusionScreen/<>c","System.Object"
-776761947,"","AugmentationsScreen","AugmentationsScreen","Core_BaseScript"
-1932159066,"","AutomaticRifle","AutomaticRifle","Gun"
2096752815,"","AwaitingSquadMembersManager","AwaitingSquadMembersManager","Singleton`1<AwaitingSquadMembersManager>"
-1546496450,"","BJJEEJAFAEC","AwaitingSquadMembersManager/BJJEEJAFAEC","System.Object"
1824921095,"","BAGFOPJKOME","BAGFOPJKOME",""
137560897,"","BAJJMLAPBPF","BAJJMLAPBPF","NCBOCAKFEMN"
-2092344031,"","BAPKLOHGEKI","BAPKLOHGEKI","System.Object"
-959208778,"","BBFBFANGDJP","BBFBFANGDJP","System.Object"
-705807992,"","BBGEENNPNOA","BBGEENNPNOA","System.Object"
-1792319356,"","BBHBMFEDANN","BBHBMFEDANN",""
-739202484,"","BBNAJOEFLBN","BBNAJOEFLBN","System.Object"
-1148054699,"","BCJEHJIDHJC","BCJEHJIDHJC","PMIBIKBBFPM"
205703312,"","BDCPDBODAEJ","BDCPDBODAEJ","ENDMPOFHMLN"
-1816521121,"","BDDCGIMKMNO","BDDCGIMKMNO","PBANCHJOOGI"
1467985301,"","BDEECEMMLML","BDEECEMMLML","ODLKOCCPNHL"
-1154893089,"","BDMFJHKDJOF","BDMFJHKDJOF","OOOLBNAPBAM"
-1821524358,"","BDNCFCBNHFJ","BDNCFCBNHFJ","NNALAPPHPNG"
301733684,"","BEAALIKABIC","BEAALIKABIC","System.Object"
-1401711480,"","BEBHBAGDONF","BEBHBAGDONF","OLCAMJEFKHO"
-161417372,"","BEBOJPEBFBA","BEBOJPEBFBA","System.Object"
1655048208,"","BEFFDLMFIND","BEFFDLMFIND","System.Enum"
1922943888,"","BENCKBENOCK","BENCKBENOCK","ODLKOCCPNHL"
-1446064967,"","BGAPLEIJNPO","BGAPLEIJNPO","GIFNNKNKCMA"
-2057008898,"","<>c","BGAPLEIJNPO/<>c","System.Object"
-1608924604,"","BGBKPPBHGPK","BGBKPPBHGPK","ACNGDCINJEP"
-1554706235,"","DBAOPKNMAFG","BGBKPPBHGPK/DBAOPKNMAFG","System.Object"
-1787773594,"","BGDAEMCBKIB","BGDAEMCBKIB","AnalyticsServiceBase"
-1935160580,"","BGDOIJBAKKB","BGDOIJBAKKB","System.Object"
-72756019,"","BGGOHPEEFOH","BGGOHPEEFOH","System.Object"
-2057008898,"","<>c","BGGOHPEEFOH/<>c","System.Object"
1771348199,"","BHDAFNGBMHF","BHDAFNGBMHF","System.Object"
-1069812800,"","Content","BHDAFNGBMHF/Content","System.Object"
740642277,"","DIIIELOPEEO","BHDAFNGBMHF/DIIIELOPEEO","System.Enum"
-989553057,"","EOLFJELFCJA","BHDAFNGBMHF/EOLFJELFCJA","System.Enum"
231474349,"","NOJMEDLGCPO","BHDAFNGBMHF/NOJMEDLGCPO","System.Object"
-1375499154,"","BHFEPKDAGMJ","BHFEPKDAGMJ","LBEKLOCAOBI"
-272756872,"","BHIMJPPFGGN","BHIMJPPFGGN","ODLKOCCPNHL"
-2057008898,"","<>c","BHIMJPPFGGN/<>c","System.Object"
551726210,"","BIEMJKPNEFC","BIEMJKPNEFC","LBEKLOCAOBI"
-1756586683,"","BIIKJBNDMIP","BIIKJBNDMIP","HGJDEOHIFDP"
-1109710380,"","BKDBMNDKFGP","BKDBMNDKFGP","System.Object"
1932921788,"","BKHJJAKPGGF","BKHJJAKPGGF","HGJDEOHIFDP"
87190800,"","BKMMGKOBKGJ","BKMMGKOBKGJ","System.Object"
-1144387615,"","BKOIHDOEEFE","BKOIHDOEEFE","System.Object"
-2057008898,"","<>c","BKOIHDOEEFE/<>c","System.Object"
618292258,"","NJMIFEMDEMD","BKOIHDOEEFE/NJMIFEMDEMD","System.Enum"
68458171,"","BLCKCHHPNDB","BLCKCHHPNDB","System.Object"
-332389703,"","BLHCIKKLGND","BLHCIKKLGND","GIFNNKNKCMA"
-1503984063,"","BLHEJDJJCCE","BLHEJDJJCCE","System.Enum"
1945692446,"","BLOKHIJIEDB","BLOKHIJIEDB","HOPENDPOGOD"
-2057008898,"","<>c","BLOKHIJIEDB/<>c","System.Object"
302178232,"","AGMGDEBIIBA","BLOKHIJIEDB/AGMGDEBIIBA","System.Object"
-755994088,"","BMBANBFFADM","BMBANBFFADM","System.Object"
1305506787,"","BMBigSlotRecord","BMBigSlotRecord","Core_BaseScript"
-1240742534,"","BMICELOBJNK","BMICELOBJNK","GFIECHBOANM<AFANAHJFCNL>"
1999234809,"","BMSmallSlotRecord","BMSmallSlotRecord","Core_BaseScript"
-2057008898,"","<>c","BMSmallSlotRecord/<>c","System.Object"
-1524998275,"","BNAICKJBHFH","BNAICKJBHFH",""
1529144419,"","BNALMNPNHPC","BNALMNPNHPC","GIFNNKNKCMA"
-1313857984,"","BNEAKOOKIBI","BNEAKOOKIBI","ENBDICAOCON"
-1832422063,"","BNIINCONFHO","BNIINCONFHO","NMPBGNOOKNO"
-1674374345,"","CFOMCLCBJPB","BNIINCONFHO/CFOMCLCBJPB","System.Object"
628806645,"","BODEAEONNGI","BODEAEONNGI","GIFNNKNKCMA"
-2057008898,"","<>c","BODEAEONNGI/<>c","System.Object"
2143673079,"","BOELDJFHFDP","BOELDJFHFDP","GIFNNKNKCMA"
529100227,"","BOIFJIONPFM","BOIFJIONPFM","GIFNNKNKCMA"
1317712977,"","BOJPJKHMHPJ","BOJPJKHMHPJ","System.Enum"
-2056836272,"","BPKEIFDPBEL","BPKEIFDPBEL","ODLKOCCPNHL"
-809237155,"","Background","Background","GuiElementSingle`1<Background>"
644454074,"","FCDBNMALGFG","Background/FCDBNMALGFG","System.Object"
-1972245810,"","OLNAGFDIOLI","Background/OLNAGFDIOLI","System.Enum"
1958493803,"","Barrel","Barrel","PoolableObject"
965419926,"","BarrelsManager","BarrelsManager","Singleton`1<BarrelsManager>"
2042056040,"","BatchedWeapon","BatchedWeapon","Core_BaseScript"
1624488286,"","BattleAnalyticsManager","BattleAnalyticsManager","Singleton`1<BattleAnalyticsManager>"
-693194490,"","BattleData","BattleAnalyticsManager/BattleData","System.Object"
-1755455229,"","BattleAugCrateManager","BattleAugCrateManager","DatabaseSerializedObjectGeneric`1<BattleAugCrateManager/BattleAugCrateData>"
202467873,"","BattleAugCrateData","BattleAugCrateManager/BattleAugCrateData","System.Object"
-1035560307,"","IIDDAPKDLDE","BattleAugCrateManager/IIDDAPKDLDE","System.Enum"
-189814467,"","BattleCompareArmyRecord","BattleCompareArmyRecord","Core_BaseScript"
-1207597944,"","BattleCompareArmyWeaponsPart","BattleCompareArmyWeaponsPart","Core_BaseScript"
1693105187,"","BattleCompareDialog","BattleCompareDialog","GuiElementSingle`1<BattleCompareDialog>"
-1746670078,"","GMMPNAPAEMM","BattleCompareDialog/GMMPNAPAEMM","System.Enum"
-1373436137,"","LMDOCDCJGDI","BattleCompareDialog/LMDOCDCJGDI","System.Enum"
-1972386950,"","BattleCompareHint","BattleCompareHint","Core_BaseScript"
2007693668,"","BattleCompareHintStatRecord","BattleCompareHintStatRecord","Core_BaseScript"
1234978759,"","BattleComparePlayer","BattleComparePlayer","Core_BaseScript"
1931268162,"","BattleCompareStatRecord","BattleCompareStatRecord","Core_BaseScript"
733143901,"","BattleCompareWarcardRecord","BattleCompareWarcardRecord","Core_BaseScript"
775166900,"","BattleCompareWeaponRecord","BattleCompareWeaponRecord","Core_BaseScript"
1625407036,"","BattleDetailsGuiRecord","BattleDetailsGuiRecord","PoolableObject"
-1122036144,"","BattleHistoryStats","BattleHistoryStats","Core_BaseScript"
-464672673,"","INDEJBCMAGJ","BattleHistoryStats/INDEJBCMAGJ","System.Object"
985806630,"","BattlePreparationBottomReposition","BattlePreparationBottomReposition","Core_BaseScript"
-226693654,"","BattlePreparationCustomizationButton","BattlePreparationCustomizationButton","Core_BaseScript"
1374707241,"","GPBJPHEJDNI","BattlePreparationCustomizationButton/GPBJPHEJDNI","System.Object"
-382905450,"","BattlePreparationDailyMissionButton","BattlePreparationDailyMissionButton","Core_BaseScript"
-1638648703,"","PAEJHGEEIOJ","BattlePreparationDailyMissionButton/PAEJHGEEIOJ","System.Enum"
170752289,"","BattlePreparationScreen","BattlePreparationScreen","GuiScreenSingle`1<BattlePreparationScreen>"
-218139162,"","BattlePreparationUnitButton","BattlePreparationUnitButton","Core_BaseScript"
-2057008898,"","<>c","BattlePreparationUnitButton/<>c","System.Object"
371814182,"","CNKODFCMNAD","BattlePreparationUnitButton/CNKODFCMNAD","System.Object"
1298196359,"","BattlePreparationWarCardsButton","BattlePreparationWarCardsButton","Core_BaseScript"
1325336680,"","KKGPOJDEJJL","BattlePreparationWarCardsButton/KKGPOJDEJJL","System.Object"
-1871278214,"","BattlePreparationWeaponButton","BattlePreparationWeaponButton","Core_BaseScript"
-2057008898,"","<>c","BattlePreparationWeaponButton/<>c","System.Object"
735043663,"","NIGMNLJGHOK","BattlePreparationWeaponButton/NIGMNLJGHOK","System.Object"
146802297,"","BattleReversionDialog","BattleReversionDialog","GuiElementSingle`1<BattleReversionDialog>"
1387541459,"","BattleRewardsManager","BattleRewardsManager","InGameSerializedObjectGeneric`1<BattleRewardsManager/SaveData>"
-637193554,"","SaveData","BattleRewardsManager/SaveData","System.Object"
-1419042961,"","BattleShareDialog","BattleShareDialog","GuiElementSingle`1<BattleShareDialog>"
977378314,"","Bazooka","Bazooka","PhysicalAmmoWeapon"
1904244630,"","BazookaFangs","BazookaFangs","Bazooka"
-527610865,"","PBKJHLLDHBE","BazookaFangs/PBKJHLLDHBE","System.Object"
-318993927,"","BazookaFangsLevelsSetup","BazookaFangsLevelsSetup","BazookaLevelsSetup"
1341099433,"","BazookaLevelsSetup","BazookaLevelsSetup","WeaponLevelsSetup"
214870787,"","BazookaWithMuzzle","BazookaWithMuzzle","Bazooka"
1884234024,"","BeanstalkServerManager","BeanstalkServerManager","Singleton`1<BeanstalkServerManager>"
-2057008898,"","<>c","BeanstalkServerManager/<>c","System.Object"
807304452,"","FHOPGIBLBJH","BeanstalkServerManager/FHOPGIBLBJH","System.Object"
255721333,"","FMHHIOEJCOF","BeanstalkServerManager/FMHHIOEJCOF","System.Object"
756691456,"","HOCHPLACBIK","BeanstalkServerManager/HOCHPLACBIK","System.Object"
-864134417,"","JDLHAFCGKLN","BeanstalkServerManager/JDLHAFCGKLN","System.Object"
1033646275,"","JPJELBIBCPK","BeanstalkServerManager/JPJELBIBCPK","System.MulticastDelegate"
-1056532997,"","MCLNMICDAAJ","BeanstalkServerManager/MCLNMICDAAJ","System.Object"
-1874749685,"","OPNICEHBKMD","BeanstalkServerManager/OPNICEHBKMD","System.Object"
1246864599,"","BeforeAwakeStartLogger","BeforeAwakeStartLogger","UnityEngine.MonoBehaviour"
1512885386,"","BehaviourDefinititon","BehaviourDefinititon","System.Object"
432405656,"","BenefitsPart","BenefitsPart","Core_BaseScript"
1071295736,"","BigArenaButton","BigArenaButton","Core_BaseScript"
-2095804245,"","BFDJHLGDHCM","BigArenaButton/BFDJHLGDHCM","System.Enum"
125689655,"","BigSpritesLoader","BigSpritesLoader","Singleton`1<BigSpritesLoader>"
-1548021451,"","OBDAFMJGJHN","BigSpritesLoader/OBDAFMJGJHN","System.Object"
-1933221113,"","BlackMarketManager","BlackMarketManager","DatabaseSerializedObjectGeneric`1<BlackMarketManager/BlackMarketOfferData>"
-294546426,"","BlackMarketOfferData","BlackMarketManager/BlackMarketOfferData","System.Object"
1499786586,"","OfferedWeapon","BlackMarketManager/OfferedWeapon","System.Object"
1705976930,"","BlackMarketStoreManager","BlackMarketStoreManager","DatabaseSerializedObjectGeneric`1<BlackMarketStoreManager/BlackMarketStoreData>"
-1572033848,"","AOLKNONGMCJ","BlackMarketStoreManager/AOLKNONGMCJ","System.Enum"
726848857,"","BMSlotData","BlackMarketStoreManager/BMSlotData","System.Object"
25370969,"","BlackMarketStoreData","BlackMarketStoreManager/BlackMarketStoreData","System.Object"
1151209529,"","BlackmarketConfirmDialog","BlackmarketConfirmDialog","GuiElementSingle`1<BlackmarketConfirmDialog>"
-1244742440,"","BlackmarketDialog","BlackmarketDialog","GuiElementSingle`1<BlackmarketDialog>"
-1285685505,"","BlackmarketPurchaseConfirmDialog","BlackmarketPurchaseConfirmDialog","GuiElementSingle`1<BlackmarketPurchaseConfirmDialog>"
101447069,"","BlackmarketUnitConfirmDialog","BlackmarketUnitConfirmDialog","GuiElementSingle`1<BlackmarketUnitConfirmDialog>"
-84529790,"","BlackmarketWeaponRecord","BlackmarketWeaponRecord","Core_BaseScript"
1664005775,"","BlackmarketWeaponStatisticGUI","BlackmarketWeaponStatisticGUI","Core_BaseScript"
-53151317,"","BlinkingObject","BlinkingObject","UnityEngine.MonoBehaviour"
-1140318947,"","BlinkingObjectMultiple","BlinkingObjectMultiple","UnityEngine.MonoBehaviour"
282708144,"","BonusBoxManager","BonusBoxManager","Singleton`1<BonusBoxManager>"
-2057008898,"","<>c","BonusBoxManager/<>c","System.Object"
848024047,"","BPENEAEDGNO","BonusBoxManager/BPENEAEDGNO","System.Object"
1975534102,"","BonusBoxPrefab","BonusBoxManager/BonusBoxPrefab","System.Object"
-457779372,"","CMNLPFJNPEH","BonusBoxManager/CMNLPFJNPEH","System.Enum"
1851592758,"","MADELFLPMPA","BonusBoxManager/MADELFLPMPA","System.Object"
234877418,"","BonusTakeDisplayer","BonusTakeDisplayer","PoolableObject"
703569310,"","BoosterManager","BoosterManager","DatabaseSerializedObjectGeneric`1<BoosterManager/BoosterData>"
918856776,"","BoosterData","BoosterManager/BoosterData","System.Object"
2015016429,"","EBLCALOMCNP","BoosterManager/EBLCALOMCNP","System.Enum"
1721265622,"","BoosterRecord","BoosterRecord","UnityEngine.MonoBehaviour"
1492885582,"","BCJFOGCLIDG","BoosterRecord/BCJFOGCLIDG","System.Object"
1535243096,"","HLKPLELLJEE","BoosterRecord/HLKPLELLJEE","System.Object"
748199112,"","BoosterRewardDialog","BoosterRewardDialog","GuiElementSingle`1<BoosterRewardDialog>"
242557837,"","BoosterTutorialRecord","BoosterTutorialRecord","UnityEngine.MonoBehaviour"
359409591,"","BoosterUpgradesDialog","BoosterUpgradesDialog","Core_BaseScript"
1096324800,"","EMHKDMAPEIC","BoosterUpgradesDialog/EMHKDMAPEIC","System.Enum"
1791472047,"","BootcampCompletedScreen","BootcampCompletedScreen","GuiElementSingle`1<BootcampCompletedScreen>"
907186842,"","EAOKCHBPMDK","BootcampCompletedScreen/EAOKCHBPMDK","System.Object"
-309301928,"","BotManager","BotManager","Singleton`1<BotManager>"
-2057008898,"","<>c","BotManager/<>c","System.Object"
-1434591954,"","FLEOCMDFIBK","BotManager/FLEOCMDFIBK","System.Object"
1628249829,"","HBOPICHDIBN","BotManager/HBOPICHDIBN","System.Object"
-1855997739,"","MOHPBAFJFAB","BotManager/MOHPBAFJFAB","System.Object"
1386966199,"","BotTesting","BotTesting","Core_BaseScript"
998168460,"","BoundsDrawer","BoundsDrawer","UnityEngine.MonoBehaviour"
-1602779031,"","Bow","Bow","Gun"
-1022985892,"","BowLevelsSetup","BowLevelsSetup","WeaponLevelsSetup"
1761927813,"","BrakeLight","BrakeLight","UnityEngine.MonoBehaviour"
51750248,"","BreachTurret","BreachTurret","Core_BaseScript"
-978781723,"","BroadcastSettingsDialog","BroadcastSettingsDialog","GuiElementSingle`1<BroadcastSettingsDialog>"
-1503461304,"","BuddyNameDisplayer","BuddyNameDisplayer","PoolableObject"
808974856,"","BulletBase","BulletBase","Ammo"
-734257551,"","BulletLighting","BulletLighting","BulletSlow"
-1532199356,"","DELJPCDFNOC","BulletLighting/DELJPCDFNOC","System.Object"
479623394,"","GDGKOLIEPAF","BulletLighting/GDGKOLIEPAF","System.Object"
523393601,"","KODNCNNEDMO","BulletLighting/KODNCNNEDMO","System.Object"
-1057929805,"","ONMGLHAMMFB","BulletLighting/ONMGLHAMMFB","System.Object"
389315843,"","BulletModels","BulletModels","Singleton`1<BulletModels>"
978538201,"","BulletMesh","BulletModels/BulletMesh","System.Object"
213385265,"","BulletPoison","BulletPoison","BulletSlow"
-64289946,"","AOOOLIIEODL","BulletPoison/AOOOLIIEODL","System.Object"
489049270,"","BulletPulseRifle","BulletPulseRifle","BulletBase"
1890293124,"","DIFEBKPJIKA","BulletPulseRifle/DIFEBKPJIKA","System.Object"
1257140384,"","BulletSetup","BulletSetup","AmmoSetup"
906941601,"","BulletShotGun","BulletShotGun","BulletBase"
-878555664,"","BulletSlow","BulletSlow","BulletBase"
2088880825,"","Bunker","Bunker","Vehicle`1<BunkerBehaviour>"
-1835815394,"","FOGHEJGPKCL","Bunker/FOGHEJGPKCL","System.Enum"
946044695,"","LFIHDLGEPCC","Bunker/LFIHDLGEPCC","System.Object"
-568567725,"","NNPBNNAEAFM","Bunker/NNPBNNAEAFM","System.Object"
1920757187,"","BunkerBehaviour","BunkerBehaviour","LevelBehaviour"
-644817876,"","BunkerBehaviourDefinititon","BunkerBehaviourDefinititon","VehicleBehaviourDefinititon"
-1123373693,"","BunkerGun","BunkerGun","Gun"
1325464998,"","BunkerParachute","BunkerParachute","UnityEngine.MonoBehaviour"
-318672303,"","BurnOverTime","BurnOverTime","UnityEngine.MonoBehaviour"
869129794,"","ButtonsContent","ButtonsContent","Core_BaseScript"
666068928,"","BuyHearthDialog","BuyHearthDialog","GuiElementSingle`1<BuyHearthDialog>"
969841968,"","BuyTicketsDialog","BuyTicketsDialog","GuiElementSingle`1<BuyTicketsDialog>"
-1507603159,"","BuyVIPDialog","BuyVIPDialog","GuiElementSingle`1<BuyVIPDialog>"
-1523255750,"","EALBLLCGMDE","BuyVIPDialog/EALBLLCGMDE","System.Object"
913814257,"","BuyWarbucksInstantlyDialog","BuyWarbucksInstantlyDialog","GuiElementSingle`1<BuyWarbucksInstantlyDialog>"
-1421399733,"","CAJGNCMLLMP","CAJGNCMLLMP","HOPENDPOGOD"
-261849805,"","CALNDFKGAEO","CALNDFKGAEO","System.Object"
867196975,"","CBHLJJMDLEH","CBHLJJMDLEH","GIFNNKNKCMA"
-1340976899,"","CBOEOAIMLAN","CBOEOAIMLAN","System.Object"
1843481829,"","CCDOHCBDDJF","CCDOHCBDDJF","EventAssignment"
1947893543,"","CCJICAGKNBJ","CCJICAGKNBJ","BPKEIFDPBEL"
-1844463731,"","CCOEAKDNCIH","CCOEAKDNCIH","System.Object"
163998636,"","CDACKBKPNPP","CDACKBKPNPP","EventAssignment"
-2055699545,"","CDFCBCEFDAC","CDFCBCEFDAC","ODLKOCCPNHL"
1781284638,"","CDJGGLCLOAC","CDJGGLCLOAC",""
1719000623,"","CEGPEFKNDAN","CEGPEFKNDAN","IOADBAPLJHM"
1217256096,"","CEHMGBOGDDA","CEHMGBOGDDA","EKPCGOCAPPH"
800042174,"","CFGANHNAKOF","CFGANHNAKOF","BBFBFANGDJP"
1578194081,"","CFX2_AutoRotate","CFX2_AutoRotate","UnityEngine.MonoBehaviour"
1210690087,"","CFX3_AutoStopLoopedEffect","CFX3_AutoStopLoopedEffect","UnityEngine.MonoBehaviour"
2111664038,"","CFX3_Demo_Translate","CFX3_Demo_Translate","UnityEngine.MonoBehaviour"
443559337,"","CFX_AutoDestructShuriken","CFX_AutoDestructShuriken","UnityEngine.MonoBehaviour"
-2007388651,"","CPIIJFMGKLK","CFX_AutoDestructShuriken/CPIIJFMGKLK","System.Object"
-957244350,"","CFX_AutodestructWhenNoChildren","CFX_AutodestructWhenNoChildren","UnityEngine.MonoBehaviour"
-2000550135,"","CFX_Demo_RandomDir","CFX_Demo_RandomDir","UnityEngine.MonoBehaviour"
1415266748,"","CFX_Demo_RotateCamera","CFX_Demo_RotateCamera","UnityEngine.MonoBehaviour"
54434146,"","CFX_LightIntensityFade","CFX_LightIntensityFade","UnityEngine.MonoBehaviour"
-620930486,"","CFX_ShurikenThreadFix","CFX_ShurikenThreadFix","UnityEngine.MonoBehaviour"
2011543765,"","GAPOEACMDKC","CFX_ShurikenThreadFix/GAPOEACMDKC","System.Object"
580906731,"","CFX_SpawnSystem","CFX_SpawnSystem","UnityEngine.MonoBehaviour"
-1910068412,"","CGAMHDBMCFF","CGAMHDBMCFF","GJKDKLFKKHK"
172613604,"","CGJJKPHDNDD","CGJJKPHDNDD","PBANCHJOOGI"
1609176996,"","CHIEPJHEKMO","CHIEPJHEKMO","System.Enum"
-748132436,"","CHLOHEOECPC","CHLOHEOECPC","HOPENDPOGOD"
-2057008898,"","<>c","CHLOHEOECPC/<>c","System.Object"
1108526870,"","JOFPAOKAMEG","CHLOHEOECPC/JOFPAOKAMEG","System.Object"
468203869,"","CHOLHHCEMKK","CHOLHHCEMKK",""
-475116451,"","CICGNDGHMLH","CICGNDGHMLH","OOJHFKKLNEN"
1114983166,"","CIEKMHONNOD","CIEKMHONNOD","EKPCGOCAPPH"
469114788,"","CIIFDMCAJEN","CIIFDMCAJEN","EventAssignment"
336700348,"","CIKKGLPELIP","CIKKGLPELIP","ODLKOCCPNHL"
1626213036,"","CILMBMCJDOB","CILMBMCJDOB","PMIBIKBBFPM"
-1032882080,"","CINIBBJFKAN","CINIBBJFKAN",""
1998537067,"","CIPPBGHHPLH","CIPPBGHHPLH","System.Object"
-703448822,"","CJBMBFHGEAF","CJBMBFHGEAF","NFGOAECKCLI"
-343875109,"","CJEFGGABAKE","CJEFGGABAKE","DDJHBCDLNJC"
-1411192762,"","CJHEOLMMMIG","CJHEOLMMMIG","AGGODCMFNHJ"
2016421503,"","CJPEPIKLJPD","CJPEPIKLJPD","System.Object"
1188763540,"","ABFCCPFFFPJ","CJPEPIKLJPD/ABFCCPFFFPJ","System.Object"
-462717842,"","IMCEJBOAIFP","CJPEPIKLJPD/IMCEJBOAIFP","System.Object"
-302508245,"","NJLDFHFLMNE","CJPEPIKLJPD/NJLDFHFLMNE","System.Enum"
1103509097,"","CKEFBEEDPIM","CKEFBEEDPIM","ENBDICAOCON"
-1350870544,"","CKKBPJIHJOA","CKKBPJIHJOA","HGJDEOHIFDP"
882631102,"","CKKCLPCJCNO","CKKCLPCJCNO","System.Object"
-1896299843,"","CKLEHCPLAAB","CKLEHCPLAAB","System.ValueType"
-1344042707,"","CKPMIBIOOFE","CKPMIBIOOFE","APOHBFICGML"
-1362565982,"","CLCEHFPCFCC","CLCEHFPCFCC","GIFNNKNKCMA"
-1590910306,"","CLGLOCEOLCA","CLGLOCEOLCA","HGJDEOHIFDP"
1841398250,"","CMMJKBADOEE","CMMJKBADOEE","System.Object"
-1820601158,"","CMONKDOGAHD","CMONKDOGAHD","System.Object"
1251747702,"","HNJNPJBGADN","CMONKDOGAHD/HNJNPJBGADN","System.Enum"
-1500577438,"","CNCGBAOJPEJ","CNCGBAOJPEJ","HGJDEOHIFDP"
1317257006,"","CNCOHHENOAN","CNCOHHENOAN","NIAGGCHHKGI"
-1591016371,"","COGEGNNPJKA","COGEGNNPJKA","ODLKOCCPNHL"
-2057008898,"","<>c","COGEGNNPJKA/<>c","System.Object"
-1377201831,"","CPAIAMNEBKP","CPAIAMNEBKP","OOOLBNAPBAM"
1258286000,"","CPANHEFDEFE","CPANHEFDEFE","WeaponFeature"
-332180388,"","CPBKEGGOEMM","CPBKEGGOEMM","APOHBFICGML"
200523631,"","CPLDLBLBDAN","CPLDLBLBDAN","System.Object"
-295369812,"","CameraLineRenderer","CameraLineRenderer","UnityEngine.MonoBehaviour"
-636483738,"","FOIBNPGDPLO","CameraLineRenderer/FOIBNPGDPLO","System.ValueType"
-372040574,"","CameraPanelAligner","CameraPanelAligner","UnityEngine.MonoBehaviour"
524764390,"","PODAJBHNCGA","CameraPanelAligner/PODAJBHNCGA","System.Enum"
1004719184,"","PPNHCCOHCKO","CameraPanelAligner/PPNHCCOHCKO","System.Enum"
-816841264,"","CameraPlayerFollow","CameraPlayerFollow","Core_BaseScript"
48565242,"","ThirdPersoncameraDefinition","CameraPlayerFollow/ThirdPersoncameraDefinition","System.Object"
-1766570852,"","CameraSizeSetter","CameraSizeSetter","UnityEngine.MonoBehaviour"
302824247,"","CamosManager","CamosManager","DatabaseSerializedObjectGeneric`1<CamosManager/DecalManagerData>"
-2057008898,"","<>c","CamosManager/<>c","System.Object"
1394882246,"","<PrepareAssets>d__45","CamosManager/<PrepareAssets>d__45","System.Object"
-1571868060,"","CamoHairConfiguration","CamosManager/CamoHairConfiguration","System.Object"
427068668,"","DecalManagerData","CamosManager/DecalManagerData","System.Object"
-970551729,"","SavedPlayerVisual","CamosManager/SavedPlayerVisual","System.Object"
1707295126,"","SavedPlayerVisualSlot","CamosManager/SavedPlayerVisualSlot","System.Object"
1502412185,"","VisualVisibilityConfiguration","CamosManager/VisualVisibilityConfiguration","System.Object"
-266399834,"","CamosScreen","CamosScreen","GuiScreenSingle`1<CamosScreen>"
-470026239,"","EKAODLOMEAP","CamosScreen/EKAODLOMEAP","System.Object"
27313605,"","FBHNFGAMEIC","CamosScreen/FBHNFGAMEIC","System.Object"
882959327,"","CamosTabButton","CamosTabButton","PoolableObject"
1853695630,"","CantEnterArenaDialog","CantEnterArenaDialog","GuiElementSingle`1<CantEnterArenaDialog>"
-1548645459,"","CantEnterRuleRecord","CantEnterRuleRecord","Core_BaseScript"
385036930,"","CantPauseDialog","CantPauseDialog","GuiElementSingle`1<CantPauseDialog>"
1256148084,"","CarAudio","CarAudio","UnityEngine.MonoBehaviour"
335398587,"","BJOIICHMAKI","CarAudio/BJOIICHMAKI","System.Enum"
1591667892,"","CarBehaviour","CarBehaviour","CarBehaviourG`1<CarBehaviourDefinititon>"
1397867922,"","CarBehaviourDefinititon","CarBehaviourDefinititon","VehicleBehaviourDefinititon"
337928702,"","CarBehaviourG`1","CarBehaviourG`1","VehicleBehaviour"
-1542302665,"","CarBuggyBehaviour","CarBuggyBehaviour","CarBuggyBehaviourG`1<CarBuggyBehaviourDefinititon>"
2113070066,"","CarBuggyBehaviourDefinititon","CarBuggyBehaviourDefinititon","VehicleBehaviourDefinititon"
1172639536,"","CarBuggyBehaviourG`1","CarBuggyBehaviourG`1","VehicleBehaviour"
1076906312,"","CarController","CarController","UnityEngine.MonoBehaviour"
-2122532332,"","Advanced","CarController/Advanced","System.Object"
450443472,"","CarGUI","CarGUI","UnityEngine.MonoBehaviour"
1612152376,"","CarSelfRighting","CarSelfRighting","UnityEngine.MonoBehaviour"
-1061500833,"","CarTransporterBehaviour","CarTransporterBehaviour","CarTransporterBehaviourG`1<CarTransporterBehaviourDefinititon>"
-773235155,"","CarTransporterBehaviourDefinititon","CarTransporterBehaviourDefinititon","VehicleBehaviourDefinititon"
1439298293,"","CarTransporterBehaviourG`1","CarTransporterBehaviourG`1","VehicleBehaviour"
1420246104,"","Card","Card","Core_BaseScript"
866919267,"","<InitCard>d__48","Card/<InitCard>d__48","System.Object"
-1958267491,"","CardAirstrike","CardAirstrike","Card"
-1985359462,"","HGPAIMPGOMK","CardAirstrike/HGPAIMPGOMK","System.Object"
-112757109,"","IMIHILOMOOI","CardAirstrike/IMIHILOMOOI","System.Object"
1018184003,"","CardAmmoBox","CardAmmoBox","Card"
-1129186453,"","CardAmmoThief","CardAmmoThief","Card"
1509793663,"","CardBackstab","CardBackstab","Card"
-688373270,"","CardBelovedEnemy","CardBelovedEnemy","Card"
725596919,"","CardBoobyTrap","CardBoobyTrap","Card"
722592825,"","CardBrokenLegs","CardBrokenLegs","Card"
-756182891,"","CardBuddy","CardBuddy","Card"
-82768414,"","FOOPBLAEENA","CardBuddy/FOOPBLAEENA","System.Object"
587644534,"","CardBulletSponge","CardBulletSponge","Card"
-1515075375,"","CardCantDieJustNow","CardCantDieJustNow","Card"
413764886,"","CardContainer","CardContainer","Core_BaseScript"
1478493135,"","LMHDCLIFEOH","CardContainer/LMHDCLIFEOH","System.Enum"
-712241954,"","CardCopycat","CardCopycat","Card"
2108503688,"","CardCraftingManager","CardCraftingManager","DatabaseSerializedObjectGeneric`1<CardCraftingManager/CraftData>"
-400797264,"","CraftData","CardCraftingManager/CraftData","System.Object"
2031793220,"","CardCriticalInsurance","CardCriticalInsurance","Card"
-1751388698,"","CardDecoy","CardDecoy","Card"
1160779881,"","DBKAFLOOLKE","CardDecoy/DBKAFLOOLKE","System.Object"
929174979,"","EFALAOKIOHL","CardDecoy/EFALAOKIOHL","System.Object"
1006835525,"","CardDisarmedAndLocked","CardDisarmedAndLocked","Card"
1514246950,"","CardElectricTraps","CardElectricTraps","Card"
1645861696,"","CardEmptyMag","CardEmptyMag","Card"
-647433496,"","CardExplosivePistol","CardExplosivePistol","Card"
-1473011117,"","CardFilter","CardFilter","Core_BaseScript"
1259956731,"","CardFriendlyFireOff","CardFriendlyFireOff","Card"
1144891392,"","CardGrenadesBurst","CardGrenadesBurst","Card"
-1347394732,"","JOBDGONKDPH","CardGrenadesBurst/JOBDGONKDPH","System.Object"
2015700849,"","CardHeadAhead","CardHeadAhead","Card"
-1448956979,"","CardHeadsUp","CardHeadsUp","Card"
779644555,"","CardHealMeNow","CardHealMeNow","Card"
521592431,"","CardHealMeNowBig","CardHealMeNowBig","CardHealMeNow"
302423377,"","CardHealMeNowSmall","CardHealMeNowSmall","CardHealMeNow"
-844576274,"","CardHealingStorm","CardHealingStorm","Card"
-687320986,"","CardHealthChangeUnit","CardHealthChangeUnit","Card"
-344586376,"","CardHealthForMachines","CardHealthForMachines","Card"
-212349794,"","CardHealthForSoldiers","CardHealthForSoldiers","Card"
1220540764,"","CardHealthierMyself","CardHealthierMyself","Card"
55414731,"","CardHeavyTurret","CardHeavyTurret","Card"
-1451367105,"","IPDBFIENIAA","CardHeavyTurret/IPDBFIENIAA","System.Object"
-1545989018,"","CardIconIndicator","CardIconIndicator","Core_BaseScript"
-678833735,"","HJJPJAGCDNL","CardIconIndicator/HJJPJAGCDNL","System.Object"
-1745023475,"","JEEHHNKJKJL","CardIconIndicator/JEEHHNKJKJL","System.Object"
1602598134,"","PNBLAEGGGDC","CardIconIndicator/PNBLAEGGGDC","System.Object"
-1610080396,"","CardIncreaseBonusChance","CardIncreaseBonusChance","Card"
-1246596010,"","CardKevlarUp","CardKevlarUp","Card"
-1706098413,"","CardLandmine","CardLandmine","Card"
1507881795,"","CardManager","CardManager","DatabaseSerializedObjectGeneric`1<CardManager/CardManagerData>"
1165798120,"","<>c__DisplayClass174_0","CardManager/<>c__DisplayClass174_0","System.Object"
-1930026450,"","<InitGameCards>d__164","CardManager/<InitGameCards>d__164","System.Object"
2034093702,"","BuddyCardData","CardManager/BuddyCardData","System.Object"
1890372926,"","CardData","CardManager/CardData","System.Object"
-1473011117,"","CardFilter","CardManager/CardFilter","System.Enum"
326924076,"","CardManagerData","CardManager/CardManagerData","System.Object"
621031933,"","CardType","CardManager/CardType","System.Enum"
-1774216353,"","CardManagerDeathmatchOffline","CardManagerDeathmatchOffline","Singleton`1<CardManagerDeathmatchOffline>"
1970187099,"","CardMassShieldDestroyer","CardMassShieldDestroyer","Card"
491118779,"","CardMenuOwerlay","CardMenuOwerlay","Core_BaseScript"
745818033,"","CFFOAMJPPBL","CardMenuOwerlay/CFFOAMJPPBL","System.Object"
-1698451507,"","DMPMCMBOJBB","CardMenuOwerlay/DMPMCMBOJBB","System.Object"
1870805098,"","JHAADOGBDGJ","CardMenuOwerlay/JHAADOGBDGJ","System.Object"
-791976530,"","LNAIHHCINCG","CardMenuOwerlay/LNAIHHCINCG","System.Object"
-265781791,"","CardMenuScreen","CardMenuScreen","GuiScreenSingle`1<CardMenuScreen>"
159295790,"","FDMLOAOEGBB","CardMenuScreen/FDMLOAOEGBB","System.Object"
398710372,"","FMBILDALMON","CardMenuScreen/FMBILDALMON","System.Object"
1376063093,"","JGFAIJFKLCP","CardMenuScreen/JGFAIJFKLCP","System.Enum"
-405315342,"","CardMineYourStep","CardMineYourStep","Card"
662953839,"","CardPackRecord","CardPackRecord","Core_BaseScript"
2139639348,"","AGADFKAMPFE","CardPackRecord/AGADFKAMPFE","System.Object"
-1762287390,"","INABFIDDKNA","CardPackRecord/INABFIDDKNA","System.Object"
-2092726164,"","CardParalyzeThese","CardParalyzeThese","Card"
2133808935,"","CardPoisonedArmy","CardPoisonedArmy","Card"
1177711669,"","CardRandomKevlar","CardRandomKevlar","Card"
76027737,"","CardRecord","CardRecord","PoolableObject"
-2057008898,"","<>c","CardRecord/<>c","System.Object"
-2135092851,"","AJBJJJPHGPA","CardRecord/AJBJJJPHGPA","System.Enum"
1998523437,"","JLIBJMALNFI","CardRecord/JLIBJMALNFI","System.Object"
-974802656,"","NJJDFJJLLDD","CardRecord/NJJDFJJLLDD","System.Object"
-874052949,"","OKFEEKEMCKP","CardRecord/OKFEEKEMCKP","System.Enum"
987450767,"","CardRocketTiming","CardRocketTiming","Card"
1099424868,"","CardRockyTurret","CardRockyTurret","Card"
791492712,"","EJDIPAEGEAL","CardRockyTurret/EJDIPAEGEAL","System.Object"
2135170050,"","CardSabotage","CardSabotage","Card"
1376096229,"","CardScoreStreakKiller","CardScoreStreakKiller","Card"
1601194205,"","CardScorestreakBooster","CardScorestreakBooster","Card"
379883603,"","CardSelectionScreen","CardSelectionScreen","GuiScreenSingle`1<CardSelectionScreen>"
-564523040,"","CLIPBFOFHAC","CardSelectionScreen/CLIPBFOFHAC","System.Object"
279833645,"","KHLMEDDCBMI","CardSelectionScreen/KHLMEDDCBMI","System.Object"
1742752191,"","PPALFHBICIE","CardSelectionScreen/PPALFHBICIE","System.Object"
-146179289,"","CardSet","CardSet","System.Object"
1927944986,"","CardShiedlsRefection","CardShiedlsRefection","Card"
-1208172009,"","CardShieldDestroyer","CardShieldDestroyer","Card"
243041794,"","CardShieldGenerator","CardShieldGenerator","Card"
48174598,"","CardShieldsSpawner","CardShieldsSpawner","Card"
7033765,"","CardShieldsUp","CardShieldsUp","Card"
-929519197,"","CardSickness","CardSickness","Card"
1127489406,"","CardSlowdown","CardSlowdown","Card"
-1198950501,"","CardSoldierOnSteroids","CardSoldierOnSteroids","Card"
790320386,"","CardSoldiersShootout","CardSoldiersShootout","Card"
63741044,"","CardSpawnUnit","CardSpawnUnit","Card"
137334387,"","BHGMPAHPFNF","CardSpawnUnit/BHGMPAHPFNF","System.Object"
-1556815318,"","JOBAKBJBHOC","CardSpawnUnit/JOBAKBJBHOC","System.Object"
-379894415,"","CardSwiftImmortality","CardSwiftImmortality","Card"
-943523780,"","CardTurret","CardTurret","Card"
-1640168799,"","CardpoolCard","CardpoolCard","Core_BaseScript"
-987754934,"","IEJAGONBENA","CardpoolCard/IEJAGONBENA","System.Enum"
-385651661,"","CardpoolDialog","CardpoolDialog","GuiElementSingle`1<CardpoolDialog>"
654777539,"","GNFDJMPPMPP","CardpoolDialog/GNFDJMPPMPP","System.Object"
612195447,"","IOMBAIFADDJ","CardpoolDialog/IOMBAIFADDJ","System.Enum"
972553309,"","KMOINJGLNBP","CardpoolDialog/KMOINJGLNBP","System.Object"
957945167,"","OBIMLMCLJCO","CardpoolDialog/OBIMLMCLJCO","System.Object"
-1458287926,"","CardpoolDialogCardRecord","CardpoolDialogCardRecord","Core_BaseScript"
490810730,"","CardpoolRecord","CardpoolRecord","PoolableObject"
-2057008898,"","<>c","CardpoolRecord/<>c","System.Object"
210632831,"","DPKNFKCBNBE","CardpoolRecord/DPKNFKCBNBE","System.Object"
1348196894,"","CardpoolTutorialDialog","CardpoolTutorialDialog","GuiElementSingle`1<CardpoolTutorialDialog>"
-975549355,"","CardsAndPacksDialog","CardsAndPacksDialog","GuiElementSingle`1<CardsAndPacksDialog>"
729346451,"","CardsContent","CardsContent","Core_BaseScript"
-2057008898,"","<>c","CardsContent/<>c","System.Object"
-728389746,"","CardsGuiCloseButton","CardsGuiCloseButton","UnityEngine.MonoBehaviour"
881716810,"","CardsGuiElement","CardsGuiElement","GuiElement"
1039854110,"","GDNOPENNBBE","CardsGuiElement/GDNOPENNBBE","System.Object"
704290213,"","CardsGuiElementNew","CardsGuiElementNew","GuiElement"
1586824695,"","CNAEFBAMLCF","CardsGuiElementNew/CNAEFBAMLCF","System.Object"
1710395938,"","ChangeCountryDialog","ChangeCountryDialog","GuiElementSingle`1<ChangeCountryDialog>"
-1705586525,"","ICGHNNJIPKI","ChangeCountryDialog/ICGHNNJIPKI","System.Object"
306012409,"","Chat","Chat","Singleton`1<Chat>"
-200824168,"","DGDGNJGLCHP","Chat/DGDGNJGLCHP","System.Enum"
-823828652,"","FGJGILGLILI","Chat/FGJGILGLILI","System.Enum"
623192427,"","KNCMJDFPBAK","Chat/KNCMJDFPBAK","System.ValueType"
-1160250742,"","ChatAbuseDialog","ChatAbuseDialog","GuiElementSingle`1<ChatAbuseDialog>"
-510821849,"","ChatAbusePopUpList","ChatAbusePopUpList","Core_BaseScript"
511539577,"","ChatBanManager","ChatBanManager","DatabaseSerializedObjectGeneric`1<ChatBanManager/ChatBanData>"
539327864,"","ChatBanData","ChatBanManager/ChatBanData","System.Object"
-113186380,"","ChatButtonUnderline","ChatButtonUnderline","Core_BaseScript"
261939220,"","ChatGuiElement","ChatGuiElement","GuiElementSingle`1<ChatGuiElement>"
-191575074,"","NLEGPNMDFEF","ChatGuiElement/NLEGPNMDFEF","System.Enum"
134596852,"","ChatPosition","ChatPosition","Core_BaseScript"
824919973,"","ChatRecord","ChatRecord","PoolableObject"
1511338897,"","ChatSquadButtonOnline","ChatSquadButtonOnline","Core_BaseScript"
1498674369,"","ChatTab","ChatTab","Core_BaseScript"
1174410038,"","APCDPPKOOHE","ChatTab/APCDPPKOOHE","System.Object"
259185467,"","GFHOKHOJDHB","ChatTab/GFHOKHOJDHB","System.Enum"
-110196883,"","KOCKNCCFLBK","ChatTab/KOCKNCCFLBK","System.Object"
-949321407,"","KPPMGBIHNLE","ChatTab/KPPMGBIHNLE","System.Object"
-227625525,"","ODBJNDEAFGO","ChatTab/ODBJNDEAFGO","System.Enum"
250467884,"","CheckBoxButton","CheckBoxButton","Core_BaseScript"
153315234,"","CircleProgress","CircleProgress","Core_BaseScript"
-1679697406,"","ClearCamerAlpha","ClearCamerAlpha","UnityEngine.MonoBehaviour"
-1969124115,"","CloseDialogElement","CloseDialogElement","Core_BaseScript"
1967070947,"","CommanderData","CommanderData","System.Object"
1196093581,"","CommanderManager","CommanderManager","DatabaseSerializedObjectGeneric`1<CommanderData>"
355499982,"","CommanderObjectiveData","CommanderObjectiveData","System.Object"
1228232575,"","CommanderScreen","CommanderScreen","GuiScreenSingle`1<CommanderScreen>"
-2057008898,"","<>c","CommanderScreen/<>c","System.Object"
-746114905,"","DEPMNLOJLFH","CommanderScreen/DEPMNLOJLFH","System.Object"
-53638318,"","EKPOAGOGNFD","CommanderScreen/EKPOAGOGNFD","System.Enum"
-1857727437,"","HGCOBFIBKHO","CommanderScreen/HGCOBFIBKHO","System.Object"
-1031223942,"","CompareMedalsRecord","CompareMedalsRecord","Core_BaseScript"
830891549,"","CompareUnitsRecord","CompareUnitsRecord","UnityEngine.MonoBehaviour"
-395891994,"","CompareWeaponsRecord","CompareWeaponsRecord","UnityEngine.MonoBehaviour"
1020722479,"","ConfirmDialog","ConfirmDialog","GuiElementSingle`1<ConfirmDialog>"
1046240239,"","KLDOKBNCIBH","ConfirmDialog/KLDOKBNCIBH","System.Object"
-1451832411,"","LOAOGBMOMDP","ConfirmDialog/LOAOGBMOMDP","System.Object"
991568654,"","MMPBNEABPAE","ConfirmDialog/MMPBNEABPAE","System.Object"
1904680236,"","ODMKHJBNAAM","ConfirmDialog/ODMKHJBNAAM","System.Object"
-1122478998,"","PCNELLLMDKI","ConfirmDialog/PCNELLLMDKI","System.Object"
-310569217,"","ConvertToScrapsDialog","ConvertToScrapsDialog","GuiElementSingle`1<ConvertToScrapsDialog>"
1385802372,"","CoopInfos","CoopInfos","GuiElementSingle`1<CoopInfos>"
846388202,"","CoroutineTest","CoroutineTest","UnityEngine.MonoBehaviour"
-727005317,"","CountObjects","CountObjects","UnityEngine.MonoBehaviour"
883728587,"","CounterManager","CounterManager","Singleton`1<CounterManager>"
701845092,"","EBLPGBOLLBF","CounterManager/EBLPGBOLLBF","System.Object"
290023578,"","FPBDAMJPIPF","CounterManager/FPBDAMJPIPF","System.Object"
285028435,"","JDECGKCAMOK","CounterManager/JDECGKCAMOK","System.Object"
-629365754,"","LDCKIIGGIMN","CounterManager/LDCKIIGGIMN","System.Object"
1376161336,"","CountryIconButton","CountryIconButton","PoolableObject"
-132052057,"","CovertManager","CovertManager","DatabaseSerializedObjectGeneric`1<CovertManager/CovertSlotData>"
1872318952,"","CovertSlotData","CovertManager/CovertSlotData","System.Object"
996592536,"","CraftCardOverlay","CraftCardOverlay","Core_BaseScript"
-1586957114,"","PPALNPDFKEN","CraftCardOverlay/PPALNPDFKEN","System.Object"
-300698350,"","CraftCardsContent","CraftCardsContent","Core_BaseScript"
1454292209,"","AKKDOEHAFBD","CraftCardsContent/AKKDOEHAFBD","System.Object"
-124985573,"","DLOJOHBLGPH","CraftCardsContent/DLOJOHBLGPH","System.Object"
-1577197109,"","FODKNNCMAMC","CraftCardsContent/FODKNNCMAMC","System.Object"
842656539,"","IFNIGMKFONM","CraftCardsContent/IFNIGMKFONM","System.Enum"
-623751082,"","MAGCKJJLJPD","CraftCardsContent/MAGCKJJLJPD","System.Object"
-1069479206,"","MLFBEMOAKEN","CraftCardsContent/MLFBEMOAKEN","System.Object"
-1915062050,"","CraftResult","CraftResult","Core_BaseScript"
25198745,"","IMNHINIOLOI","CraftResult/IMNHINIOLOI","System.Object"
322471266,"","KBPEMMHNDKI","CraftResult/KBPEMMHNDKI","System.Enum"
-92118663,"","NGMIOJMFBKP","CraftResult/NGMIOJMFBKP","System.Object"
-309336408,"","OIJAHNPKPOL","CraftResult/OIJAHNPKPOL","System.Object"
-1136971298,"","PALLFNLFBFO","CraftResult/PALLFNLFBFO","System.Object"
-1153684270,"","Crane","Crane","Core_BaseScript"
1753702801,"","FPHDHKIBCGL","Crane/FPHDHKIBCGL","System.Object"
-1455208415,"","CrateButtonRecord","CrateButtonRecord","Core_BaseScript"
1166113337,"","CrateCamera","CrateCamera","Singleton`1<CrateCamera>"
-81202574,"","DNJENKDFBLL","CrateCamera/DNJENKDFBLL","System.Object"
-1633623822,"","CreditsDialog","CreditsDialog","GuiElementSingle`1<CreditsDialog>"
799372253,"","CreditsGUIOneLine","CreditsGUIOneLine","UnityEngine.MonoBehaviour"
-1454553026,"","CreditsGUITwoLine","CreditsGUITwoLine","UnityEngine.MonoBehaviour"
1590529334,"","Crossbow","Crossbow","Gun"
1226075220,"","CurrentBundleVersion","CurrentBundleVersion","Singleton`1<CurrentBundleVersion>"
2029306866,"","CustomDisplayerItem","CustomDisplayerItem","PoolableObject"
-730955881,"","CustomEventData","CustomEventData","System.Object"
-695333179,"","CustomPackRecord","CustomPackRecord","PoolableObject"
-1563390872,"","BGMHMOBAPLA","CustomPackRecord/BGMHMOBAPLA","System.Object"
-112399474,"","DBNIIPIJHNM","CustomPackRecord/DBNIIPIJHNM","System.Object"
119084078,"","MLINECBADMN","CustomPackRecord/MLINECBADMN","System.Object"
-929743587,"","CustomizationsTutorial","CustomizationsTutorial","GuiElementSingle`1<CustomizationsTutorial>"
-231627958,"","DAACJGKGJGL","DAACJGKGJGL","OLCAMJEFKHO"
63079421,"","DABNDJPLDBC","DABNDJPLDBC","System.Enum"
-1808201687,"","DACBHHKNOEN","DACBHHKNOEN","PMIBIKBBFPM"
-1211195194,"","DACCJLBEKDL","DACCJLBEKDL","JBOCEJCLEGN"
-1482567725,"","DAENECCJJNP","DAENECCJJNP","System.Object"
1613754844,"","DAODCNOLCMJ","DAODCNOLCMJ","HOPENDPOGOD"
-2057008898,"","<>c","DAODCNOLCMJ/<>c","System.Object"
1601320900,"","DAPIFICONOF","DAPIFICONOF","JBOCEJCLEGN"
1249133871,"","DBGKCOIJIOM","DBGKCOIJIOM","System.Enum"
59325182,"","DBKHOLCDPJA","DBKHOLCDPJA","System.Object"
508667392,"","ELJACHJHGGL","DBKHOLCDPJA/ELJACHJHGGL","System.Object"
-264137548,"","DBNIKBHJOKF","DBNIKBHJOKF","System.Object"
-959179561,"","DCLMOJJFFFJ","DCLMOJJFFFJ","KCGOEIPBJIL"
-818943198,"","DDHDDOHFIDM","DDHDDOHFIDM","KCGOEIPBJIL"
1164354049,"","DDJHBCDLNJC","DDJHBCDLNJC","GHGGJDKDJHP"
-176675872,"","DDMLANJMMHI","DDMLANJMMHI","BNIINCONFHO"
-199053749,"","DDNKBFOCOEO","DDNKBFOCOEO","HOPENDPOGOD"
-21484940,"","DDOCBBHJHLO","DDOCBBHJHLO","System.Object"
-759536096,"","DEDOGHKBOKJ","DEDOGHKBOKJ","NNALAPPHPNG"
1401628933,"","DEFKIEIFFPA","DEFKIEIFFPA","EventAssignment"
-1772496120,"","DFLJFCEFKOH","DFLJFCEFKOH","GIFNNKNKCMA"
-764442561,"","DFMCBPFJLNP","DFMCBPFJLNP","PBANCHJOOGI"
-1987895372,"","DFMOPGFJOLH","DFMOPGFJOLH","BNIINCONFHO"
1840449034,"","DFPAPLAJIMD","DFPAPLAJIMD","System.Object"
1284610128,"","DGKNDGBIGIC","DGKNDGBIGIC","GIFNNKNKCMA"
1835394148,"","DGLLHBOAPLP","DGLLHBOAPLP","System.Object"
288594295,"","DHAJODLFOFA","DHAJODLFOFA","System.Object"
-1537465195,"","DHHNGKLPJJM","DHHNGKLPJJM","System.Object"
124526529,"","DHIPCOEDHMM","DHIPCOEDHMM","System.ValueType"
-1063186089,"","DHNAIECKIIB","DHNAIECKIIB","BNIINCONFHO"
1458269246,"","DJCJJMEEKJO","DJCJJMEEKJO","OLCAMJEFKHO"
972934258,"","DJFGGFLGPPJ","DJFGGFLGPPJ","LJFCNLKOMLH"
900458416,"","DJHCOHGFEJE","DJHCOHGFEJE","System.Object"
-1802190564,"","DJLLCPELJDB","DJLLCPELJDB","System.Object"
-259404856,"","EGECLIJBOCI","DJLLCPELJDB/EGECLIJBOCI","System.Enum"
866339877,"","DKCLFMABPEM","DKCLFMABPEM","CIKKGLPELIP"
1370126383,"","DKGNLCNOBIK","DKGNLCNOBIK","System.Object"
798333332,"","DKLFANCEFML","DKLFANCEFML",""
-182310162,"","DLCKGHAHKLF","DLCKGHAHKLF","System.Object"
-215526145,"","DLEJNMAMKCH","DLEJNMAMKCH","HGJDEOHIFDP"
1301736645,"","DLLJEBLPPME","DLLJEBLPPME","System.Object"
-2057008898,"","<>c","DLLJEBLPPME/<>c","System.Object"
1007868114,"","FIPLGGBNGJJ","DLLJEBLPPME/FIPLGGBNGJJ","System.Object"
-1292439865,"","LGBMBAOEKDD","DLLJEBLPPME/LGBMBAOEKDD","System.Object"
767454420,"","DLLLFDIFFED","DLLLFDIFFED","System.Object"
-1186091168,"","DLPLAEKBDKI","DLPLAEKBDKI","ACNGDCINJEP"
-1245442663,"","DMBPOOBPJBL","DMBPOOBPJBL","ACEFDENKJCL"
993241583,"","DMHJBMDKJNO","DMHJBMDKJNO","System.Object"
934884304,"","DNDFBMFMKJK","DNDFBMFMKJK","EventAssignment"
-2142856077,"","DOGCHEHJLFP","DOGCHEHJLFP","GIFNNKNKCMA"
-1203400690,"","DOIEOBNHLOF","DOIEOBNHLOF","System.Enum"
773527764,"","DPENODLFIGE","DPENODLFIGE","System.Object"
33174576,"","DPFGCMHANLO","DPFGCMHANLO","Newtonsoft.Json.Converters.CustomCreationConverter`1<CodeStage.AntiCheat.ObscuredTypes.ObscuredInt>"
714169926,"","DPPOJDNKLDL","DPPOJDNKLDL","NNALAPPHPNG"
337184122,"","DailyAssignmentsContent","DailyAssignmentsContent","Core_BaseScript"
-1683355403,"","DailyEventPart","DailyEventPart","Core_BaseScript"
1371864538,"","JBLHCAFCNBM","DailyEventPart/JBLHCAFCNBM","System.Object"
543976670,"","DailyMission","DailyMission","System.Object"
1997962653,"","DailyMissionBoss","DailyMissionBoss","DailyMissionG`1<DailyMissionBoss/BossMissionConfig>"
-627128710,"","BossMissionConfig","DailyMissionBoss/BossMissionConfig","MissionConfig"
404100547,"","DailyMissionButton","DailyMissionButton","Core_BaseScript"
-784017196,"","DailyMissionDialog","DailyMissionDialog","GuiElementSingle`1<DailyMissionDialog>"
-2057008898,"","<>c","DailyMissionDialog/<>c","System.Object"
-301684342,"","BGEMKNJBAEM","DailyMissionDialog/BGEMKNJBAEM","System.Object"
-733630951,"","DailyMissionG`1","DailyMissionG`1","DailyMission"
-31671038,"","DailyMissionHeroicButton","DailyMissionHeroicButton","Core_BaseScript"
-2134087947,"","DHBCOIPFBEK","DailyMissionHeroicButton/DHBCOIPFBEK","System.Object"
-981632802,"","DailyMissionHeroicHintReward","DailyMissionHeroicHintReward","Core_BaseScript"
-1352711007,"","DailyMissionKillUnits","DailyMissionKillUnits","DailyMissionG`1<DailyMissionKillUnits/KillMissionConfig>"
1363637110,"","KillMissionConfig","DailyMissionKillUnits/KillMissionConfig","MissionConfig"
1398126239,"","DailyMissionProgressGui","DailyMissionProgressGui","Core_BaseScript"
-1782188972,"","AGLJNFDHLAP","DailyMissionProgressGui/AGLJNFDHLAP","System.Enum"
600138928,"","DailyMissionRewardRecord","DailyMissionRewardRecord","Core_BaseScript"
-129651944,"","DailyMissionScreen","DailyMissionScreen","GuiScreenSingle`1<DailyMissionScreen>"
-2057008898,"","<>c","DailyMissionScreen/<>c","System.Object"
1889836279,"","ANKMFJJBCII","DailyMissionScreen/ANKMFJJBCII","System.Object"
-1840368764,"","MJCCEJHGGEE","DailyMissionScreen/MJCCEJHGGEE","System.Object"
339621793,"","DailyMissionSurvive","DailyMissionSurvive","DailyMissionG`1<DailyMissionSurvive/SurviveMissionConfig>"
-44092285,"","SurviveMissionConfig","DailyMissionSurvive/SurviveMissionConfig","MissionConfig"
-1893007554,"","DailyMissionUnlockDialog","DailyMissionUnlockDialog","GuiElementSingle`1<DailyMissionUnlockDialog>"
-538186027,"","DailyMissionWaves","DailyMissionWaves","DailyMissionG`1<DailyMissionWaves/WavesMissionConfig>"
1764245184,"","WavesMissionConfig","DailyMissionWaves/WavesMissionConfig","MissionConfig"
-1551551398,"","DailyMissionsManager","DailyMissionsManager","DatabaseSerializedObjectGeneric`1<DailyMissionsManager/DailyMissionsData>"
1232240930,"","DailyMissionsData","DailyMissionsManager/DailyMissionsData","System.Object"
-1272932264,"","DailyPart","DailyPart","Core_BaseScript"
-1217487963,"","DailyRewardButton","DailyRewardButton","PoolableObject"
-1230112219,"","PBBFHDPJEBN","DailyRewardButton/PBBFHDPJEBN","System.Enum"
-1476251054,"","DailyRewardScreen","DailyRewardScreen","GuiScreenSingle`1<DailyRewardScreen>"
362578542,"","BDKGJLOEHKM","DailyRewardScreen/BDKGJLOEHKM","System.Object"
-1336329340,"","DailyVIPCardsScreen","DailyVIPCardsScreen","GuiElementSingle`1<DailyVIPCardsScreen>"
1751508759,"","IBFFBKKPIKH","DailyVIPCardsScreen/IBFFBKKPIKH","System.Object"
1577259590,"","MCIMINPGPKO","DailyVIPCardsScreen/MCIMINPGPKO","System.Object"
-610633412,"","DamageDisplayController","DamageDisplayController","Core_BaseScript"
-1335705310,"","DamageDisplayer","DamageDisplayer","PoolableObject"
-1923864160,"","NDKCPHCLFHK","DamageDisplayer/NDKCPHCLFHK","System.Object"
629007821,"","DatabaseAction","DatabaseAction","System.Enum"
-638758715,"","DatabaseEnvironment","DatabaseEnvironment","System.Enum"
518406973,"","DatabasePlayer","DatabasePlayer","System.Object"
-705580729,"","DatabasePlayerInfo","DatabasePlayerInfo","DatabasePlayer"
-389870055,"","DatabaseSerializedObject","DatabaseSerializedObject","Core_BaseScript"
-2057008898,"","<>c","DatabaseSerializedObject/<>c","System.Object"
-1850186896,"","DatabaseSerializedObjectGeneric`1","DatabaseSerializedObjectGeneric`1","DatabaseSerializedObject"
1953674600,"","DeathMatchGuiCard","DeathMatchGuiCard","Core_BaseScript"
-1703355311,"","DeathMatchGuiCardProgress","DeathMatchGuiCardProgress","Core_BaseScript"
-1478943841,"","DeathMatchGuiCardProgressPosition","DeathMatchGuiCardProgressPosition","UnityEngine.MonoBehaviour"
1780082566,"","AEBDNHHLKOF","DeathMatchGuiCardProgressPosition/AEBDNHHLKOF","System.Object"
247057488,"","DeathMatchUnitsGuiElement","DeathMatchUnitsGuiElement","GuiElement"
-2057008898,"","<>c","DeathMatchUnitsGuiElement/<>c","System.Object"
673792305,"","CCCIMILEGPM","DeathMatchUnitsGuiElement/CCCIMILEGPM","System.Object"
-1956882434,"","DeathMatchUnitsGuiElementFixed","DeathMatchUnitsGuiElementFixed","DeathMatchUnitsGuiElement"
-1169900624,"","DebugDialogs","DebugDialogs","Core_BaseScript"
172200063,"","DebugFontSize","DebugFontSize","Core_BaseScript"
-1123230642,"","DebugOfferSetter","DebugOfferSetter","UnityEngine.MonoBehaviour"
-1596474690,"","DebugSettings","DebugSettings","InGameSerializedObjectGeneric`1<DebugSettings/DebugSettingsData>"
17414386,"","DebugSettingsData","DebugSettings/DebugSettingsData","System.Object"
1079113942,"","DebugSettingsGuiElement","DebugSettingsGuiElement","GuiElement"
-415419010,"","Decal","Decal","GeneratedGameObject"
-552241224,"","DecalSystem","DecalSystem","GeneratedObjectManager"
410268452,"","Decoy","Decoy","MainGameEntity"
1985732776,"","JMDJHFHCKLN","Decoy/JMDJHFHCKLN","System.Object"
-263582400,"","DeployEnergyElement","DeployEnergyElement","Core_BaseScript"
1262249592,"","DeployUnitsAssignment","DeployUnitsAssignment","Assignment"
1408879044,"","DeployUnitsFromCategoryAssignment","DeployUnitsFromCategoryAssignment","Assignment"
-1252224793,"","DestroyCratesAssignment","DestroyCratesAssignment","Assignment"
-441116987,"","DestroyCratesInOneBattleAssignment","DestroyCratesInOneBattleAssignment","Assignment"
-1252707456,"","DestroyEnemyCratesAssignment","DestroyEnemyCratesAssignment","Assignment"
-1321415838,"","DestroyableObject","DestroyableObject","Core_BaseScript"
-203654925,"","BMOKOKCHMLP","DestroyableObject/BMOKOKCHMLP","System.Enum"
1540196081,"","GIKHDAPJINF","DestroyableObject/GIKHDAPJINF","System.Enum"
1573418439,"","GKKLHNABOHK","DestroyableObject/GKKLHNABOHK","System.Object"
737549577,"","KFDMEODCDIK","DestroyableObject/KFDMEODCDIK","System.Object"
580346491,"","KINPEDKGALN","DestroyableObject/KINPEDKGALN","System.Object"
215258988,"","LDOKCBNNLCH","DestroyableObject/LDOKCBNNLCH","System.ValueType"
1028533834,"","MBPJDBHIBAE","DestroyableObject/MBPJDBHIBAE","System.Object"
1781709744,"","NOKAJKCGDCI","DestroyableObject/NOKAJKCGDCI","System.Object"
-1371970172,"","DestroyableObjectMultipleParts","DestroyableObjectMultipleParts","DestroyableObject"
-1217584260,"","DestroyableObjectPlayer","DestroyableObjectPlayer","DestroyableObjectMultipleParts"
-1114247539,"","DestroyableObjectPlayerPart","DestroyableObjectPlayerPart","DestroyableObjectpart"
903260656,"","DestroyableObjectpart","DestroyableObjectpart","DestroyableObject"
-1290536771,"","DevConfig","DevConfig","System.Object"
2003276314,"","DialogCompareUnits","DialogCompareUnits","GuiElementSingle`1<DialogCompareUnits>"
-501708877,"","LPMMCOJCNGD","DialogCompareUnits/LPMMCOJCNGD","System.Object"
-2019838269,"","OJCOIOGDCNF","DialogCompareUnits/OJCOIOGDCNF","System.Object"
-822844325,"","DialogManager","DialogManager","InGameSerializedObjectGeneric`1<DialogManager/DialogData>"
-1462303131,"","<EnableNotifications>d__24","DialogManager/<EnableNotifications>d__24","System.Object"
-1392461279,"","DialogData","DialogManager/DialogData","System.Object"
1237689346,"","DialogOverlayGuiElement","DialogOverlayGuiElement","Core_BaseScript"
-668834855,"","JNIKHKLDJAK","DialogOverlayGuiElement/JNIKHKLDJAK","System.Object"
-1357585250,"","DismantleWeaponAugDialog","DismantleWeaponAugDialog","GuiElementSingle`1<DismantleWeaponAugDialog>"
592993971,"","DismantleWeaponDialog","DismantleWeaponDialog","GuiElementSingle`1<DismantleWeaponDialog>"
-232476399,"","DivisionRepresentation","DivisionRepresentation","Core_BaseScript"
-1891411274,"","DivisionRepresentationV2","DivisionRepresentationV2","Core_BaseScript"
1335725807,"","DogTagManager","DogTagManager","DatabaseSerializedObjectGeneric`1<DogTagManager/DogtagData>"
861365141,"","DogtagData","DogTagManager/DogtagData","System.Object"
480250013,"","ENHCOJOEMFN","DogTagManager/ENHCOJOEMFN","System.Object"
-1994097481,"","DogTagRecord","DogTagRecord","PoolableObject"
-1004918021,"","DogTagRecordAnimation","DogTagRecordAnimation","Core_BaseScript"
1935045599,"","EBKKPJNMCCB","DogTagRecordAnimation/EBKKPJNMCCB","System.Object"
-1367328842,"","DogtagDialog","DogtagDialog","GuiElementSingle`1<DogtagDialog>"
549104059,"","DollyZoom","DollyZoom","UnityEngine.MonoBehaviour"
-293489529,"","DoubleUpgradesExpiredDialog","DoubleUpgradesExpiredDialog","GuiElementSingle`1<DoubleUpgradesExpiredDialog>"
1620824874,"","DoubleUpgradesManager","DoubleUpgradesManager","DatabaseSerializedObjectGeneric`1<DoubleUpgradesManager/DoubleUpgradesData>"
1875612973,"","DoubleUpgradesData","DoubleUpgradesManager/DoubleUpgradesData","System.Object"
-1720641497,"","DownloadAssetsDialog","DownloadAssetsDialog","Core_BaseScript"
1650532476,"","LHCFDHGIBPI","DownloadAssetsDialog/LHCFDHGIBPI","System.Enum"
2143947917,"","Drone","Drone","MechanicalUnit`1<DroneBehaviour>"
1377935075,"","DroneBehaviour","DroneBehaviour","DroneBehaviourG`1<DroneBehaviourDefinititon>"
-792096449,"","DroneBehaviourDefinititon","DroneBehaviourDefinititon","VehicleBehaviourDefinititon"
-2049468865,"","DroneBehaviourG`1","DroneBehaviourG`1","VehicleBehaviour"
-34392000,"","DroneSteering","DroneSteering","Core_BaseScript"
-1347296317,"","DropPoint","DropPoint","UnityEngine.MonoBehaviour"
-1523769728,"","DropRateDoubleHintGuiElement","DropRateDoubleHintGuiElement","DropRateHintGuiElement"
724932570,"","DropRateHintGuiElement","DropRateHintGuiElement","GuiElement"
-2057008898,"","<>c","DropRateHintGuiElement/<>c","System.Object"
-2088349766,"","EADCPIEEEMH","EADCPIEEEMH","JPDPPEKMBND"
1514716078,"","EBACGAMMFBD","EBACGAMMFBD","NIAGGCHHKGI"
-1452756874,"","EBIIAEIDHCE","EBIIAEIDHCE","System.Object"
-1521215906,"","ECFKBOAEIAC","ECFKBOAEIAC","GIFNNKNKCMA"
1938424142,"","DPOIEFPNCOL","ECFKBOAEIAC/DPOIEFPNCOL","System.Object"
-274515797,"","ECHCKCHCLNK","ECHCKCHCLNK","System.Object"
-4612294,"","ECJIFCHBFDM","ECJIFCHBFDM","GIFNNKNKCMA"
-344971898,"","ECKCOEAFAMD","ECKCOEAFAMD","NCBOCAKFEMN"
-2079930056,"","ECLIHPJEAJM","ECLIHPJEAJM","System.Object"
-921507076,"","EDANPNEGLBN","EDANPNEGLBN","GIFNNKNKCMA"
-679117805,"","EDDKEPAPNED","EDDKEPAPNED","GIFNNKNKCMA"
476276455,"","EDNJMODCGND","EDNJMODCGND","System.Object"
1946242405,"","EEEFCNIJCKL","EEEFCNIJCKL","PBANCHJOOGI"
-176765090,"","EEIFOECHEJH","EEIFOECHEJH","System.Object"
276402327,"","EFDBBNKFJJL","EFDBBNKFJJL","System.Enum"
580117203,"","EGPPAFECNEJ","EGPPAFECNEJ","ODLKOCCPNHL"
-1121694761,"","EHANLGNFGHM","EHANLGNFGHM","GIFNNKNKCMA"
-780730980,"","EHMALJHKHAJ","EHMALJHKHAJ","KIPKFMPCAJM"
1493543061,"","EICGOPJDNAF","EICGOPJDNAF","GIFNNKNKCMA"
-1040543931,"","EICMIJHGHGC","EICMIJHGHGC","DDOCBBHJHLO"
864250238,"","EIKHBHMHCNM","EIKHBHMHCNM","WeaponFeature"
1407970339,"","EIMKEGLCIPN","EIMKEGLCIPN","NCBOCAKFEMN"
123756457,"","EJBFBJIMMLL","EJBFBJIMMLL","KOOFFOKNPJA"
-1594837986,"","EJEIIJPHFFP","EJEIIJPHFFP","BNIINCONFHO"
1244256873,"","EJHNGKGLLKI","EJHNGKGLLKI","System.Object"
28381468,"","JEHBEKFKNON","EJHNGKGLLKI/JEHBEKFKNON","System.Object"
1466713435,"","EJLIBFJKGDG","EJLIBFJKGDG","ENBDICAOCON"
-831562784,"","EKBAEDDPOHK","EKBAEDDPOHK","KIPKFMPCAJM"
942506174,"","EKILCCBNCPN","EKILCCBNCPN","System.Object"
-1303319230,"","EKPCGOCAPPH","EKPCGOCAPPH","HGJDEOHIFDP"
390080709,"","EKPMDCJBIHI","EKPMDCJBIHI","ODLKOCCPNHL"
111745033,"","ELAKDNGHAPB","ELAKDNGHAPB","GIFNNKNKCMA"
-893891027,"","ELGFPHKPEKH","ELGFPHKPEKH","GIFNNKNKCMA"
2085458590,"","ELGHKBKJMOK","ELGHKBKJMOK","KOOFFOKNPJA"
2147054320,"","ELKHEHENAMD","ELKHEHENAMD","System.Object"
1469000162,"","EMBOCEAMJFE","EMBOCEAMJFE","DatabasePlayer"
1766860988,"","EMFMEMPKMME","EMFMEMPKMME","HGJDEOHIFDP"
72967816,"","EMHFKDEMCJL","EMHFKDEMCJL","NCBOCAKFEMN"
-582615993,"","ENBDICAOCON","ENBDICAOCON","PBANCHJOOGI"
-1890630374,"","ENCOMLNOALG","ENCOMLNOALG",""
-1873235852,"","ENDHFLDFNIL","ENDHFLDFNIL","NIAGGCHHKGI"
605984415,"","ENDMPOFHMLN","ENDMPOFHMLN","NMPBGNOOKNO"
-998562347,"","ENPHJJKDGEM","ENPHJJKDGEM","PBANCHJOOGI"
-996895772,"","EOACMJNAPOM","EOACMJNAPOM","NNALAPPHPNG"
-1620621603,"","EOBDAHLKAJI","EOBDAHLKAJI","GIFNNKNKCMA"
-1864564965,"","EODDPNFCKAM","EODDPNFCKAM","GIFNNKNKCMA"
-144468270,"","EOLKKADEIIL","EOLKKADEIIL","ACNGDCINJEP"
-1357299425,"","PHMOFMGAMNI","EOLKKADEIIL/PHMOFMGAMNI","System.Object"
1532444658,"","EOMGLHCINGB","EOMGLHCINGB","ENBDICAOCON"
1516859319,"","EPAPHKKCDBB","EPAPHKKCDBB","EventAssignment"
-2057008898,"","<>c","EPAPHKKCDBB/<>c","System.Object"
-25930509,"","EPBNAAINBDF","EPBNAAINBDF","HOPENDPOGOD"
-2057008898,"","<>c","EPBNAAINBDF/<>c","System.Object"
418851375,"","EPKIBPMKBHN","EPKIBPMKBHN","PBANCHJOOGI"
-984461712,"","EPLCPNLDOND","EPLCPNLDOND","ONOMMJHPCGP"
-924870854,"","EPNAONFIHHD","EPNAONFIHHD","KCGOEIPBJIL"
-1697094984,"","EffectLight","EffectLight","UnityEngine.MonoBehaviour"
1933697112,"","EffectOverTime","EffectOverTime","UnityEngine.MonoBehaviour"
-2032483401,"","ElectricTrap","ElectricTrap","Core_BaseScript"
-1753537391,"","GLBBEKBAOJE","ElectricTrap/GLBBEKBAOJE","System.Object"
-970399753,"","EliteFinisherManager","EliteFinisherManager","DatabaseSerializedObjectGeneric`1<EliteFinisherManager/EliteFinisherData>"
255100643,"","EliteFinisherData","EliteFinisherManager/EliteFinisherData","System.Object"
12332902,"","EliteFinisherPackDialog","EliteFinisherPackDialog","GuiElementSingle`1<EliteFinisherPackDialog>"
-2057008898,"","<>c","EliteFinisherPackDialog/<>c","System.Object"
29808660,"","ElitePerkBoostEffectGUI","ElitePerkBoostEffectGUI","SuperChargedEffectGUIBase"
-143359479,"","ElitePerkTutorialDialog","ElitePerkTutorialDialog","GuiElementSingle`1<ElitePerkTutorialDialog>"
1400572699,"","EliteUnitPreviewDialog","EliteUnitPreviewDialog","GuiElementSingle`1<EliteUnitPreviewDialog>"
-1138961178,"","EnableNotificationsDialog","EnableNotificationsDialog","GuiElementSingle`1<EnableNotificationsDialog>"
-1324892437,"","EnableNotificationsInSystemDialog","EnableNotificationsInSystemDialog","GuiElementSingle`1<EnableNotificationsInSystemDialog>"
-2014886729,"","EndScreen","EndScreen","GuiScreenSingle`1<EndScreen>"
1729228108,"","FAFMENDCKDI","EndScreen/FAFMENDCKDI","System.Enum"
808510556,"","IEFLEIMIENF","EndScreen/IEFLEIMIENF","System.Object"
-1194770974,"","PBKMPOOAKOC","EndScreen/PBKMPOOAKOC","System.Object"
1286998603,"","EndScreenButton","EndScreenButton","Core_BaseScript"
-26557158,"","EndScreenButtonAssignments","EndScreenButtonAssignments","EndScreenButton"
-1788987032,"","EnemyBasicInventory","EnemyBasicInventory","Core_BaseScript"
2072180210,"","InventoryWeapon","EnemyBasicInventory/InventoryWeapon","System.Object"
126210896,"","LNOLCJJDJPG","EnemyBasicInventory/LNOLCJJDJPG","System.Object"
414130324,"","EnemyContent","EnemyContent","Core_BaseScript"
-2057008898,"","<>c","EnemyContent/<>c","System.Object"
-1628403795,"","EnemyController","EnemyController","AIObjectG`1<SoldierBehaviour>"
-695604585,"","DLHLHLBLBNN","EnemyController/DLHLHLBLBNN","System.Object"
-1142587457,"","KMEPKJIDDIH","EnemyController/KMEPKJIDDIH","System.Enum"
-1624799488,"","MIELMMANJJE","EnemyController/MIELMMANJJE","System.Enum"
1378519341,"","PBEOFABGCPO","EnemyController/PBEOFABGCPO","System.Object"
1905455505,"","EnemyLeveledWeapon","EnemyLeveledWeapon","Core_BaseScript"
-745953421,"","ACFIFNHFCAK","EnemyLeveledWeapon/ACFIFNHFCAK","System.Object"
-142768936,"","WeaponModelRecord","EnemyLeveledWeapon/WeaponModelRecord","System.Object"
-1674085504,"","EnemyPoint","EnemyPoint","Core_BaseScript"
599500305,"","JMLFBBNOMMH","EnemyPoint/JMLFBBNOMMH","System.Enum"
1803216396,"","EnemyPointCorner","EnemyPointCorner","EnemyPoint"
1504108639,"","EnemyPointEngineerTurret","EnemyPointEngineerTurret","EnemyPoint"
-928544109,"","EnemyPointGunslinger","EnemyPointGunslinger","EnemyPoint"
1708487314,"","EnemyPointHavoc","EnemyPointHavoc","EnemyPoint"
510164385,"","EnemyPointHelicopter","EnemyPointHelicopter","EnemyPoint"
-1394255663,"","EnemyPointMech","EnemyPointMech","EnemyPoint"
420334682,"","EnemyPointMinigunner","EnemyPointMinigunner","EnemyPoint"
674884310,"","EnemyPointMortar","EnemyPointMortar","EnemyPoint"
-1247938467,"","EnemyPointObstacle","EnemyPointObstacle","EnemyPoint"
-571452600,"","EnemyPointReplica","EnemyPointReplica","EnemyPoint"
1470099061,"","EnemyPointRusher","EnemyPointRusher","EnemyPoint"
1578181310,"","EnemyPointRusherSpare","EnemyPointRusherSpare","EnemyPoint"
1030914261,"","EnemyPointSwat","EnemyPointSwat","EnemyPoint"
460444048,"","EnemyPointTower","EnemyPointTower","EnemyPoint"
-1320178339,"","EnemyPointVehicle","EnemyPointVehicle","EnemyPoint"
-663775762,"","EnemyPointsCollection","EnemyPointsCollection","Core_BaseScript"
-1520567690,"","EqualSettingsSwitch","EqualSettingsSwitch","Core_BaseScript"
-1562928668,"","EquippedAugInfo","EquippedAugInfo","UnityEngine.MonoBehaviour"
-201802900,"","EquippedWaugInfo","EquippedWaugInfo","UnityEngine.MonoBehaviour"
1643576945,"","EventAssignment","EventAssignment","System.Object"
1257434622,"","EventAssignmentBlackFridayBox","EventAssignmentBlackFridayBox","EventAssignment"
602128283,"","EventAssignmentCZSKBox","EventAssignmentCZSKBox","EventAssignment"
-673918826,"","EventAssignmentConfig","EventAssignmentConfig","System.Object"
1734856844,"","EventAssignmentEasterBox","EventAssignmentEasterBox","EventAssignment"
904483742,"","EventAssignmentHalloweenBox","EventAssignmentHalloweenBox","EventAssignment"
1304627163,"","EventAssignmentManager","EventAssignmentManager","DatabaseSerializedObjectGeneric`1<EventAssignmentManager/EventAssignmentData>"
-2057008898,"","<>c","EventAssignmentManager/<>c","System.Object"
685314311,"","AJBAGAMIPGG","EventAssignmentManager/AJBAGAMIPGG","System.Object"
-89342680,"","EventAssignmentData","EventAssignmentManager/EventAssignmentData","System.Object"
-1153319745,"","EventAssignmentProgress","EventAssignmentManager/EventAssignmentProgress","System.Object"
1357483656,"","EventAssignmentWinterBox","EventAssignmentWinterBox","EventAssignment"
442149272,"","EventAssignmentsConfig","EventAssignmentsConfig","System.Object"
1170732788,"","EventBonusBox","EventBonusBox","PoolableObject"
-730198676,"","EventDialog","EventDialog","GuiElementSingle`1<EventDialog>"
676377029,"","PGOGPHDHADI","EventDialog/PGOGPHDHADI","System.Object"
-116844936,"","EventLook","EventLook","System.Enum"
1806105837,"","EventMilestone","EventMilestone","System.Object"
1594758819,"","EventRewardRecord","EventRewardRecord","Core_BaseScript"
-78491392,"","EventTrackingManager","EventTrackingManager","Singleton`1<EventTrackingManager>"
537547316,"","MFEGEPBOEOM","EventTrackingManager/MFEGEPBOEOM","System.Object"
-1681443329,"","NOFCCCBIBLB","EventTrackingManager/NOFCCCBIBLB","System.Object"
-848988147,"","ExoMech","ExoMech","Vehicle`1<ExoMechBehaviour>"
845365589,"","BBDPENBOIEC","ExoMech/BBDPENBOIEC","System.Object"
528189914,"","EOJDMBCLMBP","ExoMech/EOJDMBCLMBP","System.Enum"
-540001905,"","HHIJMOOFBGO","ExoMech/HHIJMOOFBGO","System.Object"
841924189,"","KGONJADOHHI","ExoMech/KGONJADOHHI","System.Object"
-1031823097,"","LNBFPGDBJBH","ExoMech/LNBFPGDBJBH","System.Object"
-309723831,"","NCCJOFILFNM","ExoMech/NCCJOFILFNM","System.Object"
-7234669,"","ExoMechAnimator","ExoMechAnimator","AnimationController"
416972421,"","ExoMechBehaviour","ExoMechBehaviour","LevelBehaviour"
-1090590213,"","ExoMechBehaviourDefinititon","ExoMechBehaviourDefinititon","VehicleBehaviourDefinititon"
1975091305,"","ExplosionManager","ExplosionManager","Singleton`1<ExplosionManager>"
-1360131969,"","ExplosiveArrowSetup","ExplosiveArrowSetup","ExplosiveSetup"
1530609535,"","ExplosiveSetup","ExplosiveSetup","AmmoSetup"
517971577,"","ExtraHealthAndDamageEffectGUI","ExtraHealthAndDamageEffectGUI","SuperChargedEffectGUIBase"
641409970,"","ExtraWarbucksEffectGUI","ExtraWarbucksEffectGUI","SuperChargedEffectGUIBase"
1315238989,"","FAGPEFLHJJC","FAGPEFLHJJC",""
-1868002948,"","FAOMGPJGGJA","FAOMGPJGGJA","GIFNNKNKCMA"
-2057008898,"","<>c","FAOMGPJGGJA/<>c","System.Object"
1832602827,"","FCBJAFMMPKH","FCBJAFMMPKH","IPGHMELJPAH"
-1375296875,"","FCOEIKFJMDH","FCOEIKFJMDH","System.Object"
-2057008898,"","<>c","FCOEIKFJMDH/<>c","System.Object"
1557075406,"","FDJGGABAKGE","FDJGGABAKGE","PBANCHJOOGI"
56495974,"","FDMNEOCOJNE","FDMNEOCOJNE","BPKEIFDPBEL"
-339248971,"","FEBGNNLDDLO","FEBGNNLDDLO","System.Object"
82799940,"","FECEIFMPCNM","FECEIFMPCNM","KOOFFOKNPJA"
-1388286159,"","FECLNHDCAJH","FECLNHDCAJH","NNALAPPHPNG"
-1296335234,"","FEDALDAICLN","FEDALDAICLN","NIAGGCHHKGI"
-898901294,"","FEKIHNGBPII","FEKIHNGBPII","System.Object"
-77736393,"","FEPKHDHDKII","FEPKHDHDKII","System.Object"
686887029,"","FFDBNIPHBAP","FFDBNIPHBAP","KIPKFMPCAJM"
471560549,"","FFLICNDJKAH","FFLICNDJKAH","NCBOCAKFEMN"
1792526300,"","FGBNCKPKLFK","FGBNCKPKLFK","BNIINCONFHO"
1780113325,"","FGDDLEPOPLH","FGDDLEPOPLH","System.Object"
-2057008898,"","<>c","FGDDLEPOPLH/<>c","System.Object"
147521452,"","IKHCFKMCMJL","FGDDLEPOPLH/IKHCFKMCMJL","System.Enum"
-1387252415,"","FGEFBBPOHFD","FGEFBBPOHFD","EventAssignment"
-1769235731,"","FGGKMEJONHC","FGGKMEJONHC","BNIINCONFHO"
501543397,"","FJCADAHIIML","FGGKMEJONHC/FJCADAHIIML","System.Object"
-462596989,"","FGOGNPCFFIG","FGOGNPCFFIG","HGJDEOHIFDP"
-73468192,"","FHMMOBBJMPG","FHMMOBBJMPG","System.Object"
889860667,"","FJKGDAAHFIE","FJKGDAAHFIE",""
1110214580,"","FJOHGDGAFIO","FJOHGDGAFIO","GFIECHBOANM<ANKHENFJBJG>"
1304308303,"","FJOJAICACMO","FJOJAICACMO","ONOMMJHPCGP"
-1771352603,"","FJOPGCKKAIM","FJOPGCKKAIM","GIFNNKNKCMA"
-925928877,"","FKJAIOMHMAE","FKJAIOMHMAE","BBFBFANGDJP"
1780755083,"","FLJEJPNMLGG","FLJEJPNMLGG","System.Enum"
-1569235341,"","FMBLFGOHKJK","FMBLFGOHKJK","GKILEOGBLMO"
967623137,"","FNCPHPJMMLO","FNCPHPJMMLO","GIFNNKNKCMA"
1175400290,"","FNDBFHAHJEN","FNDBFHAHJEN","FCBJAFMMPKH<DailyMissionSurvive>"
-2146426505,"","FOFBHCAGGCG","FOFBHCAGGCG","System.Object"
557162550,"","FOOEDAGMOIE","FOOEDAGMOIE","System.Object"
-1774428776,"","FPDPHFPLPPH","FPDPHFPLPPH","System.Enum"
-1860744388,"","FPGPCALLBDH","FPGPCALLBDH","GIFNNKNKCMA"
-2033877301,"","FPMGOANDNKO","FPMGOANDNKO","System.Object"
-454816205,"","FPMOKEDFKJN","FPMOKEDFKJN","GIFNNKNKCMA"
988462674,"","FPOFLGBBCKO","FPOFLGBBCKO","System.ValueType"
84635990,"","FTBL_DeadTime","FTBL_DeadTime","UnityEngine.MonoBehaviour"
158522951,"","FTBL_SampleSceneGUI","FTBL_SampleSceneGUI","UnityEngine.MonoBehaviour"
1197060700,"","FTBL_StopCam","FTBL_StopCam","UnityEngine.MonoBehaviour"
-192269143,"","FTBL_VisibleBG","FTBL_VisibleBG","UnityEngine.MonoBehaviour"
-1650930296,"Fabric","CrashlyticsServiceInitializer","Fabric.CrashlyticsServiceInitializer","System.Object"
-1290399135,"","FacebookDialog","FacebookDialog","GuiElementSingle`1<FacebookDialog>"
-805131004,"","FakePlayersManager","FakePlayersManager","InGameSerializedObjectGeneric`1<FakePlayersManager/FakePlayersData>"
74647690,"","<GeneratePlayers>d__20","FakePlayersManager/<GeneratePlayers>d__20","System.Object"
1655016649,"","FakePlayersData","FakePlayersManager/FakePlayersData","System.Object"
-296608788,"","FakeRigidBodySwapper","FakeRigidBodySwapper","Core_BaseScript"
-1718930549,"","MeshFliterAndRenderer","FakeRigidBodySwapper/MeshFliterAndRenderer","System.Object"
1930367663,"","FightDialog","FightDialog","GuiElementSingle`1<FightDialog>"
-1277550990,"","EPMDFCFJKHJ","FightDialog/EPMDFCFJKHJ","System.Enum"
1346994249,"","FKMFHLPGCGM","FightDialog/FKMFHLPGCGM","System.Object"
748017982,"","FPLFDFKOENB","FightDialog/FPLFDFKOENB","System.Object"
-1517525741,"","GBKBANFHHFF","FightDialog/GBKBANFHHFF","System.Object"
1104459635,"","FinishMissionAssignment","FinishMissionAssignment","Assignment"
-54245234,"","FireDamageEffectGUI","FireDamageEffectGUI","SuperChargedEffectGUIBase"
610048612,"","FireOverTime","FireOverTime","UnityEngine.MonoBehaviour"
399834779,"","FlameAmmo","FlameAmmo","Ammo"
1581003659,"","FlameAmmoSetup","FlameAmmoSetup","AmmoSetup"
-121842084,"","FlashGrenadeAmmoSetup","FlashGrenadeAmmoSetup","GrenadeAmmoBaseSetup"
-383821892,"","FlockChild","FlockChild","UnityEngine.MonoBehaviour"
1599840539,"","FlockChildSound","FlockChildSound","UnityEngine.MonoBehaviour"
-1802202330,"","FlockController","FlockController","UnityEngine.MonoBehaviour"
-448689036,"","FlockWaypointTrigger","FlockWaypointTrigger","UnityEngine.MonoBehaviour"
-659943169,"FlyingWormConsole3","ConsoleProRemoteServer","FlyingWormConsole3.ConsoleProRemoteServer","UnityEngine.MonoBehaviour"
-582261931,"","FogSettings","FogSettings","UnityEngine.MonoBehaviour"
1736996551,"","FontReplacementTool","FontReplacementTool","UnityEngine.MonoBehaviour"
417493924,"","FontSizeForDynamicFont","FontSizeForDynamicFont","UnityEngine.MonoBehaviour"
612100528,"","FreezeEnemyEffectGUI","FreezeEnemyEffectGUI","SuperChargedEffectGUIBase"
1750296657,"","FriendGuiRecord","FriendGuiRecord","PoolableObject"
-2057008898,"","<>c","FriendGuiRecord/<>c","System.Object"
-377555710,"","GAFOHEHMMLH","GAFOHEHMMLH","NFGOAECKCLI"
-225549753,"","GAKAMJBMILI","GAKAMJBMILI","GIFNNKNKCMA"
-2026043094,"","GAPIIEFLHEA","GAPIIEFLHEA","GIFNNKNKCMA"
181582682,"","GBHLECBDKFN","GBHLECBDKFN","BNIINCONFHO"
1280686546,"","GBIPKNFHOBI","GBIPKNFHOBI","HOPENDPOGOD"
-1426710095,"","GBJCHCMDFII","GBJCHCMDFII","GIFNNKNKCMA"
-87231834,"","GBKGGFHBKOL","GBKGGFHBKOL","ONOMMJHPCGP"
115928006,"","GBKKJOILHPE","GBKKJOILHPE","NFGOAECKCLI"
-570740778,"","GBNMKDCEBLE","GBNMKDCEBLE","System.Object"
420741471,"","IOKJLLFCGDL","GBNMKDCEBLE/IOKJLLFCGDL","System.ValueType"
907594756,"","GDBAOJEBKNB","GDBAOJEBKNB","EADCPIEEEMH"
385607353,"","GDBBNHGPJFM","GDBBNHGPJFM","NFGOAECKCLI"
2087531690,"","GDFHGNLOPDG","GDFHGNLOPDG","System.Object"
-1359577920,"","GDLOBCHCCGJ","GDLOBCHCCGJ","GIFNNKNKCMA"
8990567,"","GDPNPALDNPJ","GDPNPALDNPJ","GIFNNKNKCMA"
867402269,"","GDPRManager","GDPRManager","Singleton`1<GDPRManager>"
-2057008898,"","<>c","GDPRManager/<>c","System.Object"
1995115968,"","HEFHLEOPCPE","GDPRManager/HEFHLEOPCPE","System.Enum"
2114259857,"","GEPFGDGECCO","GEPFGDGECCO","System.Enum"
129638010,"","GFIECHBOANM","GFIECHBOANM","System.Object"
1181169694,"","GFPEFAJFLGO","GFPEFAJFLGO","GIFNNKNKCMA"
-1848810265,"","GGNOBJBNCLI","GGNOBJBNCLI","DDOCBBHJHLO"
1887199946,"","GHCMPAKEGBD","GHCMPAKEGBD","JBOCEJCLEGN"
-1865679287,"","GHDCDALHNBF","GHDCDALHNBF","System.Object"
103514122,"","GHFAIJIICOC","GHFAIJIICOC","System.Enum"
-1850145228,"","GHGGJDKDJHP","GHGGJDKDJHP","KPLOMKBEHBO"
1636090591,"","GHKNPAHPBCN","GHKNPAHPBCN","GIFNNKNKCMA"
-1035634798,"","GIFJOJIGOIE","GIFJOJIGOIE","KIPKFMPCAJM"
-1685562476,"","GIFNNKNKCMA","GIFNNKNKCMA","System.Object"
-751918175,"","GKGEBFJCFPJ","GIFNNKNKCMA/GKGEBFJCFPJ","System.Enum"
-165186513,"","GIIGBPGPKOP","GIIGBPGPKOP","GJKDKLFKKHK"
636306103,"","GIOPPFLKCFN","GIOPPFLKCFN","HGJDEOHIFDP"
-869129384,"","GJKDKLFKKHK","GJKDKLFKKHK","System.Object"
583619828,"","GKEBDNPJHHC","GKEBDNPJHHC","PMIBIKBBFPM"
-432234460,"","GKILEOGBLMO","GKILEOGBLMO","System.Object"
468863564,"","GKJLLHFCKLK","GKJLLHFCKLK","BNIINCONFHO"
1679562080,"","GKNIBAHJDHD","GKNIBAHJDHD","HOPENDPOGOD"
319399428,"","GLABPFONMAA","GLABPFONMAA","NNALAPPHPNG"
-261423769,"","GLAKJLFCCFH","GLAKJLFCCFH","BBFBFANGDJP"
-1160277579,"","GLMJAFDFJKA","GLMJAFDFJKA","FCBJAFMMPKH<DailyMissionWaves>"
-924788032,"","GLNKGHJGDBC","GLNKGHJGDBC","System.Enum"
1972542594,"","GMEEAIHNDPC","GMEEAIHNDPC","System.Object"
875929978,"","GMKPGFEJAKI","GMKPGFEJAKI","System.Object"
-1306388266,"","GNHHLBCCAJK","GNHHLBCCAJK","FCBJAFMMPKH<DailyMissionKillUnits>"
1869006820,"","GOBFMLEDMMP","GOBFMLEDMMP","System.Object"
-741327274,"","GOEOKDCDBOO","GOEOKDCDBOO","BDEECEMMLML"
789733803,"","GainSkillshotsAssignment","GainSkillshotsAssignment","Assignment"
311411323,"","GainedCardsAnimation","GainedCardsAnimation","Core_BaseScript"
-1988364019,"","CDMHJGHKBEI","GainedCardsAnimation/CDMHJGHKBEI","System.Object"
-6588778,"","HBGGAFAEPDC","GainedCardsAnimation/HBGGAFAEPDC","System.Object"
-436738982,"","JCPIKEDMMDJ","GainedCardsAnimation/JCPIKEDMMDJ","System.Object"
-302758445,"","OLPLDBOOOAB","GainedCardsAnimation/OLPLDBOOOAB","System.Object"
372334801,"","GameCamera","GameCamera","Singleton`1<GameCamera>"
-365613179,"","DELGJGCOABO","GameCamera/DELGJGCOABO","System.Object"
-1784233337,"","DFGHGIMHNNB","GameCamera/DFGHGIMHNNB","System.Object"
455704712,"","IINMBGPPPAJ","GameCamera/IINMBGPPPAJ","System.Object"
-1601522256,"","IJBLNANGANC","GameCamera/IJBLNANGANC","System.Object"
1512402859,"","INHIEDLOOJI","GameCamera/INHIEDLOOJI","System.Object"
1897431444,"","KPFJPIDFDFB","GameCamera/KPFJPIDFDFB","System.Object"
-1905725732,"","MPEFKOGBOAB","GameCamera/MPEFKOGBOAB","System.Object"
1564665336,"","PBDHDIJFHMD","GameCamera/PBDHDIJFHMD","System.Object"
1569385879,"","PCAADHEOHPJ","GameCamera/PCAADHEOHPJ","System.Object"
577383463,"","GameCenterProvider","GameCenterProvider","Singleton`1<GameCenterProvider>"
1173297211,"","GameConfigurationManager","GameConfigurationManager","InGameSerializedObjectGeneric`1<GameConfigurationManager/ConfigurationData>"
1336596687,"","<PrepareConfigurations>d__23","GameConfigurationManager/<PrepareConfigurations>d__23","System.Object"
-1754612430,"","ConfigurationData","GameConfigurationManager/ConfigurationData","System.Object"
-1263636864,"","SheetData","GameConfigurationManager/SheetData","System.Object"
1654869021,"","GameController","GameController","Singleton`1<GameController>"
-2057008898,"","<>c","GameController/<>c","System.Object"
-543161481,"","ALOAMODMHMO","GameController/ALOAMODMHMO","System.Enum"
-1517787197,"","BCOPIAFDCOF","GameController/BCOPIAFDCOF","System.Object"
1432118612,"","BHFCAEPOCEG","GameController/BHFCAEPOCEG","System.Object"
127230558,"","BOJGPJLFGGA","GameController/BOJGPJLFGGA","System.Object"
258878744,"","BOKPJIIKPEN","GameController/BOKPJIIKPEN","System.MulticastDelegate"
854416012,"","ENHHHDEDOGF","GameController/ENHHHDEDOGF","System.Object"
-1939372227,"","FNCDFMBGJKL","GameController/FNCDFMBGJKL","System.Object"
44315100,"","FNFKGOFDAGO","GameController/FNFKGOFDAGO","System.Enum"
410439380,"","HIGIKGPGJLM","GameController/HIGIKGPGJLM","System.Enum"
-1810616117,"","IFIBNONEIBK","GameController/IFIBNONEIBK","System.Object"
1900218622,"","IMOMKGNHGNN","GameController/IMOMKGNHGNN","System.Enum"
-1687481582,"","OJJDPHJECPP","GameController/OJJDPHJECPP","System.Object"
-711875156,"","GameControllerCampaign","GameControllerCampaign","IGameController"
-2132193934,"","CMFFMABBAOC","GameControllerCampaign/CMFFMABBAOC","System.Object"
-1371173764,"","JKOCLJMHPAH","GameControllerCampaign/JKOCLJMHPAH","System.Object"
-247903745,"","LDPOEIMDGFB","GameControllerCampaign/LDPOEIMDGFB","System.Object"
1897198337,"","GameControllerCoop","GameControllerCoop","GameControllerOnline"
1940779941,"","ADIPLADGIBC","GameControllerCoop/ADIPLADGIBC","System.Object"
-260034123,"","GLECLIPLDGH","GameControllerCoop/GLECLIPLDGH","System.Object"
-1665369024,"","GPHIFBGLOGH","GameControllerCoop/GPHIFBGLOGH","System.Object"
-2138519091,"","PKOIJHGJEGE","GameControllerCoop/PKOIJHGJEGE","System.Object"
575449101,"","GameControllerDeathMatch","GameControllerDeathMatch","GameControllerPVP"
-2057008898,"","<>c","GameControllerDeathMatch/<>c","System.Object"
-2009779128,"","GameControllerDeathMatchOffline","GameControllerDeathMatchOffline","IGameController"
-2057008898,"","<>c","GameControllerDeathMatchOffline/<>c","System.Object"
-1042355241,"","AIJLEKGCINF","GameControllerDeathMatchOffline/AIJLEKGCINF","System.Object"
533917451,"","FONLMGDLBML","GameControllerDeathMatchOffline/FONLMGDLBML","System.Object"
397373038,"","GameControllerInvasion","GameControllerInvasion","IGameController"
-2057008898,"","<>c","GameControllerInvasion/<>c","System.Object"
-886724970,"","CHCODCJPJPB","GameControllerInvasion/CHCODCJPJPB","System.Enum"
1100591886,"","KIOEKLHCIKF","GameControllerInvasion/KIOEKLHCIKF","System.Object"
-326652042,"","MJPDPOMLNEP","GameControllerInvasion/MJPDPOMLNEP","System.Object"
2125721966,"","OEMKJCIHLBN","GameControllerInvasion/OEMKJCIHLBN","System.Object"
-815288839,"","GameControllerOnline","GameControllerOnline","IGameController"
-2057008898,"","<>c","GameControllerOnline/<>c","System.Object"
-1991964105,"","GGEPOIMDLKG","GameControllerOnline/GGEPOIMDLKG","System.Object"
1156560988,"","IAEJIBMHMGE","GameControllerOnline/IAEJIBMHMGE","System.Object"
649112019,"","LDCKOFPFAPC","GameControllerOnline/LDCKOFPFAPC","System.Object"
644099424,"","GameControllerPVP","GameControllerPVP","GameControllerOnline"
2046258625,"","MOHFJHLIBOF","GameControllerPVP/MOHFJHLIBOF","System.Object"
-24542651,"","GameControllerTutorial","GameControllerTutorial","IGameController"
-987678249,"","DPABILHCMDJ","GameControllerTutorial/DPABILHCMDJ","System.Object"
1247822645,"","MDCBFCNIMDI","GameControllerTutorial/MDCBFCNIMDI","System.Object"
-635776143,"","MKLAACKCNOM","GameControllerTutorial/MKLAACKCNOM","System.Object"
425682029,"","GameControllerWarArena","GameControllerWarArena","GameControllerPVP"
-430399914,"","MECJIILJDFP","GameControllerWarArena/MECJIILJDFP","System.Object"
-1488463561,"","GameGuiCard","GameGuiCard","PoolableObject"
1298194639,"","IKOANEMJFDM","GameGuiCard/IKOANEMJFDM","System.Object"
1270072425,"","KMCJOBAFKEN","GameGuiCard/KMCJOBAFKEN","System.Object"
962422994,"","NMMIKAIHBJP","GameGuiCard/NMMIKAIHBJP","System.Object"
-130418651,"","GameLauncher","GameLauncher","Core_BaseScript"
-2057008898,"","<>c","GameLauncher/<>c","System.Object"
2085278855,"","CNDGFEAOCJF","GameLauncher/CNDGFEAOCJF","System.Object"
1043446222,"","DCGPPKEAOLH","GameLauncher/DCGPPKEAOLH","System.Object"
1593535041,"","LogoScale","GameLauncher/LogoScale","System.Object"
-63917249,"","MIHKJNJLKMD","GameLauncher/MIHKJNJLKMD","System.Object"
826287691,"","GameLoginManager","GameLoginManager","InGameSerializedObjectGeneric`1<GameLoginManager/LoginData>"
-2057008898,"","<>c","GameLoginManager/<>c","System.Object"
-1983007665,"","<>c__DisplayClass100_0","GameLoginManager/<>c__DisplayClass100_0","System.Object"
228346534,"","<>c__DisplayClass104_0","GameLoginManager/<>c__DisplayClass104_0","System.Object"
274615137,"","<>c__DisplayClass134_0","GameLoginManager/<>c__DisplayClass134_0","System.Object"
-2008053098,"","<>c__DisplayClass135_0","GameLoginManager/<>c__DisplayClass135_0","System.Object"
1994678008,"","<>c__DisplayClass137_0","GameLoginManager/<>c__DisplayClass137_0","System.Object"
-740406914,"","<>c__DisplayClass138_0","GameLoginManager/<>c__DisplayClass138_0","System.Object"
-667777736,"","<WaitToLoadingFinish>d__129","GameLoginManager/<WaitToLoadingFinish>d__129","System.Object"
-1954503323,"","<WaitToLoadingFinishTransition>d__130","GameLoginManager/<WaitToLoadingFinishTransition>d__130","System.Object"
843514763,"","EnvironmentData","GameLoginManager/EnvironmentData","System.Object"
-191031911,"","LoginData","GameLoginManager/LoginData","System.Object"
824656098,"","PlayerAccount","GameLoginManager/PlayerAccount","System.Object"
-221057392,"","GameModesContent","GameModesContent","Core_BaseScript"
-1061656481,"","GameOverScreen","GameOverScreen","GuiScreenSingle`1<GameOverScreen>"
-711208112,"","CHJJMDJLLNF","GameOverScreen/CHJJMDJLLNF","System.Object"
1409618801,"","JAOAIHMMLDH","GameOverScreen/JAOAIHMMLDH","System.Object"
335308823,"","KDMNFFDOBDA","GameOverScreen/KDMNFFDOBDA","System.Object"
-641570424,"","LCBCOCOJDLD","GameOverScreen/LCBCOCOJDLD","System.Object"
237401076,"","LJPMEKJDMOK","GameOverScreen/LJPMEKJDMOK","System.Enum"
1125919792,"","GameReward","GameReward","System.Object"
-2057008898,"","<>c","GameReward/<>c","System.Object"
-1706596207,"","DCFLCFNNCOI","GameReward/DCFLCFNNCOI","System.Object"
1042031880,"","GEPEKLMNNHC","GameReward/GEPEKLMNNHC","System.Enum"
-974228402,"","GameRewardAugmentationCrates","GameRewardAugmentationCrates","GameReward"
-850501384,"","OPDMKBOFCCD","GameRewardAugmentationCrates/OPDMKBOFCCD","System.Object"
-1304612583,"","GameRewardBoosters","GameRewardBoosters","GameReward"
1743843400,"","GameRewardCardpack","GameRewardCardpack","GameReward"
1374070044,"","GameRewardData","GameRewardData","System.Object"
1698402594,"","GameRewardDoubleUpgrades","GameRewardDoubleUpgrades","GameReward"
8804250,"","GameRewardEliteParts","GameRewardEliteParts","GameReward"
-1694007736,"","GameRewardGold","GameRewardGold","GameReward"
1001605566,"","GameRewardLoyalty","GameRewardLoyalty","GameReward"
-2034645443,"","GameRewardPlayerVisual","GameRewardPlayerVisual","GameReward"
95889528,"","GameRewardPowerBand","GameRewardPowerBand","GameReward"
537071388,"","GameRewardScraps","GameRewardScraps","GameReward"
1768431921,"","GameRewardShieldParts","GameRewardShieldParts","GameReward"
-2138321947,"","GameRewardTickets","GameRewardTickets","GameReward"
736598748,"","GameRewardVip","GameRewardVip","GameReward"
298776686,"","GameRewardWarbucks","GameRewardWarbucks","GameReward"
558327497,"","GameRewardWarcards","GameRewardWarcards","GameReward"
2048456106,"","GameShootableEntity","GameShootableEntity","Core_BaseScript"
524946282,"","COMKCEJBDDC","GameShootableEntity/COMKCEJBDDC","System.Enum"
1467747002,"","GGDNGONEKLD","GameShootableEntity/GGDNGONEKLD","System.Enum"
-1641893657,"","ShotTarget","GameShootableEntity/ShotTarget","System.Object"
301085198,"","GameShootableEntityPlayer","GameShootableEntityPlayer","GameShootableEntity"
-1422024798,"","GameStartScreen","GameStartScreen","GuiScreenSingle`1<GameStartScreen>"
1660042244,"","GameTypeDependObject","GameTypeDependObject","Core_BaseScript"
-1145155779,"","GameVariables","GameVariables","Singleton`1<GameVariables>"
1242592078,"","GameWatcher","GameWatcher","UnityEngine.MonoBehaviour"
1516957595,"","GameWeaponModel","GameWeaponModel","UnityEngine.MonoBehaviour"
-1736978569,"","GarbageCollectorController","GarbageCollectorController","UnityEngine.MonoBehaviour"
738163543,"","GeneratedGameObject","GeneratedGameObject","PoolableObject"
-1603196145,"","GeneratedObjectManager","GeneratedObjectManager","Core_BaseScript"
-901334308,"","Glass","Glass","Core_BaseScript"
-1063992475,"","GoldButtonRecord","GoldButtonRecord","Core_BaseScript"
1795062673,"","GoldDailyButtonRecord","GoldDailyButtonRecord","GoldButtonRecord"
-1532193321,"","GoldPiggyButtonRecord","GoldPiggyButtonRecord","Core_BaseScript"
-1994825928,"GoogleMobileAds.Android.Mediation.AppLovin","AppLovinClient","GoogleMobileAds.Android.Mediation.AppLovin.AppLovinClient","System.Object"
-1852871140,"GoogleMobileAds.Android.Mediation.IronSource","IronSourceClient","GoogleMobileAds.Android.Mediation.IronSource.IronSourceClient","System.Object"
107343829,"GoogleMobileAds.Android.Mediation.UnityAds","UnityAdsClient","GoogleMobileAds.Android.Mediation.UnityAds.UnityAdsClient","System.Object"
-780575159,"GoogleMobileAds.Android.Mediation.Vungle","VungleClient","GoogleMobileAds.Android.Mediation.Vungle.VungleClient","System.Object"
1173297610,"GoogleMobileAds.Api.Mediation.AppLovin","AppLovin","GoogleMobileAds.Api.Mediation.AppLovin.AppLovin","System.Object"
939465179,"GoogleMobileAds.Api.Mediation.IronSource","IronSource","GoogleMobileAds.Api.Mediation.IronSource.IronSource","System.Object"
936444969,"GoogleMobileAds.Api.Mediation.UnityAds","UnityAds","GoogleMobileAds.Api.Mediation.UnityAds.UnityAds","System.Object"
1710102497,"GoogleMobileAds.Api.Mediation.Vungle","Vungle","GoogleMobileAds.Api.Mediation.Vungle.Vungle","System.Object"
-1358740346,"GoogleMobileAds.Api.Mediation.Vungle","VungleConsent","GoogleMobileAds.Api.Mediation.Vungle.VungleConsent","System.Enum"
-1311197984,"GoogleMobileAds.Api.Mediation.Vungle","VungleInterstitialMediationExtras","GoogleMobileAds.Api.Mediation.Vungle.VungleInterstitialMediationExtras","GoogleMobileAds.Api.Mediation.Vungle.VungleMediationExtras"
-1678442498,"GoogleMobileAds.Api.Mediation.Vungle","VungleMediationExtras","GoogleMobileAds.Api.Mediation.Vungle.VungleMediationExtras","GoogleMobileAds.Api.Mediation.MediationExtras"
-1807166303,"GoogleMobileAds.Api.Mediation.Vungle","VungleRewardedVideoMediationExtras","GoogleMobileAds.Api.Mediation.Vungle.VungleRewardedVideoMediationExtras","GoogleMobileAds.Api.Mediation.Vungle.VungleMediationExtras"
-2023291463,"GoogleMobileAds.Common.Mediation.AppLovin","DummyClient","GoogleMobileAds.Common.Mediation.AppLovin.DummyClient","System.Object"
-1270778562,"GoogleMobileAds.Common.Mediation.AppLovin","IAppLovinClient","GoogleMobileAds.Common.Mediation.AppLovin.IAppLovinClient",""
1190665303,"GoogleMobileAds.Common.Mediation.IronSource","DummyClient","GoogleMobileAds.Common.Mediation.IronSource.DummyClient","System.Object"
-845426397,"GoogleMobileAds.Common.Mediation.IronSource","IIronSourceClient","GoogleMobileAds.Common.Mediation.IronSource.IIronSourceClient",""
-1234269656,"GoogleMobileAds.Common.Mediation.UnityAds","DummyClient","GoogleMobileAds.Common.Mediation.UnityAds.DummyClient","System.Object"
660790133,"GoogleMobileAds.Common.Mediation.UnityAds","IUnityAdsClient","GoogleMobileAds.Common.Mediation.UnityAds.IUnityAdsClient",""
119349467,"GoogleMobileAds.Common.Mediation.Vungle","DummyClient","GoogleMobileAds.Common.Mediation.Vungle.DummyClient","System.Object"
1175463262,"GoogleMobileAds.Common.Mediation.Vungle","IVungleClient","GoogleMobileAds.Common.Mediation.Vungle.IVungleClient",""
-184504683,"GoogleMobileAds.Mediation","AppLovinClientFactory","GoogleMobileAds.Mediation.AppLovinClientFactory","System.Object"
-1405151131,"GoogleMobileAds.Mediation","IronSourceClientFactory","GoogleMobileAds.Mediation.IronSourceClientFactory","System.Object"
-182269605,"GoogleMobileAds.Mediation","UnityAdsClientFactory","GoogleMobileAds.Mediation.UnityAdsClientFactory","System.Object"
1743384700,"GoogleMobileAds.Mediation","VungleClientFactory","GoogleMobileAds.Mediation.VungleClientFactory","System.Object"
-1293870806,"","GooglePlayGameService","GooglePlayGameService","Singleton`1<GooglePlayGameService>"
-1598397674,"GooglePlayGames.Android","AndroidClient","GooglePlayGames.Android.AndroidClient","System.Object"
-2057008898,"","<>c","GooglePlayGames.Android.AndroidClient/<>c","System.Object"
1243920028,"","<>c__19`1","GooglePlayGames.Android.AndroidClient/<>c__19`1","System.Object"
-2121139871,"","<>c__DisplayClass18_0","GooglePlayGames.Android.AndroidClient/<>c__DisplayClass18_0","System.Object"
-1566517480,"","<>c__DisplayClass18_1","GooglePlayGames.Android.AndroidClient/<>c__DisplayClass18_1","System.Object"
661985757,"","<>c__DisplayClass19_0`1","GooglePlayGames.Android.AndroidClient/<>c__DisplayClass19_0`1","System.Object"
651388438,"","<>c__DisplayClass20_0","GooglePlayGames.Android.AndroidClient/<>c__DisplayClass20_0","System.Object"
1939429558,"","<>c__DisplayClass21_0`1","GooglePlayGames.Android.AndroidClient/<>c__DisplayClass21_0`1","System.Object"
-848437917,"","<>c__DisplayClass22_0`2","GooglePlayGames.Android.AndroidClient/<>c__DisplayClass22_0`2","System.Object"
667809659,"","<>c__DisplayClass22_1`2","GooglePlayGames.Android.AndroidClient/<>c__DisplayClass22_1`2","System.Object"
203271131,"","<>c__DisplayClass23_0`2","GooglePlayGames.Android.AndroidClient/<>c__DisplayClass23_0`2","System.Object"
265116531,"","<>c__DisplayClass32_0","GooglePlayGames.Android.AndroidClient/<>c__DisplayClass32_0","System.Object"
-418137756,"","<>c__DisplayClass35_0","GooglePlayGames.Android.AndroidClient/<>c__DisplayClass35_0","System.Object"
-663569780,"","<>c__DisplayClass35_1","GooglePlayGames.Android.AndroidClient/<>c__DisplayClass35_1","System.Object"
1344560383,"","<>c__DisplayClass37_0","GooglePlayGames.Android.AndroidClient/<>c__DisplayClass37_0","System.Object"
533985435,"","<>c__DisplayClass37_1","GooglePlayGames.Android.AndroidClient/<>c__DisplayClass37_1","System.Object"
251888240,"","<>c__DisplayClass39_0","GooglePlayGames.Android.AndroidClient/<>c__DisplayClass39_0","System.Object"
-1007883241,"","<>c__DisplayClass47_0","GooglePlayGames.Android.AndroidClient/<>c__DisplayClass47_0","System.Object"
339381303,"","<>c__DisplayClass48_0","GooglePlayGames.Android.AndroidClient/<>c__DisplayClass48_0","System.Object"
2083350872,"","<>c__DisplayClass48_1","GooglePlayGames.Android.AndroidClient/<>c__DisplayClass48_1","System.Object"
-364577809,"","<>c__DisplayClass48_2","GooglePlayGames.Android.AndroidClient/<>c__DisplayClass48_2","System.Object"
2146481124,"","<>c__DisplayClass49_0","GooglePlayGames.Android.AndroidClient/<>c__DisplayClass49_0","System.Object"
1672451801,"","<>c__DisplayClass57_0","GooglePlayGames.Android.AndroidClient/<>c__DisplayClass57_0","System.Object"
-1375130813,"","<>c__DisplayClass58_0","GooglePlayGames.Android.AndroidClient/<>c__DisplayClass58_0","System.Object"
-1237514739,"","<>c__DisplayClass58_1","GooglePlayGames.Android.AndroidClient/<>c__DisplayClass58_1","System.Object"
96460348,"","<>c__DisplayClass59_0","GooglePlayGames.Android.AndroidClient/<>c__DisplayClass59_0","System.Object"
2138771903,"","<>c__DisplayClass59_1","GooglePlayGames.Android.AndroidClient/<>c__DisplayClass59_1","System.Object"
-47163116,"","<>c__DisplayClass60_0","GooglePlayGames.Android.AndroidClient/<>c__DisplayClass60_0","System.Object"
548098155,"","<>c__DisplayClass60_1","GooglePlayGames.Android.AndroidClient/<>c__DisplayClass60_1","System.Object"
429890407,"","<>c__DisplayClass64_0","GooglePlayGames.Android.AndroidClient/<>c__DisplayClass64_0","System.Object"
-2089951607,"","AuthState","GooglePlayGames.Android.AndroidClient/AuthState","System.Enum"
-358034224,"GooglePlayGames.Android","AndroidEventsClient","GooglePlayGames.Android.AndroidEventsClient","System.Object"
-1447790569,"","<>c__DisplayClass2_0","GooglePlayGames.Android.AndroidEventsClient/<>c__DisplayClass2_0","System.Object"
584092442,"","<>c__DisplayClass3_0","GooglePlayGames.Android.AndroidEventsClient/<>c__DisplayClass3_0","System.Object"
1804110016,"","<>c__DisplayClass5_0`2","GooglePlayGames.Android.AndroidEventsClient/<>c__DisplayClass5_0`2","System.Object"
243363623,"","<>c__DisplayClass5_1`2","GooglePlayGames.Android.AndroidEventsClient/<>c__DisplayClass5_1`2","System.Object"
2137121746,"GooglePlayGames.Android","AndroidHelperFragment","GooglePlayGames.Android.AndroidHelperFragment","System.Object"
-181531879,"","<>c__DisplayClass10_0","GooglePlayGames.Android.AndroidHelperFragment/<>c__DisplayClass10_0","System.Object"
584092442,"","<>c__DisplayClass3_0","GooglePlayGames.Android.AndroidHelperFragment/<>c__DisplayClass3_0","System.Object"
1235314902,"","<>c__DisplayClass5_0","GooglePlayGames.Android.AndroidHelperFragment/<>c__DisplayClass5_0","System.Object"
1935907666,"","<>c__DisplayClass6_0","GooglePlayGames.Android.AndroidHelperFragment/<>c__DisplayClass6_0","System.Object"
-1385898596,"","<>c__DisplayClass7_0","GooglePlayGames.Android.AndroidHelperFragment/<>c__DisplayClass7_0","System.Object"
-1763386017,"","<>c__DisplayClass9_0","GooglePlayGames.Android.AndroidHelperFragment/<>c__DisplayClass9_0","System.Object"
-1329536320,"GooglePlayGames.Android","AndroidJavaConverter","GooglePlayGames.Android.AndroidJavaConverter","System.Object"
2127447445,"GooglePlayGames.Android","AndroidNearbyConnectionClient","GooglePlayGames.Android.AndroidNearbyConnectionClient","System.Object"
-1912664069,"","<>c__DisplayClass11_0","GooglePlayGames.Android.AndroidNearbyConnectionClient/<>c__DisplayClass11_0","System.Object"
-2121139871,"","<>c__DisplayClass18_0","GooglePlayGames.Android.AndroidNearbyConnectionClient/<>c__DisplayClass18_0","System.Object"
-1758200109,"","<>c__DisplayClass31_0`1","GooglePlayGames.Android.AndroidNearbyConnectionClient/<>c__DisplayClass31_0`1","System.Object"
-615490674,"","<>c__DisplayClass31_1`1","GooglePlayGames.Android.AndroidNearbyConnectionClient/<>c__DisplayClass31_1`1","System.Object"
-2111601727,"","<>c__DisplayClass32_0`2","GooglePlayGames.Android.AndroidNearbyConnectionClient/<>c__DisplayClass32_0`2","System.Object"
1138489837,"","<>c__DisplayClass32_1`2","GooglePlayGames.Android.AndroidNearbyConnectionClient/<>c__DisplayClass32_1`2","System.Object"
450534174,"","AdvertisingConnectionLifecycleCallbackProxy","GooglePlayGames.Android.AndroidNearbyConnectionClient/AdvertisingConnectionLifecycleCallbackProxy","UnityEngine.AndroidJavaProxy"
1392048430,"","DiscoveringConnectionLifecycleCallback","GooglePlayGames.Android.AndroidNearbyConnectionClient/DiscoveringConnectionLifecycleCallback","UnityEngine.AndroidJavaProxy"
1385762820,"","EndpointDiscoveryCallback","GooglePlayGames.Android.AndroidNearbyConnectionClient/EndpointDiscoveryCallback","UnityEngine.AndroidJavaProxy"
970051909,"","OnGameThreadDiscoveryListener","GooglePlayGames.Android.AndroidNearbyConnectionClient/OnGameThreadDiscoveryListener","System.Object"
-1447790569,"","<>c__DisplayClass2_0","GooglePlayGames.Android.AndroidNearbyConnectionClient/OnGameThreadDiscoveryListener/<>c__DisplayClass2_0","System.Object"
584092442,"","<>c__DisplayClass3_0","GooglePlayGames.Android.AndroidNearbyConnectionClient/OnGameThreadDiscoveryListener/<>c__DisplayClass3_0","System.Object"
-247531597,"","OnGameThreadMessageListener","GooglePlayGames.Android.AndroidNearbyConnectionClient/OnGameThreadMessageListener","System.Object"
-1447790569,"","<>c__DisplayClass2_0","GooglePlayGames.Android.AndroidNearbyConnectionClient/OnGameThreadMessageListener/<>c__DisplayClass2_0","System.Object"
584092442,"","<>c__DisplayClass3_0","GooglePlayGames.Android.AndroidNearbyConnectionClient/OnGameThreadMessageListener/<>c__DisplayClass3_0","System.Object"
-2074424502,"","PayloadCallback","GooglePlayGames.Android.AndroidNearbyConnectionClient/PayloadCallback","UnityEngine.AndroidJavaProxy"
-1660040764,"GooglePlayGames.Android","AndroidSavedGameClient","GooglePlayGames.Android.AndroidSavedGameClient","System.Object"
-181531879,"","<>c__DisplayClass10_0","GooglePlayGames.Android.AndroidSavedGameClient/<>c__DisplayClass10_0","System.Object"
-792772013,"","<>c__DisplayClass12_0","GooglePlayGames.Android.AndroidSavedGameClient/<>c__DisplayClass12_0","System.Object"
-1588141143,"","<>c__DisplayClass13_0","GooglePlayGames.Android.AndroidSavedGameClient/<>c__DisplayClass13_0","System.Object"
1216972131,"","<>c__DisplayClass13_1","GooglePlayGames.Android.AndroidSavedGameClient/<>c__DisplayClass13_1","System.Object"
72449239,"","<>c__DisplayClass17_0`2","GooglePlayGames.Android.AndroidSavedGameClient/<>c__DisplayClass17_0`2","System.Object"
948144147,"","<>c__DisplayClass17_1`2","GooglePlayGames.Android.AndroidSavedGameClient/<>c__DisplayClass17_1`2","System.Object"
-1394228178,"","<>c__DisplayClass4_0","GooglePlayGames.Android.AndroidSavedGameClient/<>c__DisplayClass4_0","System.Object"
1935907666,"","<>c__DisplayClass6_0","GooglePlayGames.Android.AndroidSavedGameClient/<>c__DisplayClass6_0","System.Object"
-1763386017,"","<>c__DisplayClass9_0","GooglePlayGames.Android.AndroidSavedGameClient/<>c__DisplayClass9_0","System.Object"
-771957369,"","AndroidConflictResolver","GooglePlayGames.Android.AndroidSavedGameClient/AndroidConflictResolver","System.Object"
-2097178495,"GooglePlayGames.Android","AndroidSnapshotMetadata","GooglePlayGames.Android.AndroidSnapshotMetadata","System.Object"
1772299396,"GooglePlayGames.Android","AndroidTaskUtils","GooglePlayGames.Android.AndroidTaskUtils","System.Object"
-1006677666,"","TaskOnCompleteProxy`1","GooglePlayGames.Android.AndroidTaskUtils/TaskOnCompleteProxy`1","UnityEngine.AndroidJavaProxy"
-1880135829,"","TaskOnFailedProxy","GooglePlayGames.Android.AndroidTaskUtils/TaskOnFailedProxy","UnityEngine.AndroidJavaProxy"
862154399,"","TaskOnSuccessProxy`1","GooglePlayGames.Android.AndroidTaskUtils/TaskOnSuccessProxy`1","UnityEngine.AndroidJavaProxy"
1772645605,"GooglePlayGames.Android","AndroidTokenClient","GooglePlayGames.Android.AndroidTokenClient","System.Object"
-2057008898,"","<>c","GooglePlayGames.Android.AndroidTokenClient/<>c","System.Object"
-97619591,"","<>c__DisplayClass24_0","GooglePlayGames.Android.AndroidTokenClient/<>c__DisplayClass24_0","System.Object"
1172659901,"","<>c__DisplayClass25_0","GooglePlayGames.Android.AndroidTokenClient/<>c__DisplayClass25_0","System.Object"
1361225407,"","<>c__DisplayClass27_0","GooglePlayGames.Android.AndroidTokenClient/<>c__DisplayClass27_0","System.Object"
-1517323579,"","<>c__DisplayClass29_0","GooglePlayGames.Android.AndroidTokenClient/<>c__DisplayClass29_0","System.Object"
-688253616,"","<>c__DisplayClass30_0","GooglePlayGames.Android.AndroidTokenClient/<>c__DisplayClass30_0","System.Object"
-524866389,"","ResultCallbackProxy","GooglePlayGames.Android.AndroidTokenClient/ResultCallbackProxy","UnityEngine.AndroidJavaProxy"
-823526487,"GooglePlayGames.Android","AndroidVideoClient","GooglePlayGames.Android.AndroidVideoClient","System.Object"
282969122,"","<>c__DisplayClass12_0`2","GooglePlayGames.Android.AndroidVideoClient/<>c__DisplayClass12_0`2","System.Object"
1888891938,"","<>c__DisplayClass12_1`2","GooglePlayGames.Android.AndroidVideoClient/<>c__DisplayClass12_1`2","System.Object"
-1394228178,"","<>c__DisplayClass4_0","GooglePlayGames.Android.AndroidVideoClient/<>c__DisplayClass4_0","System.Object"
1935907666,"","<>c__DisplayClass6_0","GooglePlayGames.Android.AndroidVideoClient/<>c__DisplayClass6_0","System.Object"
-1385898596,"","<>c__DisplayClass7_0","GooglePlayGames.Android.AndroidVideoClient/<>c__DisplayClass7_0","System.Object"
-2131893173,"","OnCaptureOverlayStateListenerProxy","GooglePlayGames.Android.AndroidVideoClient/OnCaptureOverlayStateListenerProxy","UnityEngine.AndroidJavaProxy"
-1447790569,"","<>c__DisplayClass2_0","GooglePlayGames.Android.AndroidVideoClient/OnCaptureOverlayStateListenerProxy/<>c__DisplayClass2_0","System.Object"
1602428235,"GooglePlayGames.BasicApi","Achievement","GooglePlayGames.BasicApi.Achievement","System.Object"
1153131245,"GooglePlayGames.BasicApi","CommonStatusCodes","GooglePlayGames.BasicApi.CommonStatusCodes","System.Enum"
-323974143,"GooglePlayGames.BasicApi","CommonTypesUtil","GooglePlayGames.BasicApi.CommonTypesUtil","System.Object"
-1103189833,"GooglePlayGames.BasicApi","DataSource","GooglePlayGames.BasicApi.DataSource","System.Enum"
-1079872777,"GooglePlayGames.BasicApi","DummyClient","GooglePlayGames.BasicApi.DummyClient","System.Object"
-1698004221,"GooglePlayGames.BasicApi.Events","Event","GooglePlayGames.BasicApi.Events.Event","System.Object"
676283296,"GooglePlayGames.BasicApi.Events","EventVisibility","GooglePlayGames.BasicApi.Events.EventVisibility","System.Enum"
-2128722042,"GooglePlayGames.BasicApi.Events","IEvent","GooglePlayGames.BasicApi.Events.IEvent",""
-487883686,"GooglePlayGames.BasicApi.Events","IEventsClient","GooglePlayGames.BasicApi.Events.IEventsClient",""
-2046519387,"GooglePlayGames.BasicApi","FriendsListVisibilityStatus","GooglePlayGames.BasicApi.FriendsListVisibilityStatus","System.Enum"
-1019608857,"GooglePlayGames.BasicApi","Gravity","GooglePlayGames.BasicApi.Gravity","System.Enum"
-1186251575,"GooglePlayGames.BasicApi","IPlayGamesClient","GooglePlayGames.BasicApi.IPlayGamesClient",""
1487129415,"GooglePlayGames.BasicApi","LeaderboardCollection","GooglePlayGames.BasicApi.LeaderboardCollection","System.Enum"
-22584369,"GooglePlayGames.BasicApi","LeaderboardScoreData","GooglePlayGames.BasicApi.LeaderboardScoreData","System.Object"
1127795528,"GooglePlayGames.BasicApi","LeaderboardStart","GooglePlayGames.BasicApi.LeaderboardStart","System.Enum"
-2040000139,"GooglePlayGames.BasicApi","LeaderboardTimeSpan","GooglePlayGames.BasicApi.LeaderboardTimeSpan","System.Enum"
2130932452,"GooglePlayGames.BasicApi","LoadFriendsStatus","GooglePlayGames.BasicApi.LoadFriendsStatus","System.Enum"
-1825398902,"GooglePlayGames.BasicApi.Nearby","AdvertisingResult","GooglePlayGames.BasicApi.Nearby.AdvertisingResult","System.ValueType"
-766149093,"GooglePlayGames.BasicApi.Nearby","ConnectionRequest","GooglePlayGames.BasicApi.Nearby.ConnectionRequest","System.ValueType"
1184727721,"GooglePlayGames.BasicApi.Nearby","ConnectionResponse","GooglePlayGames.BasicApi.Nearby.ConnectionResponse","System.ValueType"
1008982439,"","Status","GooglePlayGames.BasicApi.Nearby.ConnectionResponse/Status","System.Enum"
-1546921357,"GooglePlayGames.BasicApi.Nearby","DummyNearbyConnectionClient","GooglePlayGames.BasicApi.Nearby.DummyNearbyConnectionClient","System.Object"
-2144450039,"GooglePlayGames.BasicApi.Nearby","EndpointDetails","GooglePlayGames.BasicApi.Nearby.EndpointDetails","System.ValueType"
-2087405856,"GooglePlayGames.BasicApi.Nearby","IDiscoveryListener","GooglePlayGames.BasicApi.Nearby.IDiscoveryListener",""
-1419542722,"GooglePlayGames.BasicApi.Nearby","IMessageListener","GooglePlayGames.BasicApi.Nearby.IMessageListener",""
161345473,"GooglePlayGames.BasicApi.Nearby","INearbyConnectionClient","GooglePlayGames.BasicApi.Nearby.INearbyConnectionClient",""
-1360040327,"GooglePlayGames.BasicApi.Nearby","InitializationStatus","GooglePlayGames.BasicApi.Nearby.InitializationStatus","System.Enum"
-641659159,"GooglePlayGames.BasicApi.Nearby","NearbyConnectionConfiguration","GooglePlayGames.BasicApi.Nearby.NearbyConnectionConfiguration","System.ValueType"
-338225944,"GooglePlayGames.BasicApi","PlayGamesClientConfiguration","GooglePlayGames.BasicApi.PlayGamesClientConfiguration","System.ValueType"
-307030712,"","Builder","GooglePlayGames.BasicApi.PlayGamesClientConfiguration/Builder","System.Object"
1017218546,"GooglePlayGames.BasicApi","Player","GooglePlayGames.BasicApi.Player","GooglePlayGames.PlayGamesUserProfile"
975723774,"GooglePlayGames.BasicApi","PlayerProfile","GooglePlayGames.BasicApi.PlayerProfile","GooglePlayGames.PlayGamesUserProfile"
-1100451518,"GooglePlayGames.BasicApi","PlayerStats","GooglePlayGames.BasicApi.PlayerStats","System.Object"
1233066035,"GooglePlayGames.BasicApi","ResponseStatus","GooglePlayGames.BasicApi.ResponseStatus","System.Enum"
678334403,"GooglePlayGames.BasicApi.SavedGame","ConflictCallback","GooglePlayGames.BasicApi.SavedGame.ConflictCallback","System.MulticastDelegate"
-2138300488,"GooglePlayGames.BasicApi.SavedGame","ConflictResolutionStrategy","GooglePlayGames.BasicApi.SavedGame.ConflictResolutionStrategy","System.Enum"
-1140374015,"GooglePlayGames.BasicApi.SavedGame","IConflictResolver","GooglePlayGames.BasicApi.SavedGame.IConflictResolver",""
1327802021,"GooglePlayGames.BasicApi.SavedGame","ISavedGameClient","GooglePlayGames.BasicApi.SavedGame.ISavedGameClient",""
-833260758,"GooglePlayGames.BasicApi.SavedGame","ISavedGameMetadata","GooglePlayGames.BasicApi.SavedGame.ISavedGameMetadata",""
73876524,"GooglePlayGames.BasicApi.SavedGame","SavedGameMetadataUpdate","GooglePlayGames.BasicApi.SavedGame.SavedGameMetadataUpdate","System.ValueType"
-307030712,"","Builder","GooglePlayGames.BasicApi.SavedGame.SavedGameMetadataUpdate/Builder","System.ValueType"
238355163,"GooglePlayGames.BasicApi.SavedGame","SavedGameRequestStatus","GooglePlayGames.BasicApi.SavedGame.SavedGameRequestStatus","System.Enum"
2037398973,"GooglePlayGames.BasicApi.SavedGame","SelectUIStatus","GooglePlayGames.BasicApi.SavedGame.SelectUIStatus","System.Enum"
1922950483,"GooglePlayGames.BasicApi","ScorePageDirection","GooglePlayGames.BasicApi.ScorePageDirection","System.Enum"
404871344,"GooglePlayGames.BasicApi","ScorePageToken","GooglePlayGames.BasicApi.ScorePageToken","System.Object"
-649214586,"GooglePlayGames.BasicApi","SignInHelper","GooglePlayGames.BasicApi.SignInHelper","System.Object"
297804408,"GooglePlayGames.BasicApi","SignInInteractivity","GooglePlayGames.BasicApi.SignInInteractivity","System.Enum"
1481503678,"GooglePlayGames.BasicApi","SignInStatus","GooglePlayGames.BasicApi.SignInStatus","System.Enum"
-817335487,"GooglePlayGames.BasicApi","UIStatus","GooglePlayGames.BasicApi.UIStatus","System.Enum"
-345503224,"GooglePlayGames.BasicApi.Video","CaptureOverlayStateListener","GooglePlayGames.BasicApi.Video.CaptureOverlayStateListener",""
371143906,"GooglePlayGames.BasicApi.Video","IVideoClient","GooglePlayGames.BasicApi.Video.IVideoClient",""
-1895376302,"GooglePlayGames.BasicApi.Video","VideoCapabilities","GooglePlayGames.BasicApi.Video.VideoCapabilities","System.Object"
-2057008898,"","<>c","GooglePlayGames.BasicApi.Video.VideoCapabilities/<>c","System.Object"
482406962,"GooglePlayGames.BasicApi.Video","VideoCaptureState","GooglePlayGames.BasicApi.Video.VideoCaptureState","System.Object"
-1268034219,"GooglePlayGames.BasicApi","VideoCaptureMode","GooglePlayGames.BasicApi.VideoCaptureMode","System.Enum"
-1115437687,"GooglePlayGames.BasicApi","VideoCaptureOverlayState","GooglePlayGames.BasicApi.VideoCaptureOverlayState","System.Enum"
514138415,"GooglePlayGames.BasicApi","VideoQualityLevel","GooglePlayGames.BasicApi.VideoQualityLevel","System.Enum"
-1242040250,"GooglePlayGames","GameInfo","GooglePlayGames.GameInfo","System.Object"
-631374345,"GooglePlayGames","NearbyConnectionClientFactory","GooglePlayGames.NearbyConnectionClientFactory","System.Object"
-2082826226,"GooglePlayGames.OurUtils","Logger","GooglePlayGames.OurUtils.Logger","System.Object"
-2057008898,"","<>c","GooglePlayGames.OurUtils.Logger/<>c","System.Object"
-181531879,"","<>c__DisplayClass10_0","GooglePlayGames.OurUtils.Logger/<>c__DisplayClass10_0","System.Object"
-1994961683,"","<>c__DisplayClass8_0","GooglePlayGames.OurUtils.Logger/<>c__DisplayClass8_0","System.Object"
-1763386017,"","<>c__DisplayClass9_0","GooglePlayGames.OurUtils.Logger/<>c__DisplayClass9_0","System.Object"
-564623944,"GooglePlayGames.OurUtils","Misc","GooglePlayGames.OurUtils.Misc","System.Object"
-744975674,"GooglePlayGames.OurUtils","NearbyHelperObject","GooglePlayGames.OurUtils.NearbyHelperObject","UnityEngine.MonoBehaviour"
-1352404592,"GooglePlayGames.OurUtils","PlatformUtils","GooglePlayGames.OurUtils.PlatformUtils","System.Object"
-610605811,"GooglePlayGames.OurUtils","PlayGamesHelperObject","GooglePlayGames.OurUtils.PlayGamesHelperObject","UnityEngine.MonoBehaviour"
-181531879,"","<>c__DisplayClass10_0","GooglePlayGames.OurUtils.PlayGamesHelperObject/<>c__DisplayClass10_0","System.Object"
-1420777777,"GooglePlayGames","PlayGamesAchievement","GooglePlayGames.PlayGamesAchievement","System.Object"
854621860,"GooglePlayGames","PlayGamesClientFactory","GooglePlayGames.PlayGamesClientFactory","System.Object"
-274020251,"GooglePlayGames","PlayGamesLeaderboard","GooglePlayGames.PlayGamesLeaderboard","System.Object"
1752832962,"GooglePlayGames","PlayGamesLocalUser","GooglePlayGames.PlayGamesLocalUser","GooglePlayGames.PlayGamesUserProfile"
-753764824,"","<>c__DisplayClass28_0","GooglePlayGames.PlayGamesLocalUser/<>c__DisplayClass28_0","System.Object"
-1690614117,"GooglePlayGames","PlayGamesPlatform","GooglePlayGames.PlayGamesPlatform","System.Object"
-2057008898,"","<>c","GooglePlayGames.PlayGamesPlatform/<>c","System.Object"
197251606,"","<>c__87`1","GooglePlayGames.PlayGamesPlatform/<>c__87`1","System.Object"
628481769,"","<>c__DisplayClass26_0","GooglePlayGames.PlayGamesPlatform/<>c__DisplayClass26_0","System.Object"
265116531,"","<>c__DisplayClass32_0","GooglePlayGames.PlayGamesPlatform/<>c__DisplayClass32_0","System.Object"
-1877159800,"","<>c__DisplayClass33_0","GooglePlayGames.PlayGamesPlatform/<>c__DisplayClass33_0","System.Object"
-1368853924,"","<>c__DisplayClass34_0","GooglePlayGames.PlayGamesPlatform/<>c__DisplayClass34_0","System.Object"
1449735705,"","<>c__DisplayClass43_0","GooglePlayGames.PlayGamesPlatform/<>c__DisplayClass43_0","System.Object"
339381303,"","<>c__DisplayClass48_0","GooglePlayGames.PlayGamesPlatform/<>c__DisplayClass48_0","System.Object"
-1171671998,"","<>c__DisplayClass54_0","GooglePlayGames.PlayGamesPlatform/<>c__DisplayClass54_0","System.Object"
1363384660,"","<>c__DisplayClass55_0","GooglePlayGames.PlayGamesPlatform/<>c__DisplayClass55_0","System.Object"
96460348,"","<>c__DisplayClass59_0","GooglePlayGames.PlayGamesPlatform/<>c__DisplayClass59_0","System.Object"
-81002286,"","<>c__DisplayClass71_0","GooglePlayGames.PlayGamesPlatform/<>c__DisplayClass71_0","System.Object"
-1338169825,"","<>c__DisplayClass83_0","GooglePlayGames.PlayGamesPlatform/<>c__DisplayClass83_0","System.Object"
1625793060,"","<>c__DisplayClass86_0`1","GooglePlayGames.PlayGamesPlatform/<>c__DisplayClass86_0`1","System.Object"
1177413643,"","<>c__DisplayClass87_0`1","GooglePlayGames.PlayGamesPlatform/<>c__DisplayClass87_0`1","System.Object"
1096947395,"","<>c__DisplayClass87_1`1","GooglePlayGames.PlayGamesPlatform/<>c__DisplayClass87_1`1","System.Object"
1965194333,"GooglePlayGames","PlayGamesScore","GooglePlayGames.PlayGamesScore","System.Object"
-27630816,"GooglePlayGames","PlayGamesUserProfile","GooglePlayGames.PlayGamesUserProfile","System.Object"
1642733569,"","<LoadImage>d__23","GooglePlayGames.PlayGamesUserProfile/<LoadImage>d__23","System.Object"
-1307199573,"GooglePlayGames","PluginVersion","GooglePlayGames.PluginVersion","System.Object"
-1337677856,"GooglePlayGames","ReportProgress","GooglePlayGames.ReportProgress","System.MulticastDelegate"
551571588,"GooglePlayGames","TokenClient","GooglePlayGames.TokenClient",""
-856042337,"","Grenade","Grenade","PhysicalAmmoWeapon"
1670963139,"","GrenadeAmmo","GrenadeAmmo","GrenadeAmmoContent"
109033741,"","GrenadeAmmoBase","GrenadeAmmoBase","PhysicalAmmo"
2079608979,"","MOIPIIPBMLN","GrenadeAmmoBase/MOIPIIPBMLN","System.Enum"
95558243,"","GrenadeAmmoBaseSetup","GrenadeAmmoBaseSetup","ExplosiveSetup"
-2100564888,"","GrenadeAmmoContent","GrenadeAmmoContent","Core_BaseScript"
-1226274423,"","GrenadeAmmoEnemy","GrenadeAmmoEnemy","GrenadeAmmo"
-273704603,"","GrenadeAmmoSetup","GrenadeAmmoSetup","GrenadeAmmoBaseSetup"
-983214835,"","GrenadeLauncher","GrenadeLauncher","Grenade"
1422450401,"","GrenadeLevelsSetup","GrenadeLevelsSetup","WeaponLevelsSetup"
-246030376,"","GuiElement","GuiElement","SwitchableGui"
-1983514740,"","APMGJLEPHIJ","GuiElement/APMGJLEPHIJ","System.Object"
1241142872,"","HEIOFGOIOGM","GuiElement/HEIOFGOIOGM","System.Object"
592557218,"","GuiElementSingle`1","GuiElementSingle`1","GuiElement"
35273328,"","GuiFocusManager","GuiFocusManager","UnityEngine.MonoBehaviour"
-214880415,"","GuiManager","GuiManager","Singleton`1<GuiManager>"
-1370070696,"","AHPOFFMCEFI","GuiManager/AHPOFFMCEFI","System.Object"
-258697617,"","GuiReflectionManaging","GuiReflectionManaging","Core_BaseScript"
-364475485,"","EGJPEEFOAHI","GuiReflectionManaging/EGJPEEFOAHI","System.Enum"
-1962124141,"","Reflection","GuiReflectionManaging/Reflection","System.Object"
-1391753250,"","GuiRoot","GuiRoot","Core_BaseScript"
1369364133,"","DBLKOFIJMLF","GuiRoot/DBLKOFIJMLF","System.Object"
1961253309,"","GuiScreen","GuiScreen","SwitchableGui"
-1169225159,"","DLKPELCAGDH","GuiScreen/DLKPELCAGDH","System.Enum"
-2065262030,"","NPBIGDIGICK","GuiScreen/NPBIGDIGICK","System.Enum"
-1896963646,"","GuiScreenSingle`1","GuiScreenSingle`1","GuiScreen"
-747403376,"","GuiTexureAssets","GuiTexureAssets","Singleton`1<GuiTexureAssets>"
1662383224,"","Gun","Gun","Weapon"
-1896348753,"","GyroController","GyroController","UnityEngine.MonoBehaviour"
2081557169,"","HAFPDBHMFDF","HAFPDBHMFDF","System.Object"
-422632585,"","HAIMBBFOCIH","HAIMBBFOCIH","System.Object"
-2057008898,"","<>c","HAIMBBFOCIH/<>c","System.Object"
1318115153,"","CPIMDGBMMOH","HAIMBBFOCIH/CPIMDGBMMOH","System.Object"
-1368682974,"","HOKGEGJIENP","HAIMBBFOCIH/HOKGEGJIENP","System.Object"
-1135850827,"","HAKHANCCENA","HAKHANCCENA",""
-196651433,"","HANIBKPECPD","HANIBKPECPD","NIAGGCHHKGI"
-846016165,"","HBCHHPDMMDC","HBCHHPDMMDC","System.Enum"
-592274798,"","HBDDKLKFPGG","HBDDKLKFPGG","ENDMPOFHMLN"
911597335,"","HBMIGBHPLOK","HBMIGBHPLOK","System.Enum"
434297715,"","HBNCMLECAJO","HBNCMLECAJO","System.Object"
-1266112870,"","HCCODOBOCGH","HCCODOBOCGH","EventAssignment"
1513319748,"","HCJPFGKKDHE","HCJPFGKKDHE","System.Object"
1173116485,"","HDKCHGFEFIK","HDKCHGFEFIK","PBANCHJOOGI"
-1189635078,"","HEGHEKNGPMP","HEGHEKNGPMP","GIFNNKNKCMA"
-1304555290,"","HFNJGCGCKJE","HFNJGCGCKJE","GIFNNKNKCMA"
-1753668891,"","HFOFJNNBODE","HFOFJNNBODE","BNIINCONFHO"
-1108342373,"","HFOMMJIMIGN","HFOMMJIMIGN","System.Enum"
727293756,"","HFPHLNKCLDP","HFPHLNKCLDP","ODLKOCCPNHL"
-2024835735,"","HGJDEOHIFDP","HGJDEOHIFDP","NFGOAECKCLI"
-1363353197,"","HHCCNHBLBJI","HHCCNHBLBJI","JBOCEJCLEGN"
-2055805103,"","HHDPCBMDPBG","HHDPCBMDPBG","GIFNNKNKCMA"
-2057008898,"","<>c","HHDPCBMDPBG/<>c","System.Object"
587216688,"","HHIPAFPPJPK","HHIPAFPPJPK","System.Enum"
-1656616705,"","HHKLMPHEBFH","HHKLMPHEBFH","System.Object"
-473309176,"","HHMEDJPMOCP","HHMEDJPMOCP","System.Object"
-746490011,"","HHNEFPMKIFL","HHNEFPMKIFL","NCBOCAKFEMN"
243729350,"","HICNJOEFFJO","HICNJOEFFJO","ACNGDCINJEP"
1270829384,"","HIGFAFCKLFD","HIGFAFCKLFD","System.Object"
1767230521,"","HIGPNIEBGDB","HIGPNIEBGDB","GKILEOGBLMO"
810480288,"","HILJIFOBJNE","HILJIFOBJNE","LJFCNLKOMLH"
-705983285,"","HJMGOBIKIJF","HJMGOBIKIJF","GJKDKLFKKHK"
19560376,"","HJMOJIHMIMO","HJMOJIHMIMO","LBEKLOCAOBI"
1087958645,"","HKEHJCNBCIH","HKEHJCNBCIH","GIFNNKNKCMA"
-1172603436,"","HKKABLNEHLL","HKKABLNEHLL","ENBDICAOCON"
440114896,"","HKMPELLCDDI","HKMPELLCDDI","System.Enum"
-1191047920,"","HLKAOELKEIG","HLKAOELKEIG",""
-1784555479,"","HLNEIOEOKOE","HLNEIOEOKOE","ACNGDCINJEP"
714563992,"","HLOILAOKEAO","HLOILAOKEAO","GIFNNKNKCMA"
3823253,"","HMDLMPOPKKO","HMDLMPOPKKO","KCGOEIPBJIL"
171108088,"","HMHGNPCELCO","HMHGNPCELCO","GIFNNKNKCMA"
384705324,"","HMNELLFONEH","HMNELLFONEH","StarterAssignment"
475541860,"","HMNHIFAHMHF","HMNHIFAHMHF","GFIECHBOANM<EICMIJHGHGC>"
434309287,"","HNAHANEFAGD","HNAHANEFAGD","System.Object"
368532850,"","HOAIKCPICPB","HOAIKCPICPB","System.Object"
-1871674280,"","HOOGDPECJGE","HOOGDPECJGE","ACNGDCINJEP"
298999774,"","PLGBNMJAAEI","HOOGDPECJGE/PLGBNMJAAEI","System.Object"
-152470942,"","HOPENDPOGOD","HOPENDPOGOD","System.Object"
-2057008898,"","<>c","HOPENDPOGOD/<>c","System.Object"
-2015690349,"","EPGKOHFJOGP","HOPENDPOGOD/EPGKOHFJOGP","System.Object"
28369919,"","HPAONDMGHOJ","HPAONDMGHOJ",""
-240552726,"","HPCGNACHCCI","HPCGNACHCCI","System.Object"
178005466,"","MEEMBOEIOMP","HPCGNACHCCI/MEEMBOEIOMP","System.Enum"
1018128255,"","PNGLNGOAADF","HPCGNACHCCI/PNGLNGOAADF","System.MulticastDelegate"
266199535,"","HPHFGNJPDKN","HPHFGNJPDKN","System.Enum"
-1964288583,"","Hammer","Hammer","Weapon"
1335515906,"","EBBCHMDOMJN","Hammer/EBBCHMDOMJN","System.Object"
2067582818,"","Havoc","Havoc","MechanicalUnit`1<HavocBehaviour>"
-1950011747,"","EEHHNHGNCBM","Havoc/EEHHNHGNCBM","System.Object"
-873591298,"","FCBMKCDMMHN","Havoc/FCBMKCDMMHN","System.Object"
-1905154434,"","KBDPANLCCKN","Havoc/KBDPANLCCKN","System.Object"
394729852,"","HavocBehaviour","HavocBehaviour","HavocBehaviourG`1<HavocBehaviourDefinititon>"
-974668280,"","HavocBehaviourDefinititon","HavocBehaviourDefinititon","VehicleBehaviourDefinititon"
1973882443,"","HavocBehaviourG`1","HavocBehaviourG`1","VehicleBehaviour"
1937470841,"","HeadSizeSetter","HeadSizeSetter","UnityEngine.MonoBehaviour"
-760346736,"","HeaderButton","HeaderButton","GuiElement"
-2018892117,"","PMAPBMILBKB","HeaderButton/PMAPBMILBKB","System.Enum"
253187007,"","HeaderDogtagButton","HeaderDogtagButton","GuiElementSingle`1<HeaderDogtagButton>"
-2057008898,"","<>c","HeaderDogtagButton/<>c","System.Object"
-849407961,"","HeaderEliteFinisherPart","HeaderEliteFinisherPart","Core_BaseScript"
-2057008898,"","<>c","HeaderEliteFinisherPart/<>c","System.Object"
486870071,"","HeaderEventButton","HeaderEventButton","GuiElementSingle`1<HeaderEventButton>"
485371440,"","HIEMIJCHFON","HeaderEventButton/HIEMIJCHFON","System.Enum"
-1503670170,"","HeaderEventPart","HeaderEventPart","Core_BaseScript"
-1739395679,"","LNOBLCCJHMJ","HeaderEventPart/LNOBLCCJHMJ","System.Enum"
1916798474,"","HeaderIcon","HeaderIcon","System.Enum"
1976704757,"","HeaderLeagueButton","HeaderLeagueButton","GuiElementSingle`1<HeaderLeagueButton>"
-239171582,"","FCCGGALAAPI","HeaderLeagueButton/FCCGGALAAPI","System.Object"
-695164767,"","HeaderPackPart","HeaderPackPart","Core_BaseScript"
-965283874,"","HeaderPiggyPart","HeaderPiggyPart","Core_BaseScript"
1989536038,"","HeaderRentalPart","HeaderRentalPart","Core_BaseScript"
-1759862329,"","HeaderSalePart","HeaderSalePart","Core_BaseScript"
-326215632,"","BLNPLKHIMMH","HeaderSalePart/BLNPLKHIMMH","System.Enum"
1656784186,"","HeaderTicketsButton","HeaderTicketsButton","GuiElementSingle`1<HeaderTicketsButton>"
-498082551,"","HealEffectGUI","HealEffectGUI","SuperChargedEffectGUIBase"
-1766105740,"","HealthBarManager","HealthBarManager","GeneratedObjectManager"
97242516,"","Healthbar","Healthbar","GeneratedGameObject"
-767563641,"","MOAJNNCOLPB","Healthbar/MOAJNNCOLPB","System.Enum"
1738693310,"","HeavyTurret","HeavyTurret","TurretBase`2<HeavyTurretBehaviour,HeavyTurretBehaviourDefinititon>"
-2096403047,"","HeavyTurretBehaviour","HeavyTurretBehaviour","TurretBaseBehaviourG`1<HeavyTurretBehaviourDefinititon>"
945331620,"","HeavyTurretBehaviourDefinititon","HeavyTurretBehaviourDefinititon","VehicleBehaviourDefinititon"
2086435290,"","Heli`1","Heli`1","Vehicle`1<T>"
-1496781133,"","Helicopter","Helicopter","Vehicle`1<HelicopterBehaviour>"
-2099512604,"","JGCBLPLBIID","Helicopter/JGCBLPLBIID","System.Object"
-1332155476,"","HelicopterBehaviour","HelicopterBehaviour","HelicopterBehaviourG`1<HelicopterBehaviourDefinititon>"
-1633678864,"","HelicopterBehaviourDefinititon","HelicopterBehaviourDefinititon","VehicleBehaviourDefinititon"
-774270551,"","HelicopterBehaviourG`1","HelicopterBehaviourG`1","VehicleBehaviour"
1654001457,"","HelicopterMotor","HelicopterMotor","UnityEngine.MonoBehaviour"
1405143001,"","HeroicButton","HeroicButton","Core_BaseScript"
1718304525,"","DGEKBCDHHFG","HeroicButton/DGEKBCDHHFG","System.Object"
-1038929904,"","JOCNJMEJNCG","HeroicButton/JOCNJMEJNCG","System.Enum"
43688663,"","PHEEEHJAFIE","HeroicButton/PHEEEHJAFIE","System.Object"
2113525295,"","HeroicRewardRecord","HeroicRewardRecord","Core_BaseScript"
468204033,"","CADAJINAJLN","HeroicRewardRecord/CADAJINAJLN","System.Object"
1090892168,"","HeroicScreen","HeroicScreen","GuiScreenSingle`1<HeroicScreen>"
-2057008898,"","<>c","HeroicScreen/<>c","System.Object"
567505867,"","IDDHAPMEHFI","HeroicScreen/IDDHAPMEHFI","System.Object"
-279135341,"","MPLFFHGMBDJ","HeroicScreen/MPLFFHGMBDJ","System.Object"
871025844,"","HexPackRecord","HexPackRecord","Core_BaseScript"
-321211274,"","HexRecord","HexRecord","Core_BaseScript"
1403855184,"","HitParticleSystem","HitParticleSystem","Singleton`1<HitParticleSystem>"
1317987042,"","HitParticles","HitParticles","Core_BaseScript"
-461626035,"","BGCPLNGOFBJ","HitParticles/BGCPLNGOFBJ","System.Object"
-1098712460,"","KJCFPCEEBDD","HitParticles/KJCFPCEEBDD","System.Object"
-1789996695,"","MOBMKLNDPKO","HitParticles/MOBMKLNDPKO","System.Enum"
-1787069217,"","HudFps","HudFps","UnityEngine.MonoBehaviour"
2132422752,"","IFIEPOKELFP","HudFps/IFIEPOKELFP","System.Object"
-558665505,"","HudObjectIndicator","HudObjectIndicator","Core_BaseScript"
-299858879,"","AHDICLMALBH","HudObjectIndicator/AHDICLMALBH","System.Object"
-1357041295,"","IHGLLAMBPEF","HudObjectIndicator/IHGLLAMBPEF","System.Object"
1407801509,"","JHLFHMBHLAD","HudObjectIndicator/JHLFHMBHLAD","System.Object"
1882118391,"","KMKILGDGBML","HudObjectIndicator/KMKILGDGBML","System.Object"
696225072,"","LFLDOGMBACB","HudObjectIndicator/LFLDOGMBACB","System.Enum"
-1076622214,"","NONOJCBJHCB","HudObjectIndicator/NONOJCBJHCB","System.Object"
-756423751,"","HudObjectIndicator2D","HudObjectIndicator2D","PoolableObject"
98769958,"","HudScreen","HudScreen","GuiScreenSingle`1<HudScreen>"
-2057008898,"","<>c","HudScreen/<>c","System.Object"
1952074986,"","JHGMKHIEKFI","HudScreen/JHGMKHIEKFI","System.Object"
652224264,"","JHMHPOGEGPL","HudScreen/JHMHPOGEGPL","System.Object"
-1020839206,"","MDEJBDNOGNO","HudScreen/MDEJBDNOGNO","System.Object"
1637648624,"","PDGHIBFMNHO","HudScreen/PDGHIBFMNHO","System.Object"
-992185839,"","IALDCDLPPCL","IALDCDLPPCL","GIFNNKNKCMA"
-2057008898,"","<>c","IALDCDLPPCL/<>c","System.Object"
-1186937768,"","IAPOJKJPOIA","IAPOJKJPOIA","NFGOAECKCLI"
1827253931,"","IAPsOfferDialog","IAPsOfferDialog","GuiElementSingle`1<IAPsOfferDialog>"
1689791458,"","HHCEBNIHPFH","IAPsOfferDialog/HHCEBNIHPFH","System.Enum"
-1457137288,"","IBBIPAEFBBG","IBBIPAEFBBG","EventAssignment"
-1178082134,"","MOCOEBMJBMO","IBBIPAEFBBG/MOCOEBMJBMO","System.Enum"
1421212276,"","IBFMOMDLFEP","IBFMOMDLFEP",""
1742858080,"","IBKCMNFFNOH","IBKCMNFFNOH","GIFNNKNKCMA"
-1304079610,"","IBKKGCIJIHC","IBKKGCIJIHC","BNIINCONFHO"
1057436729,"","IBMHKHLJJNA","IBMHKHLJJNA","System.Enum"
-863337794,"","ICHBAJOHDJC","ICHBAJOHDJC","System.Enum"
-1140937885,"","ICNCHLIDPJA","ICNCHLIDPJA","WeaponFeature"
-1557971901,"","ICNHPLINAGA","ICNHPLINAGA","BNIINCONFHO"
399057911,"","IDCFPFCMKOG","IDCFPFCMKOG","System.Enum"
1712972649,"","IDLDIGDFBOD","IDLDIGDFBOD","System.Object"
789908833,"","IDMAJEAFNJO","IDMAJEAFNJO","System.Enum"
-1276824182,"","IFIEKAAGPOM","IFIEKAAGPOM","BNIINCONFHO"
-311975865,"","IFKJENAJKDC","IFKJENAJKDC","NIAGGCHHKGI"
353854789,"","IGCPAPBOODO","IGCPAPBOODO","AAIAMFCJJBK"
1839471239,"","IGFLBDLPDDN","IGFLBDLPDDN","GIFNNKNKCMA"
-1448576126,"","IGameController","IGameController","Core_BaseScript"
1180431069,"","IHBEBEACLKL","IHBEBEACLKL","GIFNNKNKCMA"
-49704457,"","IHHFCGIMJGJ","IHHFCGIMJGJ","HGJDEOHIFDP"
-741406586,"","IHHJIBENLBN","IHHJIBENLBN","GJKDKLFKKHK"
2041713973,"","IHHMIGMEHKJ","IHHMIGMEHKJ","System.Object"
1299058851,"","MHNMMKAJMEF","IHHMIGMEHKJ/MHNMMKAJMEF","System.Object"
-1527404122,"","IHLACFDHCPF","IHLACFDHCPF","System.Object"
650976150,"","BMPMHFMMHLJ","IHLACFDHCPF/BMPMHFMMHLJ","System.Object"
662575907,"","IIBPJCHLBMG","IIBPJCHLBMG","EKPCGOCAPPH"
12487236,"","IINGPGFCPEC","IINGPGFCPEC","PBANCHJOOGI"
1657482571,"","IKIAOCOANHH","IKIAOCOANHH","PBANCHJOOGI"
-286007836,"","ILGOLBDGCLI","ILGOLBDGCLI","System.Enum"
-1604843537,"","ILHCLPMHJLA","ILHCLPMHJLA","GIFNNKNKCMA"
1171267057,"","ILJBJPLEHMG","ILJBJPLEHMG","GFIECHBOANM<GGNOBJBNCLI>"
2113492494,"","ILMNLIKCJPO","ILMNLIKCJPO","BNIINCONFHO"
600674206,"","ILPAFCPLOJK","ILPAFCPLOJK","ACNGDCINJEP"
1863726073,"","IMJLFKOHNLO","IMJLFKOHNLO","GIFNNKNKCMA"
1194772849,"","INCKMEPMEMO","INCKMEPMEMO","GIFNNKNKCMA"
824069726,"","IOADBAPLJHM","IOADBAPLJHM","NFGOAECKCLI"
-955462296,"","IOEKBOMGBLD","IOEKBOMGBLD","ODLKOCCPNHL"
-566847121,"","IPCNKJLOEOE","IPCNKJLOEOE","ODLKOCCPNHL"
-790165268,"","IPGHMELJPAH","IPGHMELJPAH","System.Object"
548667063,"","IPKIAILCGJF","IPKIAILCGJF","EventAssignment"
-405198897,"","IPKPPGLAIDD","IPKPPGLAIDD","NNALAPPHPNG"
724324159,"","ImmortalityChanceEffectGUI","ImmortalityChanceEffectGUI","SuperChargedEffectGUIBase"
-321975986,"","InAppDataManager","InAppDataManager","DatabaseSerializedObjectGeneric`1<InAppDataManager/InAppData>"
-1637222924,"","<>c__DisplayClass56_0","InAppDataManager/<>c__DisplayClass56_0","System.Object"
237873530,"","InAppData","InAppDataManager/InAppData","System.Object"
-461988830,"","InAppInfo","InAppDataManager/InAppInfo","System.Object"
1306330316,"","InappDefinition","InAppDataManager/InappDefinition","System.Object"
-1755033620,"","InGameMessageDialog","InGameMessageDialog","GuiElementSingle`1<InGameMessageDialog>"
-287448465,"","IAKNHBNHIOG","InGameMessageDialog/IAKNHBNHIOG","System.Enum"
913534038,"","ONONKANBKCB","InGameMessageDialog/ONONKANBKCB","System.Object"
745714754,"","InGameMessageReward","InGameMessageReward","Core_BaseScript"
27980765,"","InGameSerializedObject","InGameSerializedObject","Core_BaseScript"
819101838,"","InGameSerializedObjectGeneric`1","InGameSerializedObjectGeneric`1","InGameSerializedObject"
-871250387,"","InappBlackMarket","InappBlackMarket","Core_BaseScript"
-1826997067,"","LDCMHEJGODH","InappBlackMarket/LDCMHEJGODH","System.Object"
-1644908855,"","LPOGCAOBNKO","InappBlackMarket/LPOGCAOBNKO","System.Object"
-1411482030,"","InappButton","InappButton","UnityEngine.MonoBehaviour"
1674074438,"","InappButtonSpecial","InappButtonSpecial","InappButton"
1696430213,"","InappCardPacks","InappCardPacks","Core_BaseScript"
-1075096374,"","KBLMBPAAKBO","InappCardPacks/KBLMBPAAKBO","System.Object"
1726342915,"","LPABIAJKEPD","InappCardPacks/LPABIAJKEPD","System.Object"
-1508929643,"","InappCrates","InappCrates","Core_BaseScript"
-1598724478,"","GPEAMFAOKFO","InappCrates/GPEAMFAOKFO","System.Object"
-1326942462,"","NHHONHECCCN","InappCrates/NHHONHECCCN","System.Object"
-1468411083,"","InappGold","InappGold","Core_BaseScript"
-980688447,"","CDNAELPFOID","InappGold/CDNAELPFOID","System.Object"
-256008794,"","InappLootboxes","InappLootboxes","Core_BaseScript"
1516182300,"","FMHPOONLFMB","InappLootboxes/FMHPOONLFMB","System.Object"
772668203,"","KEMGLCHJDKF","InappLootboxes/KEMGLCHJDKF","System.Object"
-1233792236,"","NKADNBOIJPH","InappLootboxes/NKADNBOIJPH","System.Object"
-1466464630,"","InappLoyalty","InappLoyalty","Core_BaseScript"
-803307691,"","HODGNLJCJOI","InappLoyalty/HODGNLJCJOI","System.Object"
384847536,"","JCENDIDFAMA","InappLoyalty/JCENDIDFAMA","System.Object"
929577543,"","OEIIAODJPBI","InappLoyalty/OEIIAODJPBI","System.Object"
566922485,"","InappOfferBonusGUI","InappOfferBonusGUI","Core_BaseScript"
1401973181,"","InappPacks","InappPacks","Core_BaseScript"
-2052660247,"","LKIDJDJIMIL","InappPacks/LKIDJDJIMIL","System.Object"
-656343978,"","InappScreen","InappScreen","GuiElementSingle`1<InappScreen>"
1020100120,"","HNHDBNKOKGJ","InappScreen/HNHDBNKOKGJ","System.Object"
672480103,"","OBHNBJFDKIA","InappScreen/OBHNBJFDKIA","System.Object"
-1205215336,"","PNLMKGMFIHN","InappScreen/PNLMKGMFIHN","System.Enum"
1337106383,"","InappSubscription","InappSubscription","Core_BaseScript"
-2057008898,"","<>c","InappSubscription/<>c","System.Object"
-913457688,"","NAEDHHHGLBA","InappSubscription/NAEDHHHGLBA","System.Object"
993816798,"","InappVIP","InappVIP","Core_BaseScript"
-1126915607,"","DMEFCLENLFJ","InappVIP/DMEFCLENLFJ","System.Object"
467020823,"","MOKNOMMLBPF","InappVIP/MOKNOMMLBPF","System.Object"
-1782258379,"","InappWarbucks","InappWarbucks","Core_BaseScript"
-233737248,"","KINDGJJMJNC","InappWarbucks/KINDGJJMJNC","System.Object"
379702984,"","IncreaseSquadRankDialog","IncreaseSquadRankDialog","GuiElementSingle`1<IncreaseSquadRankDialog>"
388101951,"","InstantBattleAnimation","InstantBattleAnimation","Core_BaseScript"
-877531532,"","DPILHFFLJMJ","InstantBattleAnimation/DPILHFFLJMJ","System.Object"
-1989134618,"","EnemyDefinition","InstantBattleAnimation/EnemyDefinition","System.Object"
-1542823685,"","KFAJEPNIHNP","InstantBattleAnimation/KFAJEPNIHNP","System.Object"
217555099,"","PBMCCPHEECC","InstantBattleAnimation/PBMCCPHEECC","System.Object"
-1409663973,"","InstantBattleButton","InstantBattleButton","Core_BaseScript"
-1355167682,"","InstantBattleConfirmDialog","InstantBattleConfirmDialog","GuiElementSingle`1<InstantBattleConfirmDialog>"
-906631018,"","InstantBattleManager","InstantBattleManager","Core_BaseScript"
-101382257,"","InstantBattleResultsDialog","InstantBattleResultsDialog","GuiElementSingle`1<InstantBattleResultsDialog>"
-2057008898,"","<>c","InstantBattleResultsDialog/<>c","System.Object"
1506648096,"","BHFGFGPKGIO","InstantBattleResultsDialog/BHFGFGPKGIO","System.Object"
-2136381901,"","GLHEPGHIPBB","InstantBattleResultsDialog/GLHEPGHIPBB","System.Object"
-1875192150,"","InstantBattleResultsScreen","InstantBattleResultsScreen","GuiScreenSingle`1<InstantBattleResultsScreen>"
-2057008898,"","<>c","InstantBattleResultsScreen/<>c","System.Object"
-1445247140,"","ACOHMBMCIMF","InstantBattleResultsScreen/ACOHMBMCIMF","System.Object"
436477372,"","PNDFKCJBAPC","InstantBattleResultsScreen/PNDFKCJBAPC","System.Object"
1716138334,"","InstantBattleUnlockDialog","InstantBattleUnlockDialog","GuiElementSingle`1<InstantBattleUnlockDialog>"
-163434152,"","InternetConnection","InternetConnection","System.Enum"
1585391355,"","IntroductionDeals","IntroductionDeals","Core_BaseScript"
1894273603,"","MHIEJBKIFCB","IntroductionDeals/MHIEJBKIFCB","System.Object"
-2024611235,"","IntroductionDealsArenaPromo","IntroductionDealsArenaPromo","IntroductionDealsItem"
-800883527,"","IOLDLPKINCO","IntroductionDealsArenaPromo/IOLDLPKINCO","System.Object"
663973791,"","IntroductionDealsDailyGold","IntroductionDealsDailyGold","IntroductionDealsItem"
465052712,"","IntroductionDealsElitePack","IntroductionDealsElitePack","IntroductionDealsItem"
1403027276,"","KMKPCFMPOEE","IntroductionDealsElitePack/KMKPCFMPOEE","System.Object"
1827525417,"","IntroductionDealsEvent","IntroductionDealsEvent","IntroductionDealsItem"
-1429254082,"","IFIMJCJHHOK","IntroductionDealsEvent/IFIMJCJHHOK","System.Object"
212666207,"","JHEGFLJKHBL","IntroductionDealsEvent/JHEGFLJKHBL","System.Object"
-265021958,"","IntroductionDealsItem","IntroductionDealsItem","UnityEngine.MonoBehaviour"
598599541,"","ALKIKCHOGPP","IntroductionDealsItem/ALKIKCHOGPP","System.Enum"
751706281,"","FOJEFAMNAIO","IntroductionDealsItem/FOJEFAMNAIO","System.Object"
695699521,"","GKFINENGANN","IntroductionDealsItem/GKFINENGANN","System.Object"
1505847618,"","KLOMOBEKFCD","IntroductionDealsItem/KLOMOBEKFCD","System.Object"
1511966428,"","WidgetAlpha","IntroductionDealsItem/WidgetAlpha","System.Object"
-768444718,"","IntroductionDealsLimitedOffer","IntroductionDealsLimitedOffer","IntroductionDealsItem"
23279416,"","FAJHECNFDFE","IntroductionDealsLimitedOffer/FAJHECNFDFE","System.Object"
-811381368,"","PGOCPNNLHMA","IntroductionDealsLimitedOffer/PGOCPNNLHMA","System.Object"
-1845669118,"","IntroductionDealsMoneyPack","IntroductionDealsMoneyPack","IntroductionDealsItem"
-172737129,"","CHNFKOCOMHP","IntroductionDealsMoneyPack/CHNFKOCOMHP","System.Object"
25105314,"","IntroductionDealsSpecialOffer","IntroductionDealsSpecialOffer","IntroductionDealsItem"
-1699148751,"","HPJENDHAENB","IntroductionDealsSpecialOffer/HPJENDHAENB","System.Object"
-614941230,"","IntroductionDealsStarterAssignments","IntroductionDealsStarterAssignments","IntroductionDealsItem"
-301447177,"","KFLAKPPPCBE","IntroductionDealsStarterAssignments/KFLAKPPPCBE","System.Object"
444805310,"","IntroductionDealsStarterPack","IntroductionDealsStarterPack","IntroductionDealsItem"
373329019,"","DJIPNOCCMAF","IntroductionDealsStarterPack/DJIPNOCCMAF","System.Object"
-2028217337,"","OJJJLFIPDAC","IntroductionDealsStarterPack/OJJJLFIPDAC","System.Object"
-1674197199,"","IntroductionDealsValuePack","IntroductionDealsValuePack","IntroductionDealsItem"
-454529053,"","IntroductionSquadButton","IntroductionSquadButton","Core_BaseScript"
310809255,"","InvaderContent","InvaderContent","Core_BaseScript"
1931181775,"","InvaderHealthBarGuiElement","InvaderHealthBarGuiElement","GuiElement"
-1054761825,"","GONDJBBMIIM","InvaderHealthBarGuiElement/GONDJBBMIIM","System.Object"
1104339410,"","InvaderShield","InvaderShield","GeneratedGameObject"
-1005752657,"","MBDACONFDMB","InvaderShield/MBDACONFDMB","System.Object"
632798914,"","InvasionDamagerRecord","InvasionDamagerRecord","PoolableObject"
-2062088450,"","KFACCNAIEEK","InvasionDamagerRecord/KFACCNAIEEK","System.Object"
1356383961,"","InvasionEmptyContent","InvasionEmptyContent","Core_BaseScript"
-2057008898,"","<>c","InvasionEmptyContent/<>c","System.Object"
440134846,"","InvasionEndGameDialog","InvasionEndGameDialog","GuiElementSingle`1<InvasionEndGameDialog>"
-1813590661,"","BELNNLHHPNL","InvasionEndGameDialog/BELNNLHHPNL","System.Object"
-1605367743,"","InvasionEventLog","InvasionEventLog","UnityEngine.MonoBehaviour"
110323765,"","PDIHJOCDPNM","InvasionEventLog/PDIHJOCDPNM","System.Object"
-525626184,"","InvasionEventLogRecord","InvasionEventLogRecord","PoolableObject"
-257971494,"","InvasionManager","InvasionManager","DatabaseSerializedObjectGeneric`1<InvasionManager/InvasionData>"
-636065824,"","CHIMMBNDGFK","InvasionManager/CHIMMBNDGFK","System.Object"
-1369580225,"","DamageLogEntry","InvasionManager/DamageLogEntry","System.Object"
248031452,"","EventLogEntry","InvasionManager/EventLogEntry","System.Object"
119096475,"","InvasionData","InvasionManager/InvasionData","System.Object"
578415345,"","InvasionSquadData","InvasionManager/InvasionSquadData","System.Object"
380870301,"","RegularUnit","InvasionManager/RegularUnit","System.Object"
1443382660,"","InvasionReward","InvasionReward","UnityEngine.MonoBehaviour"
-2117632430,"","InvasionRewardDialog","InvasionRewardDialog","GuiElementSingle`1<InvasionRewardDialog>"
-2057008898,"","<>c","InvasionRewardDialog/<>c","System.Object"
-340227085,"","LIPGIHJKGHB","InvasionRewardDialog/LIPGIHJKGHB","System.Object"
-1604345662,"","InvasionRightContent","InvasionRightContent","Core_BaseScript"
498254187,"","DBFHMGPOJJJ","InvasionRightContent/DBFHMGPOJJJ","System.Object"
771110529,"","InvasionSpawnController","InvasionSpawnController","Core_BaseScript"
2068904865,"","HMMEDDMKMOA","InvasionSpawnController/HMMEDDMKMOA","System.Object"
686260448,"","MMNLDOLGOLH","InvasionSpawnController/MMNLDOLGOLH","System.Object"
-2137825101,"","InvasionTopDamagers","InvasionTopDamagers","UnityEngine.MonoBehaviour"
555624788,"","BEIFGNPLCCE","InvasionTopDamagers/BEIFGNPLCCE","System.Object"
1646053843,"","CNFKHALKPCP","InvasionTopDamagers/CNFKHALKPCP","System.Object"
769239671,"","NBMICDCFBFB","InvasionTopDamagers/NBMICDCFBFB","System.Object"
-443503710,"","InventoryGuiElement","InventoryGuiElement","GuiElementSingle`1<InventoryGuiElement>"
-517642333,"","InventoryHintText","InventoryHintText","Core_BaseScript"
1777144498,"","DODMLNDHLNO","InventoryHintText/DODMLNDHLNO","System.Object"
122481140,"","EOPACLABOPB","InventoryHintText/EOPACLABOPB","System.Object"
-1233340491,"","InventoryItem","InventoryItem","PoolableObject"
1870679751,"","GCMGOGHICIO","InventoryItem/GCMGOGHICIO","System.Enum"
283259352,"","InvitationFailedDialog","InvitationFailedDialog","GuiElementSingle`1<InvitationFailedDialog>"
-1472652551,"","InvitationSummaryDialog","InvitationSummaryDialog","GuiElementSingle`1<InvitationSummaryDialog>"
-2057008898,"","<>c","InvitationSummaryDialog/<>c","System.Object"
585887368,"","InvitationsManager","InvitationsManager","Singleton`1<InvitationsManager>"
301943986,"","JAEEIAOINDN","JAEEIAOINDN","EKPCGOCAPPH"
-1927490539,"","JAOLJKGDKKM","JAOLJKGDKKM","System.Enum"
242990415,"","JBEPBGJGPBN","JBEPBGJGPBN","System.Object"
-1979501590,"","JBMAKOLBHJP","JBMAKOLBHJP","EventAssignment"
1965758405,"","JBOCEJCLEGN","JBOCEJCLEGN","NFGOAECKCLI"
-524368632,"","JCDHNBKNBHC","JCDHNBKNBHC","ODLKOCCPNHL"
-2057008898,"","<>c","JCDHNBKNBHC/<>c","System.Object"
2067158435,"","JCEIPOHJCIE","JCEIPOHJCIE",""
-2078944853,"","JCGLGDNNBJE","JCGLGDNNBJE","EventAssignment"
-1499154035,"","JCHCCNNBDME","JCHCCNNBDME","System.Enum"
824376436,"","JCHGFCDFLNC","JCHGFCDFLNC","NCBOCAKFEMN"
1803718049,"","JDNBPPBOFAB","JDNBPPBOFAB","GJKDKLFKKHK"
-915392667,"","JEJDKPLOKDL","JEJDKPLOKDL","System.Object"
-2057008898,"","<>c","JEJDKPLOKDL/<>c","System.Object"
507105020,"","JFIKPPCCGCO","JFIKPPCCGCO","System.Enum"
71367875,"","JFJMFHINCEC","JFJMFHINCEC","HOPENDPOGOD"
-2057008898,"","<>c","JFJMFHINCEC/<>c","System.Object"
1554505667,"","JGCHMLBPKGP","JGCHMLBPKGP","WeaponFeature"
98354116,"","JGKFBHMDAHA","JGKFBHMDAHA","NFGOAECKCLI"
-629628313,"","JHHPBOFGOOH","JHHPBOFGOOH","System.Object"
-273980493,"","JHMMAPKMDLE","JHMMAPKMDLE","GIFNNKNKCMA"
1262540515,"","JHNGBMONHOM","JHNGBMONHOM","LBEKLOCAOBI"
702835215,"","JIANDGHBHMC","JIANDGHBHMC",""
311738383,"","JILGONOOICP","JILGONOOICP","GIFNNKNKCMA"
-2057008898,"","<>c","JILGONOOICP/<>c","System.Object"
-1479880079,"","JJAAJJJAAAF","JJAAJJJAAAF",""
-1807283061,"","JJKAOPOKIOJ","JJKAOPOKIOJ","NIAGGCHHKGI"
-790347231,"","JKDCOPKFONO","JKDCOPKFONO","System.Object"
-759192551,"","JKKAGDPIOMC","JKKAGDPIOMC",""
-425372360,"","JKOHBNGIJNP","JKOHBNGIJNP","NCBOCAKFEMN"
1048013322,"","JKOKCEDOFKK","JKOKCEDOFKK","CIKKGLPELIP"
960615358,"","JKPAKCLGFBA","JKPAKCLGFBA","GIFNNKNKCMA"
1570341223,"","PFCNJEEDMGG","JKPAKCLGFBA/PFCNJEEDMGG","System.Object"
-1144216788,"","JKPCCKMIHIP","JKPCCKMIHIP","WeaponFeature"
-1657634946,"","JLEMLPAJIFI","JLEMLPAJIFI","OLFOOMEIKIN"
-1194665732,"","JLEPHFFKBFP","JLEPHFFKBFP","System.Object"
1510979347,"","JMAFLDHMPKO","JMAFLDHMPKO","System.Object"
-345583664,"","JMGBMKPMBCL","JMGBMKPMBCL","System.Enum"
-2063443750,"","JMHBJFHCKIJ","JMHBJFHCKIJ","GJKDKLFKKHK"
1716704188,"","JMKKDELMDPH","JMKKDELMDPH","HGJDEOHIFDP"
-172794081,"","JMOIBFIIKMM","JMOIBFIIKMM","System.Object"
829283186,"","NMCEJCEFGJD","JMOIBFIIKMM/NMCEJCEFGJD","System.Enum"
-1243738269,"","JMPFEGCGJPN","JMPFEGCGJPN","GHGGJDKDJHP"
-1522350930,"","JNAPLHBJDKO","JNAPLHBJDKO","NNALAPPHPNG"
1765221120,"","JNHBDKFKBFL","JNHBDKFKBFL","AGGODCMFNHJ"
-290599528,"","JNMOJBEGBMP","JNMOJBEGBMP","System.Object"
419538198,"","JNPPPHJCPEC","JNPPPHJCPEC","PBANCHJOOGI"
-1597530634,"","JOFCBGDKKOD","JOFCBGDKKOD","OLFOOMEIKIN"
-65787803,"","JPDPPEKMBND","JPDPPEKMBND","System.Object"
-185803005,"","JPGAMNEHCIH","JPGAMNEHCIH","HGJDEOHIFDP"
984569140,"","JPHCGNJMKNA","JPHCGNJMKNA","HGJDEOHIFDP"
-2024002300,"","JPKAMDKPEEL","JPKAMDKPEEL","GIFNNKNKCMA"
-2057008898,"","<>c","JPKAMDKPEEL/<>c","System.Object"
2099798240,"","JoinOrCreateSquadDialog","JoinOrCreateSquadDialog","GuiElementSingle`1<JoinOrCreateSquadDialog>"
-664042345,"","JoinSquadNowDialog","JoinSquadNowDialog","GuiElementSingle`1<JoinSquadNowDialog>"
1997561364,"","JoiningSquadDialog","JoiningSquadDialog","GuiElementSingle`1<JoiningSquadDialog>"
-1878586478,"","KAKGEDGCGLO","KAKGEDGCGLO","DLCKGHAHKLF"
325988822,"","KAKODIJEHHP","KAKODIJEHHP","OOJHFKKLNEN"
-1990592087,"","KANGBPIHIDH","KANGBPIHIDH","System.Object"
-2057008898,"","<>c","KANGBPIHIDH/<>c","System.Object"
1152651866,"","KCGOEIPBJIL","KCGOEIPBJIL","ODLKOCCPNHL"
-2057008898,"","<>c","KCGOEIPBJIL/<>c","System.Object"
774129137,"","KCHKMJMNGLA","KCHKMJMNGLA","System.ValueType"
588001801,"","KCMENCHIKLE","KCMENCHIKLE","NNALAPPHPNG"
-617135268,"","KCPIADCHOLN","KCPIADCHOLN","GIFNNKNKCMA"
-152949714,"","KCPINGCANOJ","KCPINGCANOJ","GIFNNKNKCMA"
-2057008898,"","<>c","KCPINGCANOJ/<>c","System.Object"
549751988,"","KDECGKOCKAK","KDECGKOCKAK","System.Object"
-910456643,"","KDENCJPHLJE","KDENCJPHLJE","BBFBFANGDJP"
-1600625229,"","DNHCKPHACND","KDENCJPHLJE/DNHCKPHACND","System.Object"
104862236,"","KDGOAFJMHPJ","KDGOAFJMHPJ","GIFNNKNKCMA"
-1282922186,"","KDIPFCGJLON","KDIPFCGJLON","System.Object"
-1742162512,"","KECHHLDNPNM","KECHHLDNPNM","GIFNNKNKCMA"
1341722613,"","KEKNCPFGDFA","KEKNCPFGDFA","System.Object"
-2057008898,"","<>c","KEKNCPFGDFA/<>c","System.Object"
369500758,"","KFLNLKBGGHK","KFLNLKBGGHK","ENBDICAOCON"
-161762894,"","KFOONBFCDAJ","KFOONBFCDAJ","NFGOAECKCLI"
248509117,"","KGIMIHGHKMD","KGIMIHGHKMD",""
598280,"","KHBFMGMLBLM","KHBFMGMLBLM","BDEECEMMLML"
-814342286,"","KHFMJICDAEJ","KHFMJICDAEJ","HOPENDPOGOD"
-2057008898,"","<>c","KHFMJICDAEJ/<>c","System.Object"
2145774792,"","KHLJOGMEFNF","KHLJOGMEFNF","BNIINCONFHO"
37966256,"","KHPNDICONCI","KHPNDICONCI","System.Object"
675723597,"","KIHKMJLBKJE","KIHKMJLBKJE","LJFCNLKOMLH"
235571114,"","KIPEMAMEGCD","KIPEMAMEGCD","NCBOCAKFEMN"
-1894411826,"","KIPKFMPCAJM","KIPKFMPCAJM","BNIINCONFHO"
-207730466,"","KJIBFELLPBD","KJIBFELLPBD","NNALAPPHPNG"
1324361681,"","KJLIMOPJICE","KJLIMOPJICE","System.Object"
-666246491,"","KJMHIFOHDCO","KJMHIFOHDCO","System.Enum"
-1544630437,"","KJOJPMDOGFE","KJOJPMDOGFE","GHGGJDKDJHP"
-1090723847,"","KKLNOGJCBME","KKLNOGJCBME","ACEFDENKJCL"
2011467467,"","KLAHLPDCEGK","KLAHLPDCEGK","GIFNNKNKCMA"
1823338761,"","KLBMJLAIEFJ","KLBMJLAIEFJ","GIFNNKNKCMA"
1592994626,"","KLELKHKLOBA","KLELKHKLOBA","GIFNNKNKCMA"
259861920,"","KLJFEANDIPB","KLJFEANDIPB","GHGGJDKDJHP"
-1671022197,"","KLPCJDIBOFN","KLPCJDIBOFN","ODLKOCCPNHL"
-1765343284,"","LGJPIACEOGO","KLPCJDIBOFN/LGJPIACEOGO","System.Object"
334640931,"","MoreContent","KLPCJDIBOFN/MoreContent","System.Object"
-1893070861,"","NFHIGLBLNEJ","KLPCJDIBOFN/NFHIGLBLNEJ","System.Object"
1156053964,"","KMAACGHPBIN","KMAACGHPBIN","GIFNNKNKCMA"
376526555,"","KMFBPNGBKIO","KMFBPNGBKIO","System.Object"
-1466381875,"","KMFKGIDGKBN","KMFKGIDGKBN","BPKEIFDPBEL"
357062739,"","KMGMDOOPOIP","KMGMDOOPOIP","WeaponFeature"
-894569173,"","KMIEDCBLDHF","KMIEDCBLDHF","HGJDEOHIFDP"
1877972197,"","KNBPDHKBJED","KNBPDHKBJED","BBFBFANGDJP"
1699648396,"","KOFMDDIEDMP","KOFMDDIEDMP","System.Enum"
-2007204575,"","KOJKOMLEBFP","KOJKOMLEBFP","System.Object"
-1214984312,"","KOJPLPCNNNO","KOJPLPCNNNO","HGJDEOHIFDP"
-6983767,"","KONEPCJIMDB","KONEPCJIMDB","ENBDICAOCON"
-1983393582,"","KOOFFOKNPJA","KOOFFOKNPJA","ODLKOCCPNHL"
-379355339,"","KPBKDNJEINK","KPBKDNJEINK",""
-25318074,"","KPGFIMOPGMH","KPGFIMOPGMH","BNIINCONFHO"
-699022697,"","KPLOMKBEHBO","KPLOMKBEHBO","System.Object"
-1919345847,"","KPMNMGFCGPE","KPMNMGFCGPE","ODLKOCCPNHL"
-776806870,"","KPNNOIJJMJH","KPNNOIJJMJH","System.Object"
-2057008898,"","<>c","KPNNOIJJMJH/<>c","System.Object"
1116022352,"","Kevlar","Kevlar","Core_BaseScript"
1056343065,"","KillEnemiesUsingSpecificWeaponAssignment","KillEnemiesUsingSpecificWeaponAssignment","Assignment"
245218868,"","KillEnemyUnitsAssignment","KillEnemyUnitsAssignment","Assignment"
-2024254652,"","KillEnemyUnitsInOneBattleAssignment","KillEnemyUnitsInOneBattleAssignment","Assignment"
-830221619,"","KillSpecificEnemyUnits","KillSpecificEnemyUnits","Assignment"
1761254637,"","KillStreakBonus","KillStreakBonus","Core_BaseScript"
2107594063,"","KillStreakBonusAddAmmo","KillStreakBonusAddAmmo","KillStreakBonus"
-795840195,"","KillStreakBonusAddCredits","KillStreakBonusAddCredits","KillStreakBonus"
-1219638019,"","KillStreakBonusAddHealth","KillStreakBonusAddHealth","KillStreakBonus"
-1012996317,"","KillStreakBonusAddMoney","KillStreakBonusAddMoney","KillStreakBonus"
946875026,"","KillStreakBonusBoobyTrap","KillStreakBonusBoobyTrap","KillStreakBonus"
-903672765,"","KillStreakBonusBox","KillStreakBonusBox","PoolableObject"
1281541617,"","KillStreakBonusCard","KillStreakBonusCard","KillStreakBonus"
-159107354,"","KillStreakBonusGrenades","KillStreakBonusGrenades","KillStreakBonus"
-1744652713,"","BLFMIOEPHBB","KillStreakBonusGrenades/BLFMIOEPHBB","System.Object"
-1085341209,"","OLMIBLCOFHP","KillStreakBonusGrenades/OLMIBLCOFHP","System.Object"
1004072050,"","KillStreakBonusKevlar","KillStreakBonusKevlar","KillStreakBonus"
1303702537,"","KillStreakBonusSlowMotion","KillStreakBonusSlowMotion","KillStreakBonus"
1891118684,"","KillStreakBonusTurret","KillStreakBonusTurret","KillStreakBonus"
-402365299,"","ALKAKCBFDMF","KillStreakBonusTurret/ALKAKCBFDMF","System.Object"
1866964380,"","KillStreakGuiElement","KillStreakGuiElement","GuiElementSingle`1<KillStreakGuiElement>"
-1429921246,"","KillStreakManager","KillStreakManager","Singleton`1<KillStreakManager>"
-2029508306,"","AEOBGEONLJB","KillStreakManager/AEOBGEONLJB","System.Object"
-1498350648,"","LBAAEKJJMKP","KillStreakManager/LBAAEKJJMKP","System.MulticastDelegate"
1863564448,"","NAFJNGEKHIG","KillStreakManager/NAFJNGEKHIG","System.Object"
726109809,"","KinematicRagdoll","KinematicRagdoll","UnityEngine.MonoBehaviour"
-1243066633,"","Kochava","Kochava","UnityEngine.MonoBehaviour"
-1978935902,"","AHLLIBFDLLN","Kochava/AHLLIBFDLLN","UnityEngine.AndroidJavaProxy"
156414934,"","CNLJNBLJIGE","Kochava/CNLJNBLJIGE","System.Object"
1393766713,"","DAAPHDJLPEI","Kochava/DAAPHDJLPEI","UnityEngine.AndroidJavaProxy"
-157850695,"","FCCMMGFPCLP","Kochava/FCCMMGFPCLP","System.Enum"
1086296854,"","IBNAOCBOMCJ","Kochava/IBNAOCBOMCJ","System.Object"
1994753921,"","JKNMDEDCOJO","Kochava/JKNMDEDCOJO","System.Enum"
738746688,"","LFBLFEGHFJC","Kochava/LFBLFEGHFJC","System.Object"
958038920,"","DHBIHNLPGBI","Kochava/LFBLFEGHFJC/DHBIHNLPGBI","System.Object"
-324927026,"","MJEGBIBEFDP","Kochava/MJEGBIBEFDP","System.Object"
775430365,"","OBNJNAFDHIJ","Kochava/OBNJNAFDHIJ","System.MulticastDelegate"
-1281743953,"","OJCEJOEBJFL","Kochava/OJCEJOEBJFL","System.Object"
-1907718989,"","PJLEIGCHIAF","Kochava/PJLEIGCHIAF","System.MulticastDelegate"
1139008169,"","KochavaConfiguration","KochavaConfiguration","UnityEngine.MonoBehaviour"
-744175434,"","AttributionChangeEvent","KochavaConfiguration/AttributionChangeEvent","UnityEngine.Events.UnityEvent`1<System.String>"
-784657520,"","ConsentStatusChangeEvent","KochavaConfiguration/ConsentStatusChangeEvent","UnityEngine.Events.UnityEvent"
1221105256,"","KochavaManager","KochavaManager","UnityEngine.MonoBehaviour"
-2057008898,"","<>c","KochavaManager/<>c","System.Object"
-1248522918,"","LAEIEMPOFLJ","LAEIEMPOFLJ","DLCKGHAHKLF"
-1010574049,"","LAGHPBHLDEP","LAGHPBHLDEP","KOOFFOKNPJA"
-1300831714,"","LBDHDLCJFNM","LBDHDLCJFNM","System.Object"
-2057008898,"","<>c","LBDHDLCJFNM/<>c","System.Object"
-1451134901,"","LBEKLOCAOBI","LBEKLOCAOBI","ODLKOCCPNHL"
205375104,"","LFJOILCKNIP","LBEKLOCAOBI/LFJOILCKNIP","System.Enum"
1689400957,"","LPEAHBJPEOH","LBEKLOCAOBI/LPEAHBJPEOH","System.Enum"
1089686079,"","LBNBIKLOBAA","LBNBIKLOBAA","System.Object"
-1678323822,"","LBPAKENLAAO","LBPAKENLAAO","GIFNNKNKCMA"
-1643268942,"","LCGKMLBFFFP","LCGKMLBFFFP","BBFBFANGDJP"
1989768485,"","LDKAGMEAGKO","LDKAGMEAGKO","ACNGDCINJEP"
-270266362,"","LFIMMPPFIPF","LFIMMPPFIPF","BDEECEMMLML"
1253471159,"","LGLCCCKAMHK","LGLCCCKAMHK","LBEKLOCAOBI"
1701367079,"","LHACGJPMDFJ","LHACGJPMDFJ","KOOFFOKNPJA"
-1380976646,"","LHDJHNFCLMD","LHDJHNFCLMD","System.Enum"
2112524056,"","LHNGBGBGOIJ","LHNGBGBGOIJ","BNIINCONFHO"
1666633086,"","LHPPLEPIINN","LHPPLEPIINN","NNALAPPHPNG"
835929164,"","LIBDDMIIBPJ","LIBDDMIIBPJ","System.Object"
97527715,"","LIIMFPNNGAC","LIIMFPNNGAC","System.Object"
-995783126,"","IOLPDOCAILI","LIIMFPNNGAC/IOLPDOCAILI","System.Enum"
-1726441221,"","PKCPBLCPPJC","LIIMFPNNGAC/PKCPBLCPPJC","System.Enum"
-616455367,"","LIPNJAIMKGK","LIPNJAIMKGK","System.Enum"
-153728231,"","LJFCNLKOMLH","LJFCNLKOMLH","BNIINCONFHO"
-1908751679,"","LKBAKCCIOEM","LKBAKCCIOEM","AGGODCMFNHJ"
-282817738,"","LKCAFFHJFKA","LKCAFFHJFKA","EventAssignment"
-1584408667,"","LKFKAFIGEDE","LKFKAFIGEDE","FCBJAFMMPKH<DailyMissionBoss>"
-44568773,"","LKJNAHLODED","LKJNAHLODED",""
1348980067,"","LKOJFCPLAMB","LKOJFCPLAMB","ACNGDCINJEP"
-1981935536,"","LLGGHDMEMOH","LLGGHDMEMOH","GIFNNKNKCMA"
164320678,"","LNKPIGCGJMN","LNKPIGCGJMN","ACNGDCINJEP"
440646565,"","KDLCBJJPGHF","LNKPIGCGJMN/KDLCBJJPGHF","System.Object"
-826501789,"","LOANJAAPMGJ","LOANJAAPMGJ","System.Object"
-1055737708,"","LOCCBJDNKBD","LOCCBJDNKBD","GIFNNKNKCMA"
31811532,"","LOFEANMMHEK","LOFEANMMHEK","System.Object"
2122016539,"","LOGFIMFLAGI","LOGFIMFLAGI","GHGGJDKDJHP"
1110190199,"","LOMHMAKMIGJ","LOMHMAKMIGJ","GIFNNKNKCMA"
-386136369,"","LPAHGLGOPML","LPAHGLGOPML","System.Object"
-686810073,"","LPFBEFELFJE","LPFBEFELFJE","System.Enum"
1335938142,"","LPIFIEBLELN","LPIFIEBLELN","CIKKGLPELIP"
1859924088,"","LPJHPJDKHLD","LPJHPJDKHLD","GIFNNKNKCMA"
-1857399279,"","LPOGPKCAGFH","LPOGPKCAGFH","System.Object"
-2057008898,"","<>c","LPOGPKCAGFH/<>c","System.Object"
-1356458649,"","LandingButtons","LandingButtons","UnityEngine.MonoBehaviour"
1839698030,"","LandingSpot","LandingSpot","UnityEngine.MonoBehaviour"
-1377901477,"","JFECJDBAIKO","LandingSpot/JFECJDBAIKO","System.Object"
1858690967,"","MFJENCACHKF","LandingSpot/MFJENCACHKF","System.Object"
8016618,"","LandingSpotController","LandingSpotController","UnityEngine.MonoBehaviour"
1860922908,"","JOGLACHHAPB","LandingSpotController/JOGLACHHAPB","System.Object"
-1292578159,"","OOCCPPILOPM","LandingSpotController/OOCCPPILOPM","System.Object"
1551565461,"","LanguageDialog","LanguageDialog","GuiElementSingle`1<LanguageDialog>"
1171317529,"","EKJACGCAGFB","LanguageDialog/EKJACGCAGFB","System.Object"
56748972,"","Laser","Laser","Ammo"
369600975,"","FJDKEEDDNFE","Laser/FJDKEEDDNFE","System.Object"
-398467660,"","MGJOCHMODFM","Laser/MGJOCHMODFM","System.Object"
1842048322,"","LastLoginSaver","LastLoginSaver","InGameSerializedObjectGeneric`1<LastLoginSaver/SaveData>"
-637193554,"","SaveData","LastLoginSaver/SaveData","System.Object"
-655278654,"","LayersCheckerFor2D","LayersCheckerFor2D","Core_BaseScript"
1618521727,"","MAHGLFOLKKF","LayersCheckerFor2D/MAHGLFOLKKF","System.Object"
-120889887,"","PFDLALLGJCE","LayersCheckerFor2D/PFDLALLGJCE","System.Enum"
-716742018,"","LeaderboardRecord","LeaderboardRecord","PoolableObject"
1620923061,"","League","League","System.Enum"
418445472,"","LeagueArcGuiElement","LeagueArcGuiElement","Core_BaseScript"
801709373,"","MLLJOJFCKGA","LeagueArcGuiElement/MLLJOJFCKGA","System.Object"
916596038,"","NEEKEFPPPOF","LeagueArcGuiElement/NEEKEFPPPOF","System.Enum"
81781648,"","LeagueArcManager","LeagueArcManager","Core_BaseScript"
-1399090670,"","HDNDMOEJGOI","LeagueArcManager/HDNDMOEJGOI","System.Object"
1570812994,"","MOKNCFAHANM","LeagueArcManager/MOKNCFAHANM","System.Object"
1506967496,"","NOIIDNKJCJK","LeagueArcManager/NOIIDNKJCJK","System.Object"
-1018007927,"","LeagueButton","LeagueButton","SquadButton"
-1706201548,"","LeagueContent","LeagueContent","Core_BaseScript"
-1733004657,"","CKOGAEHENGK","LeagueContent/CKOGAEHENGK","System.Enum"
1501518575,"","ENCICJGJKGH","LeagueContent/ENCICJGJKGH","System.Object"
1446193257,"","FKPANEALODE","LeagueContent/FKPANEALODE","System.Object"
-1542358479,"","FLHGBGKALEJ","LeagueContent/FLHGBGKALEJ","System.Object"
-889137876,"","GGBNAIJHGCO","LeagueContent/GGBNAIJHGCO","System.Object"
1011787809,"","HOBPDCIIDEA","LeagueContent/HOBPDCIIDEA","System.Object"
1328787194,"","HOKJCIIANJA","LeagueContent/HOKJCIIANJA","System.Object"
-1400301049,"","LAAMEEEGLEI","LeagueContent/LAAMEEEGLEI","System.Object"
1943867798,"","LeagueDialog","LeagueDialog","GuiElementSingle`1<LeagueDialog>"
-722510674,"","MKCHEKJADDP","LeagueDialog/MKCHEKJADDP","System.Enum"
2004313482,"","LeagueHintDialog","LeagueHintDialog","GuiElementSingle`1<LeagueHintDialog>"
1809280285,"","LeagueRepresentation","LeagueRepresentation","Core_BaseScript"
-1188339776,"","LeagueResultDialog","LeagueResultDialog","GuiElementSingle`1<LeagueResultDialog>"
1901544947,"","EAAKIECODON","LeagueResultDialog/EAAKIECODON","System.Enum"
1642079458,"","LeaguesScreen","LeaguesScreen","GuiScreenSingle`1<LeaguesScreen>"
-666753512,"","DBPDBOJCCCE","LeaguesScreen/DBPDBOJCCCE","System.Object"
664992788,"","IGMCPGAFJLL","LeaguesScreen/IGMCPGAFJLL","System.Enum"
1936031721,"","OAIHBLPFMFB","LeaguesScreen/OAIHBLPFMFB","System.Object"
56769892,"","LeftGoldenSuitcase","LeftGoldenSuitcase","Core_BaseScript"
-874142850,"","OINIADGGNCE","LeftGoldenSuitcase/OINIADGGNCE","System.Enum"
1309618849,"","LevelBehaviour","LevelBehaviour","Core_BaseScript"
-1486644286,"","<PrepareVisualsForCardCoroutine>d__90","LevelBehaviour/<PrepareVisualsForCardCoroutine>d__90","System.Object"
-209671102,"","<PrepareVisualsForGameCoroutine>d__89","LevelBehaviour/<PrepareVisualsForGameCoroutine>d__89","System.Object"
345706614,"","BotProperties","LevelBehaviour/BotProperties","System.Object"
-1295408124,"","HybridType","LevelBehaviour/HybridType","System.Enum"
1027964365,"","Purchaseable","LevelBehaviour/Purchaseable","System.Enum"
-514514403,"","UnitType","LevelBehaviour/UnitType","System.Enum"
-1034298839,"","LevelBehaviourManager","LevelBehaviourManager","Singleton`1<LevelBehaviourManager>"
932675524,"","BehaviourEntry","LevelBehaviourManager/BehaviourEntry","System.Object"
-706957700,"","LevelLoader","LevelLoader","Core_BaseScript"
1720934229,"","LevelManager","LevelManager","DatabaseSerializedObjectGeneric`1<LevelManager/LevelManagerData>"
-2057008898,"","<>c","LevelManager/<>c","System.Object"
1703897882,"","<>c__DisplayClass208_0","LevelManager/<>c__DisplayClass208_0","System.Object"
-1375130813,"","<>c__DisplayClass58_0","LevelManager/<>c__DisplayClass58_0","System.Object"
-1037812580,"","<>c__DisplayClass75_0","LevelManager/<>c__DisplayClass75_0","System.Object"
317528285,"","<>c__DisplayClass77_0","LevelManager/<>c__DisplayClass77_0","System.Object"
-384435177,"","<>c__DisplayClass77_1","LevelManager/<>c__DisplayClass77_1","System.Object"
2024171162,"","ExtremeType","LevelManager/ExtremeType","System.Enum"
-1072464800,"","GameLevel","LevelManager/GameLevel","System.Object"
347775862,"","ItemDelivery","LevelManager/ItemDelivery","System.Object"
-387059980,"","LevelManagerData","LevelManager/LevelManagerData","System.Object"
-1686112873,"","SavedArmySlots","LevelManager/SavedArmySlots","System.Object"
-1455114951,"","SavedWeaponSlots","LevelManager/SavedWeaponSlots","System.Object"
-1625142604,"","UnitDataUpdated","LevelManager/UnitDataUpdated","System.MulticastDelegate"
546257332,"","VariantData","LevelManager/VariantData","System.Object"
-1482717165,"","LevelUpDialog","LevelUpDialog","GuiElementSingle`1<LevelUpDialog>"
826604266,"","MMBHABDLAAK","LevelUpDialog/MMBHABDLAAK","System.Object"
54878127,"","LevelUpInfo","LevelUpInfo","Core_BaseScript"
-1802197881,"","LevelUpItem","LevelUpItem","Core_BaseScript"
1782983820,"","ECANJDEBMNC","LevelUpItem/ECANJDEBMNC","System.Object"
1751322473,"","NIBKKGANKAL","LevelUpItem/NIBKKGANKAL","System.Object"
-1226064268,"","OMGKNPLLEAM","LevelUpItem/OMGKNPLLEAM","System.Object"
1286927081,"","LightMachinegun","LightMachinegun","AutomaticRifle"
-1608233071,"","LimitedOfferConfirmDialog","LimitedOfferConfirmDialog","GuiElementSingle`1<LimitedOfferConfirmDialog>"
-291007558,"","LimitedOfferManager","LimitedOfferManager","Singleton`1<LimitedOfferManager>"
-2057008898,"","<>c","LimitedOfferManager/<>c","System.Object"
177133141,"","FFNGPEHONMO","LimitedOfferManager/FFNGPEHONMO","System.Object"
-882512661,"","JMLMHADDHON","LimitedOfferManager/JMLMHADDHON","System.Object"
-1677910574,"","LNDKGKEOJGO","LimitedOfferManager/LNDKGKEOJGO","System.Object"
-457121004,"","LineTrailRenderer","LineTrailRenderer","Core_BaseScript"
-1697566568,"","LinkButton","LinkButton","Core_BaseScript"
-2064314498,"","LiquidFireArrow","LiquidFireArrow","Arrow"
-582925923,"","OIEEIBEOACE","LiquidFireArrow/OIEEIBEOACE","System.Object"
1709675747,"","ONPHDHABOHI","LiquidFireArrow/ONPHDHABOHI","System.Object"
-921443891,"","LiveBroadcast","LiveBroadcast","GuiElement"
-2057008898,"","<>c","LiveBroadcast/<>c","System.Object"
495530389,"","LoadingDialog","LoadingDialog","GuiElementSingle`1<LoadingDialog>"
-1072889748,"","KPHACOFMMHG","LoadingDialog/KPHACOFMMHG","System.Object"
283513251,"","LobbyHeader","LobbyHeader","Core_BaseScript"
1631928174,"","HDDGOGAAEBE","LobbyHeader/HDDGOGAAEBE","System.Object"
1959017428,"","HLIILAADIJC","LobbyHeader/HLIILAADIJC","System.Object"
-367412982,"","OEEIKBCBHEF","LobbyHeader/OEEIKBCBHEF","System.Enum"
-392473868,"","LobbyPlayerPart","LobbyPlayerPart","Core_BaseScript"
-2033175081,"","JICGIGDPDJD","LobbyPlayerPart/JICGIGDPDJD","System.Object"
-1102099993,"","JKFPGNNHGEP","LobbyPlayerPart/JKFPGNNHGEP","System.Object"
-11294831,"","NFDNIBDPDAD","LobbyPlayerPart/NFDNIBDPDAD","System.Object"
515957741,"","NGEKOKAPEGG","LobbyPlayerPart/NGEKOKAPEGG","System.Object"
1551837641,"","OOECOFNHPAE","LobbyPlayerPart/OOECOFNHPAE","System.Object"
-273678668,"LocalNotifications","Notification","LocalNotifications.Notification","System.Object"
-236595226,"LocalNotifications","NotificationScheduler","LocalNotifications.NotificationScheduler","InGameSerializedObjectGeneric`1<LocalNotifications.NotificationScheduler/LocalNotificationData>"
-2057008898,"","<>c","LocalNotifications.NotificationScheduler/<>c","System.Object"
-2007565925,"","CENJAMKMOJE","LocalNotifications.NotificationScheduler/CENJAMKMOJE","System.Object"
-1164307093,"","LocalNotificationData","LocalNotifications.NotificationScheduler/LocalNotificationData","System.Object"
-1372811858,"","OKLGMOAMANI","LocalNotifications.NotificationScheduler/OKLGMOAMANI","System.Object"
50789040,"","PBMFMAFJEGL","LocalNotifications.NotificationScheduler/PBMFMAFJEGL","System.Object"
-1496469137,"LocalNotifications","PlayerSegmentData","LocalNotifications.PlayerSegmentData","DatabaseSerializedObjectGeneric`1<LocalNotifications.Segment>"
2116285420,"LocalNotifications","Segment","LocalNotifications.Segment","System.Object"
1525931236,"","LocalPersistenceManager","LocalPersistenceManager","UnityEngine.MonoBehaviour"
1025534334,"","LoginToFacebookDialog","LoginToFacebookDialog","GuiElementSingle`1<LoginToFacebookDialog>"
461188026,"","LootBoxCamera","LootBoxCamera","Singleton`1<LootBoxCamera>"
-2057008898,"","<>c","LootBoxCamera/<>c","System.Object"
-953333328,"","LootBoxCameraArena","LootBoxCameraArena","Singleton`1<LootBoxCameraArena>"
1635034540,"","HDHDBHBIPHI","LootBoxCameraArena/HDHDBHBIPHI","System.Object"
137669505,"","JKLHIMPFOCF","LootBoxCameraArena/JKLHIMPFOCF","System.Object"
286338699,"","LootBoxCharacter","LootBoxCharacter","Core_BaseScript"
-1368790750,"","LootBoxDialog","LootBoxDialog","GuiElementSingle`1<LootBoxDialog>"
-2057008898,"","<>c","LootBoxDialog/<>c","System.Object"
1849946125,"","AFIGLCPKPIH","LootBoxDialog/AFIGLCPKPIH","System.Object"
1733534851,"","ICGMONPELMF","LootBoxDialog/ICGMONPELMF","System.Object"
1505218202,"","LootboxButtonRecord","LootboxButtonRecord","Core_BaseScript"
1703927371,"","LoyaltyGuiRecord","LoyaltyGuiRecord","PoolableObject"
-117030032,"","KKCLIIODLJM","LoyaltyGuiRecord/KKCLIIODLJM","System.Object"
610121995,"","LoyaltyManager","LoyaltyManager","Singleton`1<LoyaltyManager>"
440673943,"","MAANCINLDCM","MAANCINLDCM","ACEFDENKJCL"
2090359349,"","MAHJHBLBMCK","MAHJHBLBMCK","BNIINCONFHO"
629524058,"","MAIJHKHEEPB","MAIJHKHEEPB","System.Object"
-122450023,"","FNGAAAOLBMM","MAIJHKHEEPB/FNGAAAOLBMM","System.Enum"
1032904607,"","MAJFBCMMAMM","MAJFBCMMAMM","System.Enum"
-1530455922,"","MBCGIOAIOBL","MBCGIOAIOBL","NCBOCAKFEMN"
1309367537,"","MBDFNAIBIJG","MBDFNAIBIJG","System.Object"
-419323330,"","MBMLEEFNDLB","MBMLEEFNDLB","ODLKOCCPNHL"
-2057008898,"","<>c","MBMLEEFNDLB/<>c","System.Object"
1246304155,"","MCAAPPOODOF","MCAAPPOODOF","System.Object"
-1057951832,"","MCCNGIPMDAN","MCCNGIPMDAN","NNALAPPHPNG"
59143845,"","MDEGJGKFEEN","MDEGJGKFEEN","System.Object"
-1296142552,"","MDIOHFJKBAB","MDIOHFJKBAB","System.Object"
852488817,"","MDMAKAGKNJC","MDMAKAGKNJC","ONOMMJHPCGP"
1897947522,"","MDOBMPHFHCK","MDOBMPHFHCK","OOJHFKKLNEN"
1343034471,"","MDPIJAFKGAE","MDPIJAFKGAE","System.Object"
-1716342263,"","MEEEMOHBMDB","MEEEMOHBMDB","ODLKOCCPNHL"
-1586113984,"","MELJMFMMMPE","MELJMFMMMPE","System.Object"
705527055,"","MFFIFCMIICI","MFFIFCMIICI",""
-1491808192,"","MGCPPEDHNAP","MGCPPEDHNAP",""
-2119261682,"","MGGKGHDNLMA","MGGKGHDNLMA","System.Enum"
-718966484,"","MGLFDFABEAM","MGLFDFABEAM","ODLKOCCPNHL"
-2057008898,"","<>c","MGLFDFABEAM/<>c","System.Object"
2022815052,"","MHBGCGDPCHM","MHBGCGDPCHM","HGJDEOHIFDP"
-1502944402,"","MHJIJPPJKFF","MHJIJPPJKFF","System.Object"
-1951340431,"","DBCAPAKFHJL","MHJIJPPJKFF/DBCAPAKFHJL","System.Object"
150288455,"","MHKKGBCCAGA","MHKKGBCCAGA","BNIINCONFHO"
1824279554,"","MHNBKMOCFFG","MHNBKMOCFFG","EventAssignment"
-1671395261,"","MICNGDCFIBG","MICNGDCFIBG","OLFOOMEIKIN"
-901542777,"","MILBLGHLLMI","MILBLGHLLMI","WeaponFeature"
-1462407621,"","MIMLJNGKJHH","MIMLJNGKJHH","System.ValueType"
-1769014840,"","MJIJILLNAJE","MJIJILLNAJE","ENDMPOFHMLN"
1951042423,"","MJOKFKBDHHE","MJOKFKBDHHE","BDEECEMMLML"
1831184724,"","MKFAJEJCMOF","MKFAJEJCMOF","GIFNNKNKCMA"
-861164395,"","MKFNHOIAOOP","MKFNHOIAOOP","System.Object"
-2057008898,"","<>c","MKFNHOIAOOP/<>c","System.Object"
-194148042,"","FMPNLMEOGBE","MKFNHOIAOOP/FMPNLMEOGBE","System.Object"
955536948,"","MLBAFHANNCH","MLBAFHANNCH","DLCKGHAHKLF"
-363935839,"","MMADBMFKAKG","MMADBMFKAKG","PBANCHJOOGI"
-128786805,"","MMCMIPIOLHP","MMCMIPIOLHP","PBANCHJOOGI"
814407211,"","MMLJMAMLBDG","MMLJMAMLBDG","GIFNNKNKCMA"
278703233,"","MMLLOMIIIEO","MMLLOMIIIEO","System.Enum"
2087379130,"","MNLPFJJCLHJ","MNLPFJJCLHJ",""
2003567443,"","MNPCAODMEKG","MNPCAODMEKG","BNIINCONFHO"
507547087,"","MOBBPMNMPLC","MOBBPMNMPLC","System.Object"
1717103475,"","MOEONMMPFKD","MOEONMMPFKD","AGGODCMFNHJ"
-2122478427,"","MOGCNPKBCBN","MOGCNPKBCBN","CIKKGLPELIP"
2035724024,"","MOKLKAGENNM","MOKLKAGENNM","NNALAPPHPNG"
-1595547847,"","MOPADDLBNMP","MOPADDLBNMP","HGJDEOHIFDP"
1877279450,"","MachineGunLevelSetup","MachineGunLevelSetup","RifleLevelsSetup"
-1106935720,"","MagneticObject","MagneticObject","Core_BaseScript"
-829643885,"","MainGameEntity","MainGameEntity","PoolableObject"
386922017,"","MainMenuSpriteStretch","MainMenuSpriteStretch","Core_BaseScript"
-129781995,"","MainScreen","MainScreen","GuiScreenSingle`1<MainScreen>"
-2057008898,"","<>c","MainScreen/<>c","System.Object"
1017861755,"","MainScreenAssignments","MainScreenAssignments","Core_BaseScript"
-930842262,"","MainScreenBlackMarketOffer","MainScreenBlackMarketOffer","Core_BaseScript"
-1981682531,"","MainScreenLeagueEnding","MainScreenLeagueEnding","Core_BaseScript"
927790740,"","BDKIPGCOOHJ","MainScreenLeagueEnding/BDKIPGCOOHJ","System.Object"
-2067829679,"","BMEMBLEAEPM","MainScreenLeagueEnding/BMEMBLEAEPM","System.Enum"
-540190697,"","MainScreenLeaguePlayers","MainScreenLeaguePlayers","Core_BaseScript"
2012557082,"","GBBPPJPKMDA","MainScreenLeaguePlayers/GBBPPJPKMDA","System.Object"
633085803,"","MainScreenLeagueRecord","MainScreenLeagueRecord","Core_BaseScript"
-193624740,"","MainScreenSocial","MainScreenSocial","Core_BaseScript"
1928524156,"","MainScreenSocial2","MainScreenSocial2","Core_BaseScript"
-463889321,"","MainScreenTransition","MainScreenTransition","Core_BaseScript"
1176975709,"","MainThreadCaller","MainThreadCaller","Singleton`1<MainThreadCaller>"
-2105618493,"","AKKKHEGBKIN","MainThreadCaller/AKKKHEGBKIN","System.Object"
602639536,"","BHDJNBMHOAI","MainThreadCaller/BHDJNBMHOAI","System.Object"
-2128268166,"","JHIEGPDDJMG","MainThreadCaller/JHIEGPDDJMG",""
1945711269,"","MapDefinition","MapDefinition","UnityEngine.MonoBehaviour"
-1294476192,"","ADNKKDDICPP","MapDefinition/ADNKKDDICPP","System.Object"
1259610998,"","DefendPosition","MapDefinition/DefendPosition","System.Object"
1460051659,"","MapManager","MapManager","Singleton`1<MapManager>"
-95689660,"","MFFJPJIHMBA","MapManager/MFFJPJIHMBA","System.Object"
-1264415612,"","MapEntry","MapManager/MapEntry","System.Object"
1365801442,"","MapSelectionContent","MapSelectionContent","Core_BaseScript"
1425734218,"","MapSelectionRecord","MapSelectionRecord","Core_BaseScript"
-1432959995,"","MatCapTextures","MatCapTextures","Singleton`1<MatCapTextures>"
-1252498964,"","MatchHighestUpgradedUnitEffectGUI","MatchHighestUpgradedUnitEffectGUI","SuperChargedEffectGUIBase"
648414478,"","MatchHistoryManager","MatchHistoryManager","Singleton`1<MatchHistoryManager>"
-1145012640,"","MatchManager","MatchManager","Singleton`1<MatchManager>"
-2057008898,"","<>c","MatchManager/<>c","System.Object"
-1370283845,"","DCBLJOCFPKK","MatchManager/DCBLJOCFPKK","System.Object"
-503050162,"","DDNGBINJCBN","MatchManager/DDNGBINJCBN","System.Object"
-1728116181,"","INFGMIELAAC","MatchManager/INFGMIELAAC","System.Object"
-562246091,"","MatchShareManager","MatchShareManager","Singleton`1<MatchShareManager>"
409228051,"","MatchStats","MatchStats","System.Object"
2001889846,"","MaterialAnimation","MaterialAnimation","UnityEngine.MonoBehaviour"
-123541142,"","MaterialSwitch","MaterialSwitch","UnityEngine.MonoBehaviour"
827916026,"","MaterialsDetails","MaterialsDetails","Core_BaseScript"
119228520,"","Mech","Mech","MechanicalUnit`1<MechBehaviour>"
-2141284062,"","BAMBDFMHFOK","Mech/BAMBDFMHFOK","System.Enum"
-518257995,"","DBFAOIDBDBH","Mech/DBFAOIDBDBH","System.Object"
-987384714,"","MechAnimator","MechAnimator","UnityEngine.MonoBehaviour"
224714270,"","MechBehaviour","MechBehaviour","LevelBehaviour"
36404803,"","MechBehaviourDefinititon","MechBehaviourDefinititon","VehicleBehaviourDefinititon"
1472835542,"","MechanicalUnit`1","MechanicalUnit`1","AIObjectG`1<T>"
521875891,"","MegaRewardPart","MegaRewardPart","Core_BaseScript"
-78299067,"","MemberRecord","MemberRecord","PoolableObject"
-2057008898,"","<>c","MemberRecord/<>c","System.Object"
1424174060,"","EOLIDBKPGBH","MemberRecord/EOLIDBKPGBH","System.Object"
412470514,"","MBIONGPDMHL","MemberRecord/MBIONGPDMHL","System.Object"
695873173,"","MemberSelectRecord","MemberSelectRecord","PoolableObject"
1791262797,"","MenuHeader","MenuHeader","GuiElementSingle`1<MenuHeader>"
-475674849,"","MessageCenterFilterButton","MessageCenterFilterButton","Core_BaseScript"
-1107292512,"","MessageCenterPosition","MessageCenterPosition","Core_BaseScript"
-1378945691,"","MessageCenterRecord","MessageCenterRecord","PoolableObject"
146125015,"","ANJPPDKMFCH","MessageCenterRecord/ANJPPDKMFCH","System.Enum"
-712545175,"","HOIBACIPGEM","MessageCenterRecord/HOIBACIPGEM","System.Object"
525045749,"","JNKLHKFMIJH","MessageCenterRecord/JNKLHKFMIJH","System.Object"
1334340965,"","MPLBPIBFDDE","MessageCenterRecord/MPLBPIBFDDE","System.Enum"
-750528517,"","MessageCenterTab","MessageCenterTab","Core_BaseScript"
-2057008898,"","<>c","MessageCenterTab/<>c","System.Object"
3128129,"","FJCBEIFJGPC","MessageCenterTab/FJCBEIFJGPC","System.Object"
-59445209,"","GINEAAIKCJG","MessageCenterTab/GINEAAIKCJG","System.Object"
-145084061,"","PDMALDPCGKO","MessageCenterTab/PDMALDPCGKO","System.Enum"
1484502436,"","MessageManager","MessageManager","Singleton`1<MessageManager>"
-2089646671,"","NCINLAJIDOB","MessageManager/NCINLAJIDOB","System.Object"
-166073470,"","MidnightManager","MidnightManager","Singleton`1<MidnightManager>"
1849653408,"","Mine","Mine","PhysicalAmmoWeapon"
-1001803600,"","MineAmmo","MineAmmo","PhysicalAmmo"
-653892156,"","MineAmmoSetup","MineAmmoSetup","RadiusWeaponSetup"
1690033827,"","MineLevelsSetup","MineLevelsSetup","WeaponLevelsSetup"
-2088800045,"","MiniDrone","MiniDrone","AIObject"
1225922497,"","MiniStarterPackBoxGuiRecord","MiniStarterPackBoxGuiRecord","Core_BaseScript"
-1432416655,"","MiniStarterPackGuiRecord","MiniStarterPackGuiRecord","Core_BaseScript"
-462468658,"","Minigun","Minigun","LightMachinegun"
-414625062,"","MinigunAugRecord","MinigunAugRecord","PoolableObject"
-150810607,"","MinigunLevelsSetup","MinigunLevelsSetup","WeaponLevelsSetup"
1024976361,"","Missile","Missile","PhysicalAmmo"
-2129572585,"","MissileSetup","MissileSetup","ExplosiveSetup"
2029458618,"","ADEDIPNHGIL","MissileSetup/ADEDIPNHGIL","System.Enum"
1673543021,"","MissionConfig","MissionConfig","System.Object"
-1837442665,"","MissionEnemyRecord","MissionEnemyRecord","PoolableObject"
1219912839,"","MissionSpawningSystem","MissionSpawningSystem","Core_BaseScript"
1619858840,"","DBHOGLFCCMH","MissionSpawningSystem/DBHOGLFCCMH","System.Object"
-2146295030,"","LIAKJOCBFPC","MissionSpawningSystem/LIAKJOCBFPC","System.Object"
915194168,"","NLACGFLOGNM","MissionSpawningSystem/NLACGFLOGNM","System.Object"
758597176,"","MissionUnit","MissionUnit","System.Object"
-1835328168,"","MissionWaveGuiElement","MissionWaveGuiElement","GuiElement"
-668558280,"","FGKFBCHOMHD","MissionWaveGuiElement/FGKFBCHOMHD","System.Object"
1974276892,"","FIPHOLLCIPH","MissionWaveGuiElement/FIPHOLLCIPH","System.Object"
1798464245,"","LLOHDCLBCCD","MissionWaveGuiElement/LLOHDCLBCCD","System.Object"
-1839919695,"","MobileAppTrackingManager","MobileAppTrackingManager","UnityEngine.MonoBehaviour"
-785285923,"","ModelAttachments","ModelAttachments","Core_BaseScript"
-1740993298,"","ModelAttachment","ModelAttachments/ModelAttachment","System.Object"
963486333,"","MolotovGrenadeAmmo","MolotovGrenadeAmmo","GrenadeAmmoContent"
-1382618042,"","Mortar","Mortar","PhysicalAmmoWeapon"
-661155126,"","Mudguard","Mudguard","UnityEngine.MonoBehaviour"
-2013622290,"","NAKKADNLIMF","NAKKADNLIMF","System.ValueType"
-1910583281,"","NAMICGGEKAK","NAMICGGEKAK","NNALAPPHPNG"
1320518235,"","NBAKAGJPBFG","NBAKAGJPBFG","AGGODCMFNHJ"
1095440493,"","NBBCLGNODPG","NBBCLGNODPG","System.Object"
-836486811,"","NBEMLLGGGFH","NBEMLLGGGFH","ODLKOCCPNHL"
-2057008898,"","<>c","NBEMLLGGGFH/<>c","System.Object"
-166890238,"","NCBOCAKFEMN","NCBOCAKFEMN","System.Object"
-1871935684,"","DOGAHBFJLOG","NCBOCAKFEMN/DOGAHBFJLOG","System.Enum"
-1571813935,"","GHDOOJJDHPJ","NCBOCAKFEMN/GHDOOJJDHPJ","System.Enum"
-811253601,"","NCNEOCIFCFK","NCNEOCIFCFK","APOHBFICGML"
-1795417456,"","NCPOBDEHOHK","NCPOBDEHOHK","ODLKOCCPNHL"
-2057008898,"","<>c","NCPOBDEHOHK/<>c","System.Object"
-298174881,"","NDEFAKJADCB","NDEFAKJADCB","PBANCHJOOGI"
198812502,"","NDIJNBHMPIL","NDIJNBHMPIL","GIFNNKNKCMA"
-1828672938,"","NDNNDJDCPNC","NDNNDJDCPNC","System.Object"
973929426,"","NEKOLIGEIBF","NEKOLIGEIBF","AGGODCMFNHJ"
1129017296,"","NFAAGALBOFJ","NFAAGALBOFJ","JPDPPEKMBND"
526085012,"","NFGOAECKCLI","NFGOAECKCLI","System.Object"
-634776796,"","NFIEDHPPLNM","NFIEDHPPLNM","System.Object"
18066525,"","NGGGNNNBFNF","NGGGNNNBFNF","JBOCEJCLEGN"
1699055537,"","NGJDBOGLLIH","NGJDBOGLLIH","GIFNNKNKCMA"
-1402913681,"","NGNBCAKJNNO","NGNBCAKJNNO","System.Object"
1985045062,"","NGPDEKLAOPN","NGPDEKLAOPN","System.Object"
727473509,"","NHABPCLJHJO","NHABPCLJHJO","StarterAssignment"
1122657426,"","NHEALICCFLG","NHEALICCFLG","EKPCGOCAPPH"
-1973052783,"","NHIKOLDJKIO","NHIKOLDJKIO","ODLKOCCPNHL"
636692684,"","NHKNLJGFAOK","NHKNLJGFAOK","BPKEIFDPBEL"
1296508502,"","NHOGLOBEFPB","NHOGLOBEFPB","CIKKGLPELIP"
-1069326706,"","NIAGGCHHKGI","NIAGGCHHKGI","System.Object"
-1925977384,"","NIFBKBFOELD","NIFBKBFOELD","ODLKOCCPNHL"
-2057008898,"","<>c","NIFBKBFOELD/<>c","System.Object"
1714345172,"","NIKDALAFEAD","NIKDALAFEAD","System.Enum"
-1754709094,"","NIMJJBMDKJL","NIMJJBMDKJL","GIFNNKNKCMA"
-2057008898,"","<>c","NIMJJBMDKJL/<>c","System.Object"
1551028587,"","NIPOCOMFGKI","NIPOCOMFGKI",""
-724919082,"","NJAOOFGIMKJ","NJAOOFGIMKJ","BNIINCONFHO"
-1077052310,"","NJDJFBKHGFM","NJDJFBKHGFM",""
-793614174,"","NJGLMDBEMPE","NJGLMDBEMPE","GIFNNKNKCMA"
-849571311,"","NKEMBFELLFH","NKEMBFELLFH","HGJDEOHIFDP"
-1918261515,"","NKHOBCGLMND","NKHOBCGLMND","DDJHBCDLNJC"
-1974903934,"","NKLEFHFFABM","NKLEFHFFABM","GIFNNKNKCMA"
-2057008898,"","<>c","NKLEFHFFABM/<>c","System.Object"
1498479033,"","NKOAJFANGJG","NKOAJFANGJG","BNIINCONFHO"
-1728288425,"","NLOGEMENAGC","NLOGEMENAGC","GIFNNKNKCMA"
1316497965,"","NMMDBNHLCEO","NMMDBNHLCEO","NCBOCAKFEMN"
997899125,"","NMPBGNOOKNO","NMPBGNOOKNO","System.Object"
1367146650,"","NMPBNKOHLKO","NMPBNKOHLKO","GIFNNKNKCMA"
174282493,"","NNALAPPHPNG","NNALAPPHPNG","System.Object"
1320395834,"","NNOLJKHAFDC","NNOLJKHAFDC","NIAGGCHHKGI"
-901008380,"","NOEFOBBMNEE","NOEFOBBMNEE","BNIINCONFHO"
-159284786,"","NOJBFPOEDAJ","NOJBFPOEDAJ","HOPENDPOGOD"
-1775985491,"","NOJMNFDLCGF","NOJMNFDLCGF","GIFNNKNKCMA"
1435576599,"","NPFCGGMPFDN","NPFCGGMPFDN","System.Object"
-2057008898,"","<>c","NPFCGGMPFDN/<>c","System.Object"
1827867841,"","AEPKEBEKOIC","NPFCGGMPFDN/AEPKEBEKOIC","System.Object"
1489421345,"","DPINHJNOJKF","NPFCGGMPFDN/DPINHJNOJKF","System.Object"
162134552,"","GHJEBIEFINL","NPFCGGMPFDN/GHJEBIEFINL","System.Object"
-1585877733,"","LJIIDJEAMKC","NPFCGGMPFDN/LJIIDJEAMKC","System.Object"
-17870379,"","PJLDHGCLJIK","NPFCGGMPFDN/PJLDHGCLJIK","System.Object"
1281682830,"","TransferData","NPFCGGMPFDN/TransferData","System.Object"
-1655538510,"","NameChangeReminderDialog","NameChangeReminderDialog","GuiElementSingle`1<NameChangeReminderDialog>"
-933036777,"","NameGuiRecord","NameGuiRecord","PoolableObject"
80486925,"","NavigationAgent","NavigationAgent","Core_BaseScript"
-1411441579,"","BNGNBBMKDGO","NavigationAgent/BNGNBBMKDGO","System.Object"
920477612,"","NavigationHelperCapsule","NavigationHelperCapsule","Core_BaseScript"
-157001080,"","NavigationTester","NavigationTester","Core_BaseScript"
121760974,"","NetworkObjectPool","NetworkObjectPool","ObjectPool"
1983166558,"","EEGGPENPEBO","NetworkObjectPool/EEGGPENPEBO","System.Object"
1362688015,"","NewBehaviourScript","NewBehaviourScript","UnityEngine.MonoBehaviour"
907983681,"","NewDailyRewardManager","NewDailyRewardManager","DatabaseSerializedObjectGeneric`1<NewDailyRewardManager/NewDailyRewardData>"
2015244176,"","NewDailyRewardData","NewDailyRewardManager/NewDailyRewardData","System.Object"
1611099332,"","NewUnitDisplayerItem","NewUnitDisplayerItem","PoolableObject"
-1272703296,"","NewVersionDialog","NewVersionDialog","GuiElementSingle`1<NewVersionDialog>"
-1631018723,"","NoMoveIndikator","NoMoveIndikator","PoolableObject"
-327622385,"","NotEnoughDialog","NotEnoughDialog","GuiElementSingle`1<NotEnoughDialog>"
-546200094,"","PFCJMNMHGIF","NotEnoughDialog/PFCJMNMHGIF","System.Enum"
468341076,"","NotEnoughLoyaltyDialog","NotEnoughLoyaltyDialog","GuiElementSingle`1<NotEnoughLoyaltyDialog>"
109930171,"","NotEnoughMedalsDialog","NotEnoughMedalsDialog","GuiElementSingle`1<NotEnoughMedalsDialog>"
-1446238335,"","NotificationManager","NotificationManager","Singleton`1<NotificationManager>"
-1382823942,"","OAKNLKMJOGN","OAKNLKMJOGN","System.Object"
-696037331,"","OAMIKOCAFMM","OAMIKOCAFMM","NNALAPPHPNG"
2082008605,"","OBHPOHFIOHJ","OBHPOHFIOHJ","System.Object"
-1735698962,"","OBKIBCFMLNM","OBKIBCFMLNM","ACEFDENKJCL"
-700576494,"","OCBJCGCBODO","OCBJCGCBODO","OLCAMJEFKHO"
-1273764090,"","OCDELBIILCP","OCDELBIILCP","APOHBFICGML"
1560187509,"","OCGDCIDHGJG","OCGDCIDHGJG","ENBDICAOCON"
1697838466,"","ODIJLICDCII","ODIJLICDCII","System.Object"
-1904001257,"","BOKKCPAOIJB","ODIJLICDCII/BOKKCPAOIJB","System.Object"
-1165686023,"","ODLKJJAGLNP","ODLKJJAGLNP","GFIECHBOANM<ANLAHDLCJAP>"
13994546,"","ODLKOCCPNHL","ODLKOCCPNHL","System.Object"
-70273136,"","ODMFDAEDOOJ","ODMFDAEDOOJ","System.Object"
406540081,"","OEFGLCJNDIN","OEFGLCJNDIN","ACNGDCINJEP"
339249028,"","PBNHLCOMMBJ","OEFGLCJNDIN/PBNHLCOMMBJ","System.Object"
-1940061524,"","OEGOKMEPDCK","OEGOKMEPDCK","System.Object"
2091035000,"","BDOGLIBDFCE","OEGOKMEPDCK/BDOGLIBDFCE","System.Object"
1645342766,"","FMPNIGADANF","OEGOKMEPDCK/FMPNIGADANF","System.Object"
1151776065,"","JDMBIEGNECH","OEGOKMEPDCK/JDMBIEGNECH","System.Object"
1297432316,"","MANIPMBCHLK","OEGOKMEPDCK/MANIPMBCHLK","System.Enum"
245530908,"","OEGPJLBDJIL","OEGPJLBDJIL","System.Enum"
-2033793389,"","OEMGEOLNEND","OEMGEOLNEND","WeaponFeature"
454002557,"","OFLMLFNOHDH","OFLMLFNOHDH","PBANCHJOOGI"
-2057395165,"","OHOHHNODAPL","OHOHHNODAPL","EventAssignment"
948698780,"","OIABDGAPEOC","OIABDGAPEOC","AGGODCMFNHJ"
330471773,"","OIAMDNFJIAP","OIAMDNFJIAP","System.Object"
227255377,"","OIDGAABLHCM","OIDGAABLHCM","NIAGGCHHKGI"
1991170173,"","OIDPJCCHPCA","OIDPJCCHPCA","EADCPIEEEMH"
-2038564490,"","OIFBKELJBHK","OIFBKELJBHK","NFGOAECKCLI"
-135876142,"","OJJDJEIKJOE","OJJDJEIKJOE","GIFNNKNKCMA"
-2057008898,"","<>c","OJJDJEIKJOE/<>c","System.Object"
454419513,"","OJMBPIOADLA","OJMBPIOADLA","System.Enum"
1514338266,"","OKLFMIFCOCF","OKLFMIFCOCF","System.Enum"
-1042246372,"","OLCAMJEFKHO","OLCAMJEFKHO","ODLKOCCPNHL"
-598458030,"","BonusReward","OLCAMJEFKHO/BonusReward","System.Object"
-1525250984,"","OLFOOMEIKIN","OLFOOMEIKIN","System.Object"
89290278,"","OLKBNMAJDDA","OLKBNMAJDDA","BBFBFANGDJP"
-979757704,"","PNFLNOBEPPJ","OLKBNMAJDDA/PNFLNOBEPPJ","System.Object"
1555418936,"","OLPEBCLHOPG","OLPEBCLHOPG","ONOMMJHPCGP"
-825325684,"","OMACMKKDNNN","OMACMKKDNNN","WeaponFeature"
-123431156,"","OMHACMHGBKD","OMHACMHGBKD","GIFNNKNKCMA"
222126664,"","OMJBIKCLGMJ","OMJBIKCLGMJ","System.Object"
125589695,"","OMKGPKMDMJB","OMKGPKMDMJB","System.Object"
-1853686846,"","OMLCPPODKFA","OMLCPPODKFA","KCGOEIPBJIL"
-137871190,"","ONNAEEJFLHK","ONNAEEJFLHK","System.Object"
-186115429,"","ONOIMJKANBN","ONOIMJKANBN","BNIINCONFHO"
333159795,"","ONOMMJHPCGP","ONOMMJHPCGP","ODLKOCCPNHL"
-611259001,"","OOBJHJHNNNP","OOBJHJHNNNP","GHGGJDKDJHP"
-426359475,"","OOJHFKKLNEN","OOJHFKKLNEN","System.Object"
2027244301,"","OOMFCJBBNFJ","OOMFCJBBNFJ","HGJDEOHIFDP"
1932864104,"","OOOLBNAPBAM","OOOLBNAPBAM","BNIINCONFHO"
-572857490,"","OOPHCFBFOBF","OOPHCFBFOBF","GDBAOJEBKNB"
-406383757,"","OPGPFDFGCKE","OPGPFDFGCKE","System.Enum"
232820870,"","OPGPPHEOOND","OPGPPHEOOND","GIFNNKNKCMA"
-1024881426,"","OPJNOEFIICF","OPJNOEFIICF","System.Object"
1199302471,"","ObjectHolderOnSceneChange","ObjectHolderOnSceneChange","UnityEngine.MonoBehaviour"
67220936,"","ObjectPerformanceActivator","ObjectPerformanceActivator","Core_BaseScript"
-2134637127,"","ObjectPerformanceActivatorEx","ObjectPerformanceActivatorEx","Core_BaseScript"
1100922519,"","ObjectPool","ObjectPool","Core_BaseScript"
1033960849,"","EBDLDCADOBP","ObjectPool/EBDLDCADOBP","System.Object"
-1750229338,"","MBHNJPLDBNJ","ObjectPool/MBHNJPLDBNJ","System.Object"
374734171,"","ObjectPoolEntry","ObjectPool/ObjectPoolEntry","System.Object"
-958895507,"","ObjectPoolDatabase","ObjectPoolDatabase","Singleton`1<ObjectPoolDatabase>"
-59452099,"","AGAHJCOAJHJ","ObjectPoolDatabase/AGAHJCOAJHJ","System.Object"
-159818734,"","GMHBGEPAADF","ObjectPoolDatabase/GMHBGEPAADF","System.Object"
1848731793,"","ObjectiveGuiRecord","ObjectiveGuiRecord","PoolableObject"
-1566592176,"","DBMGKBCCBHC","ObjectiveGuiRecord/DBMGKBCCBHC","System.Object"
1550401350,"","ObjectivesPart","ObjectivesPart","Core_BaseScript"
-1147789541,"","IIIHOPAJGNM","ObjectivesPart/IIIHOPAJGNM","System.Object"
-1226392143,"","OfferManager","OfferManager","Singleton`1<OfferManager>"
-1847195524,"","HHOBNFIAEAH","OfferManager/HHOBNFIAEAH","System.Object"
-1878441340,"","JOOEINFIGAF","OfferManager/JOOEINFIGAF","System.Object"
684193377,"","OneShotRifle","OneShotRifle","Gun"
1803687413,"","OrbBehaviour","OrbBehaviour","LevelBehaviour"
2073911384,"","OrbBehaviourDefinititon","OrbBehaviourDefinititon","BehaviourDefinititon"
556395889,"","OtherDoubleUpgradeDialog","OtherDoubleUpgradeDialog","GuiElementSingle`1<OtherDoubleUpgradeDialog>"
-2125476463,"","PMDMKBFLAEB","OtherDoubleUpgradeDialog/PMDMKBFLAEB","System.Object"
-1117362540,"","OtherUpgradeDialog","OtherUpgradeDialog","GuiElementSingle`1<OtherUpgradeDialog>"
755476753,"","FHPBJKEELCG","OtherUpgradeDialog/FHPBJKEELCG","System.Object"
492504643,"","OverallStats","OverallStats","Core_BaseScript"
-680999296,"","EAIGJMJLGKL","OverallStats/EAIGJMJLGKL","System.Object"
639474122,"","HLMGJNBDOJJ","OverallStats/HLMGJNBDOJJ","System.Object"
1847674179,"","LAMGLGBKJMD","OverallStats/HLMGJNBDOJJ/LAMGLGBKJMD","System.Enum"
-635528244,"","OverseerOrb","OverseerOrb","MechanicalUnit`1<OrbBehaviour>"
-157416836,"","CPOFCDIADLM","OverseerOrb/CPOFCDIADLM","System.Object"
313004239,"","Overtime","Overtime","GuiElementSingle`1<Overtime>"
2123390649,"","PAIEACAMFIN","PAIEACAMFIN","BPKEIFDPBEL"
1280682767,"","PBANCHJOOGI","PBANCHJOOGI","AAIAMFCJJBK"
2022628094,"","PCELFBNFFIF","PCELFBNFFIF","System.Object"
-2061411,"","PCFDCEEMPLM","PCFDCEEMPLM","BNIINCONFHO"
906993685,"","PCIFGNPOAMM","PCIFGNPOAMM","KOOFFOKNPJA"
-2145547952,"","PCKNNNCKAOE","PCKNNNCKAOE","ODLKOCCPNHL"
1582683069,"","PDIFEEOHBCL","PDIFEEOHBCL","GIFNNKNKCMA"
1299482065,"","PDOGGLAEIED","PDOGGLAEIED","GJKDKLFKKHK"
2121546864,"","PEEMNNNBDJE","PEEMNNNBDJE","System.Object"
2002202610,"","PFBEAJEIJFD","PFBEAJEIJFD","PBANCHJOOGI"
-1190129568,"","PFEIGGBBBGB","PFEIGGBBBGB","System.Object"
240636914,"","LBHPKIPANMK","PFEIGGBBBGB/LBHPKIPANMK","System.Object"
-1703565544,"","PGKEIPPKCJG","PGKEIPPKCJG","GIFNNKNKCMA"
707978005,"","PGODCLELACI","PGODCLELACI","ACNGDCINJEP"
-1754360681,"","PHLLNOOPHAG","PHLLNOOPHAG","System.Enum"
357237642,"","PHOFJEDENDJ","PHOFJEDENDJ",""
1242371720,"","PIIFKDHNOJK","PIIFKDHNOJK","ODLKOCCPNHL"
-415821867,"","PJFGCKNKCOC","PJFGCKNKCOC","System.Object"
326478407,"","LDEPLIKEFPO","PJFGCKNKCOC/LDEPLIKEFPO","System.Object"
-1699550252,"","PJHAKBEHAGF","PJHAKBEHAGF",""
-707179468,"","PJOPFFCFMIG","PJOPFFCFMIG","IOADBAPLJHM"
-221762264,"","PKJGPADMMML","PKJGPADMMML","System.Enum"
-1919757736,"","PKPPIEOFMHL","PKPPIEOFMHL","JPDPPEKMBND"
-1852507473,"","PLCNFDINPDC","PLCNFDINPDC","GIFNNKNKCMA"
-1219629630,"","PLDOKOJMCHB","PLDOKOJMCHB","System.Object"
2095219310,"","DHCOJJOKEMF","PLDOKOJMCHB/DHCOJJOKEMF","System.MulticastDelegate"
960231552,"","PLNLLEAGHPP","PLNLLEAGHPP","PBANCHJOOGI"
-337957464,"","PMAHEIIMJGC","PMAHEIIMJGC","GIFNNKNKCMA"
494735594,"","HLBKKKLBNEL","PMAHEIIMJGC/HLBKKKLBNEL","System.Object"
352664202,"","PMDGCFIOJPF","PMDGCFIOJPF","System.Enum"
-909184640,"","PMDIIPJLLDF","PMDIIPJLLDF","BNIINCONFHO"
1329616774,"","PMIBIKBBFPM","PMIBIKBBFPM","BNIINCONFHO"
-715921593,"","PMLGBGMBGLF","PMLGBGMBGLF","ODLKOCCPNHL"
-660817400,"","PMMCEKEIKOA","PMMCEKEIKOA","IOADBAPLJHM"
-1930623068,"","PNBGMEDMJGA","PNBGMEDMJGA","System.Object"
-1177950443,"","PLEDHBMMEBG","PNBGMEDMJGA/PLEDHBMMEBG","System.Enum"
2024190827,"","PNCKBHDLNPM","PNCKBHDLNPM","System.Object"
-1659577661,"","PNGFMNJKFHJ","PNGFMNJKFHJ","System.Enum"
-802641744,"","PNKGNLPHMBI","PNKGNLPHMBI","GIFNNKNKCMA"
410693723,"","POOEFKCNIFO","POOEFKCNIFO","ACEFDENKJCL"
1924010047,"","PPELFBDGPGA","PPELFBDGPGA","System.Object"
1597303109,"","JIECCIOAEIK","PPELFBDGPGA/JIECCIOAEIK","System.Object"
1228906180,"","LANHGKBABKH","PPELFBDGPGA/LANHGKBABKH","System.Object"
-725458261,"","PPFANDAGIBO","PPFANDAGIBO","EventAssignment"
-888117249,"","PPMBMPIAFEC","PPMBMPIAFEC","System.Object"
1644955181,"","ABILPGJOBHB","PPMBMPIAFEC/ABILPGJOBHB","System.ValueType"
-605795888,"","FBGLLNMLPGK","PPMBMPIAFEC/FBGLLNMLPGK","System.ValueType"
527392718,"","PPOHHEEEFKH","PPOHHEEEFKH","System.Object"
-773112653,"","PackBoxContent","PackBoxContent","Core_BaseScript"
2024068568,"","PackContentDialog","PackContentDialog","GuiElementSingle`1<PackContentDialog>"
688152736,"","BFEGJCEKGMF","PackContentDialog/BFEGJCEKGMF","System.Enum"
80469992,"","PackContentRecord","PackContentRecord","Core_BaseScript"
-541547218,"","PackDetailsDialog","PackDetailsDialog","GuiElementSingle`1<PackDetailsDialog>"
818531760,"","Parachute","Parachute","PoolableObject"
-976533545,"","ParticleAutoDestroy","ParticleAutoDestroy","UnityEngine.MonoBehaviour"
-963404486,"","ParticleType","ParticleType","System.Enum"
-223657431,"","PauseScreen","PauseScreen","GuiElementSingle`1<PauseScreen>"
-2057008898,"","<>c","PauseScreen/<>c","System.Object"
-526980176,"","PerformanceLoggerManager","PerformanceLoggerManager","Singleton`1<PerformanceLoggerManager>"
-442773096,"","JCLJPOFPIGM","PerformanceLoggerManager/JCLJPOFPIGM","System.Object"
1365523843,"","PKPPOJLEDCG","PerformanceLoggerManager/PKPPOJLEDCG","System.Object"
-1778619073,"","PerformanceManager","PerformanceManager","InGameSerializedObjectGeneric`1<PerformanceManager/PerformanceSettingsData>"
1108431236,"","PerformanceSettingsData","PerformanceManager/PerformanceSettingsData","System.Object"
-48159735,"","PerkAffects","PerkAffects","System.ValueType"
-927833637,"","PhotonCachedRPC","PhotonCachedRPC","Core_BaseScript"
-1385312232,"","AFGLOGNGNBD","PhotonCachedRPC/AFGLOGNGNBD","System.ValueType"
1867684133,"","PhotonConnectionManager","PhotonConnectionManager","Singleton`1<PhotonConnectionManager>"
-2057008898,"","<>c","PhotonConnectionManager/<>c","System.Object"
-1215869124,"","ABEDAICJKMA","PhotonConnectionManager/ABEDAICJKMA","System.Object"
-210987054,"","CINFLMKKOCP","PhotonConnectionManager/CINFLMKKOCP","System.Object"
48156035,"","FGEMPOAEDCM","PhotonConnectionManager/FGEMPOAEDCM","System.Object"
-706071806,"","JDCKGKEGIBJ","PhotonConnectionManager/JDCKGKEGIBJ","System.Object"
1863667619,"","JGDPAKHBOFN","PhotonConnectionManager/JGDPAKHBOFN","System.Object"
1902516342,"","KBMJACMIJDM","PhotonConnectionManager/KBMJACMIJDM","System.Object"
1810562998,"","LBMNBIDIFDJ","PhotonConnectionManager/LBMNBIDIFDJ","System.Object"
-1021714356,"","MNJEPMAHPNJ","PhotonConnectionManager/MNJEPMAHPNJ","System.Object"
-880012125,"","PhotonLevelIDChanger","PhotonLevelIDChanger","Core_BaseScript"
-943232202,"","PhotonLevelView","PhotonLevelView","Core_BaseScript"
-2008515726,"","PhysicalAmmo","PhysicalAmmo","Ammo"
-208642556,"","PhysicalAmmoWeapon","PhysicalAmmoWeapon","Weapon"
514699282,"","PiggyBankEnd","PiggyBankEnd","Core_BaseScript"
1208047513,"","PiggyBankManager","PiggyBankManager","DatabaseSerializedObjectGeneric`1<PiggyBankManager/PiggyBankData>"
179228270,"","PiggyBankData","PiggyBankManager/PiggyBankData","System.Object"
-785779626,"","PingShower","PingShower","UnityEngine.MonoBehaviour"
1333853773,"","Pistol","Pistol","AutomaticRifle"
-16537824,"","PistolLevelsSetup","PistolLevelsSetup","WeaponLevelsSetup"
741191024,"","PlayMultiplayerMatchesAssignment","PlayMultiplayerMatchesAssignment","Assignment"
736167753,"","PlaySpecificWarcardsAssignment","PlaySpecificWarcardsAssignment","Assignment"
833859589,"","PlayWarcardsAssignment","PlayWarcardsAssignment","Assignment"
2008179499,"","PlayerAnalytics","PlayerAnalytics","DatabaseSerializedObjectGeneric`1<PlayerAnalytics/PlayerAnalyticsData>"
1044024178,"","PlayerAnalyticsData","PlayerAnalytics/PlayerAnalyticsData","System.Object"
730607875,"","Transaction","PlayerAnalytics/Transaction","System.Object"
1271908977,"","PlayerAugmentations","PlayerAugmentations","UnityEngine.MonoBehaviour"
770747908,"","BHCPMIHNHHP","PlayerAugmentations/BHCPMIHNHHP","System.Enum"
972029024,"","GJCHDDNJLOC","PlayerAugmentations/GJCHDDNJLOC","System.Object"
-461566379,"","HJFDCDKIKPG","PlayerAugmentations/HJFDCDKIKPG","System.Object"
-529745444,"","NMKDNNMJJLP","PlayerAugmentations/NMKDNNMJJLP","System.MulticastDelegate"
-1544162014,"","PlayerBot","PlayerBot","Core_BaseScript"
-2057008898,"","<>c","PlayerBot/<>c","System.Object"
1947849784,"","DONHBPENGHK","PlayerBot/DONHBPENGHK","System.Object"
-438671679,"","JKEDBAEBIIL","PlayerBot/JKEDBAEBIIL","System.Object"
-187027911,"","ODAIECELFGL","PlayerBot/ODAIECELFGL","System.Object"
633623069,"","PHGANKFEJPP","PlayerBot/PHGANKFEJPP","System.Object"
771226954,"","PlayerBotTutorial","PlayerBotTutorial","Core_BaseScript"
-2057008898,"","<>c","PlayerBotTutorial/<>c","System.Object"
-767115308,"","AADDEGEOLOM","PlayerBotTutorial/AADDEGEOLOM","System.Object"
-770803217,"","GJJMGIDJMKC","PlayerBotTutorial/GJJMGIDJMKC","System.Enum"
-871814772,"","NLCHLDNNCHM","PlayerBotTutorial/NLCHLDNNCHM","System.Object"
563027956,"","PlayerBurstWeapon","PlayerBurstWeapon","PlayerWeapon"
-128452972,"","PlayerClickWeapon","PlayerClickWeapon","PlayerWeapon"
-850077857,"","PlayerCoefficients","PlayerCoefficients","UnityEngine.MonoBehaviour"
-1174293237,"","OCEBMLNCFJF","PlayerCoefficients/OCEBMLNCFJF","System.MulticastDelegate"
961855446,"","PlayerController","PlayerController","MainGameEntity"
1672627445,"","GAGKFGGFOIA","PlayerController/GAGKFGGFOIA","System.Object"
88482624,"","NJHAKCPJBFD","PlayerController/NJHAKCPJBFD","System.Enum"
-1418811611,"","PlayerHealthBarGuiElement","PlayerHealthBarGuiElement","Core_BaseScript"
2018963770,"","AJDMCLHJNIH","PlayerHealthBarGuiElement/AJDMCLHJNIH","System.Object"
13962448,"","BMIHMBJECEO","PlayerHealthBarGuiElement/BMIHMBJECEO","System.Object"
1513150838,"","CCMEJLHBFOG","PlayerHealthBarGuiElement/CCMEJLHBFOG","System.Object"
-1913639818,"","GANHKMEIIPC","PlayerHealthBarGuiElement/GANHKMEIIPC","System.Object"
459276813,"","IACMGBBKPJN","PlayerHealthBarGuiElement/IACMGBBKPJN","System.Object"
602963696,"","NNIANAHKANF","PlayerHealthBarGuiElement/NNIANAHKANF","System.Object"
-1367243328,"","OOKPGBABIIN","PlayerHealthBarGuiElement/OOKPGBABIIN","System.Object"
-44739796,"","PlayerHealthBars","PlayerHealthBars","GuiElementSingle`1<PlayerHealthBars>"
-1414721091,"","PlayerHoldWeapon","PlayerHoldWeapon","PlayerWeapon"
-1867065703,"","IDBCLHFGGEF","PlayerHoldWeapon/IDBCLHFGGEF","System.Object"
791680332,"","PlayerIcon","PlayerIcon","Core_BaseScript"
-1401258816,"","PlayerInventory","PlayerInventory","DatabaseSerializedObjectGeneric`1<PlayerInventory/InventoryData>"
1091301416,"","EquippedWeapon","PlayerInventory/EquippedWeapon","System.Object"
800519343,"","InventoryData","PlayerInventory/InventoryData","System.Object"
-329806166,"","InventorySlot","PlayerInventory/InventorySlot","System.Object"
-1959914758,"","SerializedSlotDetail","PlayerInventory/SerializedSlotDetail","System.Object"
1191211557,"","PlayerLeagueIcon","PlayerLeagueIcon","PoolableObject"
-56335831,"","PlayerLeagueLeftContent","PlayerLeagueLeftContent","Core_BaseScript"
-1571114159,"","BACHHNBKIEJ","PlayerLeagueLeftContent/BACHHNBKIEJ","System.Enum"
-197882606,"","FNPDNMIHLNP","PlayerLeagueLeftContent/FNPDNMIHLNP","System.Object"
-637824497,"","PlayerLeagueRecord","PlayerLeagueRecord","PoolableObject"
389645172,"","PlayerMinigunWeapon","PlayerMinigunWeapon","PlayerWeapon"
823276150,"","PlayerMinigunWeaponMotor","PlayerMinigunWeaponMotor","UnityEngine.MonoBehaviour"
-1043961691,"","LHBJDLODFBL","PlayerMinigunWeaponMotor/LHBJDLODFBL","System.Enum"
-132758238,"","PlayerPoint","PlayerPoint","Core_BaseScript"
409196324,"","PlayerProfileArmyRecord","PlayerProfileArmyRecord","Core_BaseScript"
1203503810,"","PlayerProfileDialog","PlayerProfileDialog","GuiElementSingle`1<PlayerProfileDialog>"
727495506,"","CNENLPJMCGJ","PlayerProfileDialog/CNENLPJMCGJ","System.Object"
-296255614,"","EIPHBMGAKOL","PlayerProfileDialog/EIPHBMGAKOL","System.Object"
1870064660,"","PlayerPulseRifle","PlayerPulseRifle","AutomaticRifle"
-1679905885,"","PlayerStats","PlayerStats","System.Object"
1773873595,"","PlayerStatsScreen","PlayerStatsScreen","GuiScreenSingle`1<PlayerStatsScreen>"
-2057008898,"","<>c","PlayerStatsScreen/<>c","System.Object"
-668156963,"","CBOOAEKIDJF","PlayerStatsScreen/CBOOAEKIDJF","System.Enum"
1703100834,"","FIIBEPMJIGH","PlayerStatsScreen/FIIBEPMJIGH","System.Object"
-375047101,"","MICBDMEHJEK","PlayerStatsScreen/MICBDMEHJEK","System.Object"
-662650279,"","PlayerStatsScreenRecord","PlayerStatsScreenRecord","PoolableObject"
561541954,"","PlayerStatus","PlayerStatus","System.Enum"
-967293821,"","PlayerSwipeWeapon","PlayerSwipeWeapon","PlayerWeapon"
1248725532,"","MFJGDHOBCEG","PlayerSwipeWeapon/MFJGDHOBCEG","System.Object"
-193229831,"","PlayerTexturePool","PlayerTexturePool","Singleton`1<PlayerTexturePool>"
-1728429338,"","HHMEOKGGIOC","PlayerTexturePool/HHMEOKGGIOC","System.Object"
-426916422,"","KCCEFEFDGAA","PlayerTexturePool/KCCEFEFDGAA","System.Enum"
-846624153,"","NPOCPEKDGCO","PlayerTexturePool/NPOCPEKDGCO","System.Object"
-2104293585,"","PlayerTwoModesWeapon","PlayerTwoModesWeapon","PlayerWeapon"
1019312733,"","BDBDJMHJKAP","PlayerTwoModesWeapon/BDBDJMHJKAP","System.Object"
-493215415,"","PlayerVisual","PlayerVisual","System.Object"
1546663720,"","BJLIFLPNINI","PlayerVisual/BJLIFLPNINI","System.Enum"
817095761,"","IGDDHIKBPAI","PlayerVisual/IGDDHIKBPAI","System.Enum"
-1350518760,"","OCFKFHGJBFN","PlayerVisual/OCFKFHGJBFN","System.Enum"
520579555,"","PlayerVisualCategory","PlayerVisualCategory","Core_BaseScript"
1387257260,"","PlayerVisualCategoryCamos","PlayerVisualCategoryCamos","PlayerVisualCategoryGeneric`1<PlayerVisualCategoryCamos/PlayerVisualCamo>"
1753809277,"","PlayerVisualCamo","PlayerVisualCategoryCamos/PlayerVisualCamo","PlayerVisual"
-2057008898,"","<>c","PlayerVisualCategoryCamos/PlayerVisualCamo/<>c","System.Object"
586213360,"","PlayerVisualCategoryGeneric`1","PlayerVisualCategoryGeneric`1","PlayerVisualCategory"
-1178757017,"","AJKIHHDDKCG","PlayerVisualCategoryGeneric`1/AJKIHHDDKCG","System.Object"
2021745273,"","PlayerVisualCategoryHeadAccesories","PlayerVisualCategoryHeadAccesories","PlayerVisualCategoryGeneric`1<PlayerVisualCategoryHeadAccesories/PlayerVisualHeadAccesory>"
-1877506881,"","PlayerVisualHeadAccesory","PlayerVisualCategoryHeadAccesories/PlayerVisualHeadAccesory","PlayerVisualHead"
-75851223,"","PlayerVisualCategoryHelmets","PlayerVisualCategoryHelmets","PlayerVisualCategoryGeneric`1<PlayerVisualCategoryHelmets/PlayerVisualHelmet>"
-927744113,"","PlayerVisualHelmet","PlayerVisualCategoryHelmets/PlayerVisualHelmet","PlayerVisualHead"
1285982206,"","PlayerVisualCategoryPowerBands","PlayerVisualCategoryPowerBands","PlayerVisualCategoryGeneric`1<PlayerVisualCategoryPowerBands/PlayerVisualPowerBand>"
-1560502518,"","PlayerVisualPowerBand","PlayerVisualCategoryPowerBands/PlayerVisualPowerBand","PlayerVisualHead"
-1386771575,"","PlayerVisualHead","PlayerVisualHead","PlayerVisual"
1839309905,"","BLBNGIIJGFD","PlayerVisualHead/BLBNGIIJGFD","System.Enum"
1385515291,"","CamoTransform","PlayerVisualHead/CamoTransform","System.Object"
493331038,"","PlayerVisualIcon","PlayerVisualIcon","Core_BaseScript"
711944106,"","PlayerVisualsCategoryButton","PlayerVisualsCategoryButton","CamosTabButton"
1593570105,"","PlayerVsPlayerButton","PlayerVsPlayerButton","Core_BaseScript"
1979380330,"","KMGIGNFCABE","PlayerVsPlayerButton/KMGIGNFCABE","System.Enum"
79943280,"","PlayerWeapon","PlayerWeapon","Core_BaseScript"
1051870096,"","GLKGNDFDJOI","PlayerWeapon/GLKGNDFDJOI","System.Object"
-385478008,"","PlayerZoomOnTouchWeapon","PlayerZoomOnTouchWeapon","PlayerWeapon"
-690261832,"","PoisonArrow","PoisonArrow","Ammo"
-146605662,"","PoisonArrowSetup","PoisonArrowSetup","AmmoSetup"
1762564860,"","PoisonDamageEffectGUI","PoisonDamageEffectGUI","SuperChargedEffectGUIBase"
2002372473,"","PoisonGrenadeAmmoSetup","PoisonGrenadeAmmoSetup","GrenadeAmmoBaseSetup"
-1360862440,"","PoisonOverTime","PoisonOverTime","UnityEngine.MonoBehaviour"
-366430688,"","PolygonGenerator","PolygonGenerator","UnityEngine.MonoBehaviour"
565321229,"","PoolableObject","PoolableObject","Core_BaseScript"
-431637349,"","ACFCNHPHAAP","PoolableObject/ACFCNHPHAAP","System.Object"
-781635388,"","PrestigeManager","PrestigeManager","DatabaseSerializedObjectGeneric`1<PrestigeManager/PrestigeData>"
-570507650,"","LIJMHGDJLKO","PrestigeManager/LIJMHGDJLKO","System.Object"
-402438853,"","PrestigeData","PrestigeManager/PrestigeData","System.Object"
-1023732613,"","PrivacyDialog","PrivacyDialog","GuiElementSingle`1<PrivacyDialog>"
-1983769924,"PrivateImplementationDetailsKQPLETG","__BB_OBFUSCATOR_VERSION_2_8_1","PrivateImplementationDetailsKQPLETG.__BB_OBFUSCATOR_VERSION_2_8_1","System.Object"
1238754313,"PrivateImplementationDetailsQOELAJF","ArrayCopy148","PrivateImplementationDetailsQOELAJF.ArrayCopy148","System.Object"
-1853453559,"","$ArrayType$151","PrivateImplementationDetailsQOELAJF.ArrayCopy148/$ArrayType$151","System.ValueType"
1464944685,"","ProgressBarArmyRecordRentalDialog","ProgressBarArmyRecordRentalDialog","Core_BaseScript"
-206172332,"","ProgressBarColor","ProgressBarColor","System.Enum"
-908491471,"","ProgressBarRecordRentalDialog","ProgressBarRecordRentalDialog","Core_BaseScript"
-1015266952,"","ProgressEventPart","ProgressEventPart","Core_BaseScript"
1923299495,"","PulseRifleBeamRenderer","PulseRifleBeamRenderer","UnityEngine.MonoBehaviour"
-1561187591,"","PulseRifleBulletSetup","PulseRifleBulletSetup","BulletSetup"
-45469822,"","PulseRifleLevelsSetup","PulseRifleLevelsSetup","WeaponLevelsSetup"
-1207750818,"","PurchaseConfirmDialog","PurchaseConfirmDialog","GuiElementSingle`1<PurchaseConfirmDialog>"
-1747514440,"","PurchaseProtection","PurchaseProtection","Singleton`1<PurchaseProtection>"
1482434170,"","PurchaseThanksDialog","PurchaseThanksDialog","GuiElementSingle`1<PurchaseThanksDialog>"
-1474148358,"","PushNotificationManager","PushNotificationManager","InGameSerializedObjectGeneric`1<PushNotificationManager/PushNotificationData>"
-1718086499,"","<ProcessClickedNotificationDataDelayed>d__52","PushNotificationManager/<ProcessClickedNotificationDataDelayed>d__52","System.Object"
-1756840056,"","PushNotificationData","PushNotificationManager/PushNotificationData","System.Object"
1879135095,"","QualificationRecord","QualificationRecord","PoolableObject"
1254419656,"","QualitySettingsDialog","QualitySettingsDialog","GuiElementSingle`1<QualitySettingsDialog>"
-817040256,"","RadiusWeaponSetup","RadiusWeaponSetup","AmmoSetup"
-30780054,"","RandomCardRecord","RandomCardRecord","PoolableObject"
-2092576134,"","DOOKPJLLPPO","RandomCardRecord/DOOKPJLLPPO","System.Object"
1694355055,"","RandomRotate","RandomRotate","UnityEngine.MonoBehaviour"
1738368178,"","RateAppDialog","RateAppDialog","GuiElementSingle`1<RateAppDialog>"
-629050953,"","ReconnectDialog","ReconnectDialog","GuiElementSingle`1<ReconnectDialog>"
-274246587,"","MBKDAIADJEJ","ReconnectDialog/MBKDAIADJEJ","System.Object"
45273057,"","PJMMKCMCKKH","ReconnectDialog/PJMMKCMCKKH","System.Object"
1248552427,"","Recording","Recording","Singleton`1<Recording>"
-774552667,"","RecruitGuiRecord","RecruitGuiRecord","PoolableObject"
-1184922404,"","RecruitNoticeDialog","RecruitNoticeDialog","GuiElementSingle`1<RecruitNoticeDialog>"
-1963537537,"","RecruitRewardDialog","RecruitRewardDialog","GuiElementSingle`1<RecruitRewardDialog>"
1311667610,"","RecruitingPart","RecruitingPart","Core_BaseScript"
-1077018888,"","BIGEGDDAIHK","RecruitingPart/BIGEGDDAIHK","System.Enum"
-53612033,"","KPKAIAOGEGA","RecruitingPart/KPKAIAOGEGA","System.Object"
-589628923,"","ReminderDialog","ReminderDialog","GuiElementSingle`1<ReminderDialog>"
-1190899744,"","FADGJCCADFO","ReminderDialog/FADGJCCADFO","System.Enum"
797368633,"","ReminderManager","ReminderManager","InGameSerializedObjectGeneric`1<ReminderManager/SaveData>"
1844553737,"","ReminderType","ReminderManager/ReminderType","System.Enum"
-637193554,"","SaveData","ReminderManager/SaveData","System.Object"
-217936902,"","RenameDialog","RenameDialog","GuiElementSingle`1<RenameDialog>"
-406478915,"","RentalGuiBuyPart","RentalGuiBuyPart","Core_BaseScript"
-1948187800,"","RentalManager","RentalManager","DatabaseSerializedObjectGeneric`1<RentalManager/RentalData>"
749380597,"","JMFAKONJCIM","RentalManager/JMFAKONJCIM","System.Object"
-751943916,"","NHDIBEAPCLL","RentalManager/NHDIBEAPCLL","System.Object"
-898286185,"","RentalData","RentalManager/RentalData","System.Object"
1486181772,"","RentalsDialog","RentalsDialog","GuiElementSingle`1<RentalsDialog>"
-63147507,"","ReportUserDialog","ReportUserDialog","GuiElementSingle`1<ReportUserDialog>"
621631886,"","Request","Request","System.Object"
900214498,"","RequestBuffer","RequestBuffer","System.Object"
-1913665256,"","<WaitAndSend>d__10","RequestBuffer/<WaitAndSend>d__10","System.Object"
-1367291429,"","RequestBufferManager","RequestBufferManager","InGameSerializedObjectGeneric`1<RequestBufferManager/RequestBufferData>"
417391341,"","RequestBufferData","RequestBufferManager/RequestBufferData","System.Object"
321283392,"","ResourceLoaderTexture2D","ResourceLoaderTexture2D","ResourcesLoader`1<UnityEngine.Texture2D>"
-1318460946,"","ResourcesLoader`1","ResourcesLoader`1","Core_BaseScript"
-1167612430,"","EBFAIKJMMLA","ResourcesLoader`1/EBFAIKJMMLA","System.Object"
662605952,"","OLAFJODPHNC","ResourcesLoader`1/OLAFJODPHNC","System.Object"
318949009,"","ResultsCampaignContent","ResultsCampaignContent","Core_BaseScript"
-2057008898,"","<>c","ResultsCampaignContent/<>c","System.Object"
1163938399,"","BKEOMMEMCGP","ResultsCampaignContent/BKEOMMEMCGP","System.Object"
228770099,"","DANPDNIKLOM","ResultsCampaignContent/DANPDNIKLOM","System.Object"
-817132685,"","EGNFBGGMKGO","ResultsCampaignContent/EGNFBGGMKGO","System.Object"
1898383954,"","JHEJEJCFIOF","ResultsCampaignContent/JHEJEJCFIOF","System.Object"
90682859,"","JHIKNFPPKAB","ResultsCampaignContent/JHIKNFPPKAB","System.Object"
1480003739,"","JIFDHDOGOBO","ResultsCampaignContent/JIFDHDOGOBO","System.Object"
-654598460,"","KFGAJPBCOGG","ResultsCampaignContent/KFGAJPBCOGG","System.Object"
-2054093257,"","ResultsContent","ResultsContent","Core_BaseScript"
-2057008898,"","<>c","ResultsContent/<>c","System.Object"
154508351,"","BDAEFIFJOLN","ResultsContent/BDAEFIFJOLN","System.Object"
-1236248139,"","CGIAGMLLLKB","ResultsContent/CGIAGMLLLKB","System.Object"
1781670292,"","DBCIBKGALOP","ResultsContent/DBCIBKGALOP","System.Object"
-25791173,"","IBANLKDDDHM","ResultsContent/IBANLKDDDHM","System.Object"
-1993686094,"","JAFPBFPLKLF","ResultsContent/JAFPBFPLKLF","System.Object"
1295076311,"","KDHCLIMHONN","ResultsContent/KDHCLIMHONN","System.Object"
720166941,"","MIKGGBILAEF","ResultsContent/MIKGGBILAEF","System.Object"
-2087498993,"","MNIOACOFACP","ResultsContent/MNIOACOFACP","System.Object"
-769694899,"","OKPJAPJJLPO","ResultsContent/OKPJAPJJLPO","System.Object"
-1061278001,"","ResultsOffer","ResultsOffer","Core_BaseScript"
1894606264,"","ResultsRewards","ResultsRewards","Core_BaseScript"
-1652974791,"","ResultsRewardsFlash","ResultsRewardsFlash","ResultsRewards"
61504437,"","AJKBEAFKBJK","ResultsRewardsFlash/AJKBEAFKBJK","System.Object"
-1198330163,"","ResultsRewardsNA","ResultsRewardsNA","ResultsRewards"
974698944,"","RewardDialog","RewardDialog","GuiElementSingle`1<RewardDialog>"
1623528457,"","FDOCMKECFEL","RewardDialog/FDOCMKECFEL","System.Object"
695115141,"","RibbonsContent","RibbonsContent","Core_BaseScript"
2109029917,"","RifleLevelsSetup","RifleLevelsSetup","WeaponLevelsSetup"
1133926022,"","RippleEffect","RippleEffect","UnityEngine.MonoBehaviour"
2120368690,"","RotateCamera","RotateCamera","Core_BaseScript"
383205707,"","RuleData","RuleData","System.Object"
-1354070117,"","SavedMission","SavedMission","System.Object"
1619267141,"","SavingLastSelected","SavingLastSelected","InGameSerializedObjectGeneric`1<SavingLastSelected/SaveData>"
815685764,"","<>c__DisplayClass19_0","SavingLastSelected/<>c__DisplayClass19_0","System.Object"
651388438,"","<>c__DisplayClass20_0","SavingLastSelected/<>c__DisplayClass20_0","System.Object"
-637193554,"","SaveData","SavingLastSelected/SaveData","System.Object"
1567703950,"","ScoreManager","ScoreManager","Singleton`1<ScoreManager>"
-2045677648,"","KLIBOEMEKBL","ScoreManager/KLIBOEMEKBL","System.Object"
1107780965,"","ScorePointsAssignment","ScorePointsAssignment","Assignment"
-66789769,"","ScorePointsInOneBattleAssignment","ScorePointsInOneBattleAssignment","Assignment"
-1344550499,"","ScreenLoadButton","ScreenLoadButton","GuiElement"
-806403793,"","SelectFriendsButton","SelectFriendsButton","Core_BaseScript"
1900353440,"","SelectFriendsCommanderTab","SelectFriendsCommanderTab","Core_BaseScript"
-2057008898,"","<>c","SelectFriendsCommanderTab/<>c","System.Object"
1374397755,"","SelectFriendsDialog","SelectFriendsDialog","GuiElementSingle`1<SelectFriendsDialog>"
1112540392,"","CPFKDBBDAPG","SelectFriendsDialog/CPFKDBBDAPG","System.Enum"
574005757,"","HHIBAOECDAP","SelectFriendsDialog/HHIBAOECDAP","System.Object"
620618890,"","IGIACCIFNGN","SelectFriendsDialog/IGIACCIFNGN","System.Object"
940373416,"","IMMJJCFLDMG","SelectFriendsDialog/IMMJJCFLDMG","System.Object"
-1886268011,"","INJMKCHAKFB","SelectFriendsDialog/INJMKCHAKFB","System.Enum"
1961569921,"","LNCLINBBMKP","SelectFriendsDialog/LNCLINBBMKP","System.Object"
-2008304119,"","SelectFriendsFacebookTab","SelectFriendsFacebookTab","Core_BaseScript"
-2057008898,"","<>c","SelectFriendsFacebookTab/<>c","System.Object"
772769888,"","EFJEKJCFIOI","SelectFriendsFacebookTab/EFJEKJCFIOI","System.Enum"
485781031,"","LPCCDKKPDGH","SelectFriendsFacebookTab/LPCCDKKPDGH","System.Object"
1611873469,"","SelectFriendsManager","SelectFriendsManager","Singleton`1<SelectFriendsManager>"
-695565673,"","SelectFriendsSearchTab","SelectFriendsSearchTab","Core_BaseScript"
-1186368284,"","BLHABKGPODO","SelectFriendsSearchTab/BLHABKGPODO","System.Enum"
184263954,"","SelectFriendsSquadTab","SelectFriendsSquadTab","Core_BaseScript"
-2057008898,"","<>c","SelectFriendsSquadTab/<>c","System.Object"
-2103943953,"","MKDLLCOCCOG","SelectFriendsSquadTab/MKDLLCOCCOG","System.Object"
1374564459,"","NIPOLPGEEKG","SelectFriendsSquadTab/NIPOLPGEEKG","System.Enum"
-450360380,"","SelectSquadLeaderDialog","SelectSquadLeaderDialog","GuiElementSingle`1<SelectSquadLeaderDialog>"
-439120807,"","KMFDHKOFCBI","SelectSquadLeaderDialog/KMFDHKOFCBI","System.Object"
-660328992,"","SelectStatisticsButton","SelectStatisticsButton","Core_BaseScript"
487563450,"","ServerResultsCache","ServerResultsCache","Singleton`1<ServerResultsCache>"
-388298750,"","LLDMDKPLAAG","ServerResultsCache/LLDMDKPLAAG","System.Object"
276909449,"","PBHKBGGCAPH","ServerResultsCache/PBHKBGGCAPH","System.Object"
1810363402,"","SessionManager","SessionManager","Singleton`1<SessionManager>"
-2057008898,"","<>c","SessionManager/<>c","System.Object"
-2109576156,"","DMMFBBIBNFN","SessionManager/DMMFBBIBNFN","System.Enum"
-214984248,"","KCJLHKOJMKK","SessionManager/KCJLHKOJMKK","System.Object"
-2131107365,"","SetInstantBattleRewards","SetInstantBattleRewards","Core_BaseScript"
839836729,"","BLCPNJEHDIK","SetInstantBattleRewards/BLCPNJEHDIK","System.Object"
-1501194865,"","EHIDGLAPOLK","SetInstantBattleRewards/EHIDGLAPOLK","System.Object"
1766524870,"","EPOOMBAMMKB","SetInstantBattleRewards/EPOOMBAMMKB","System.Object"
1359532604,"","NFPDOIFHPGO","SetInstantBattleRewards/NFPDOIFHPGO","System.Object"
-1340529726,"","SettingsAugmentationPreset","SettingsAugmentationPreset","UnityEngine.MonoBehaviour"
1991055643,"","SettingsButton","SettingsButton","Core_BaseScript"
-1631678377,"","SettingsDebugCheckButton","SettingsDebugCheckButton","Core_BaseScript"
541199457,"","SettingsDebugContent","SettingsDebugContent","Core_BaseScript"
475688835,"","SettingsDialog","SettingsDialog","GuiElementSingle`1<SettingsDialog>"
-798998515,"","KPNFBHMHGCK","SettingsDialog/KPNFBHMHGCK","System.Object"
-1816615882,"","SettingsGeneralContent","SettingsGeneralContent","Core_BaseScript"
-2057008898,"","<>c","SettingsGeneralContent/<>c","System.Object"
-1088427887,"","MKMNPPOLMFJ","SettingsGeneralContent/MKMNPPOLMFJ","System.Object"
1240745157,"","SettingsGuiContent","SettingsGuiContent","Core_BaseScript"
-2057008898,"","<>c","SettingsGuiContent/<>c","System.Object"
-1959216529,"","SettingsMainButton","SettingsMainButton","Core_BaseScript"
1108135773,"","SettingsManager","SettingsManager","DatabaseSerializedObjectGeneric`1<SettingsManager/Settings>"
2048726940,"","NotificationSettingType","SettingsManager/NotificationSettingType","System.Enum"
-721420131,"","Settings","SettingsManager/Settings","System.Object"
1635934472,"","SettingsNotificationButton","SettingsNotificationButton","PoolableObject"
-1833310392,"","SettingsNotificationContent","SettingsNotificationContent","Core_BaseScript"
58156262,"","SettingsUserContent","SettingsUserContent","Core_BaseScript"
-1363671003,"","Shield","Shield","DestroyableObject"
-960052045,"","FACGHKKEONL","Shield/FACGHKKEONL","System.Enum"
94628619,"","ShieldCosmeticsManager","ShieldCosmeticsManager","DatabaseSerializedObjectGeneric`1<ShieldCosmeticsManager/ShieldData>"
833178038,"","FCDJIAJHFEL","ShieldCosmeticsManager/FCDJIAJHFEL","System.Enum"
52672694,"","ShieldCosmetic","ShieldCosmeticsManager/ShieldCosmetic","System.Object"
1609486576,"","ShieldCosmeticModel","ShieldCosmeticsManager/ShieldCosmeticModel","System.Object"
307810391,"","ShieldData","ShieldCosmeticsManager/ShieldData","System.Object"
-2142498094,"","ShieldIcon","ShieldIcon","PoolableObject"
899208274,"","ShieldPreviewCamera","ShieldPreviewCamera","Singleton`1<ShieldPreviewCamera>"
-2076096840,"","ADCINNCLCNN","ShieldPreviewCamera/ADCINNCLCNN","System.Object"
1401883856,"","KMIGGEKADEL","ShieldPreviewCamera/KMIGGEKADEL","System.Object"
-1637513700,"","NMLIPHJFNKH","ShieldPreviewCamera/NMLIPHJFNKH","System.Object"
-1638751254,"","ShieldRigInstance","ShieldRigInstance","UnityEngine.MonoBehaviour"
2049914006,"","ShieldsButton","ShieldsButton","CamosTabButton"
602035550,"","ShieldsManager","ShieldsManager","Singleton`1<ShieldsManager>"
-1831340138,"","ShieldsScreen","ShieldsScreen","Core_BaseScript"
-1301972800,"","ShootableBox","ShootableBox","PoolableObject"
439058138,"","OMCDKCNDAAC","ShootableBox/OMCDKCNDAAC","System.Enum"
-1506005732,"","ShotGunBulletSetup","ShotGunBulletSetup","BulletSetup"
123445816,"","ShotTrail","ShotTrail","PoolableObject"
-293721232,"","ShotTrailRenderer","ShotTrailRenderer","Singleton`1<ShotTrailRenderer>"
1156131325,"","ShotgunLevelsSetup","ShotgunLevelsSetup","WeaponLevelsSetup"
-335298913,"","SkidTrail","SkidTrail","UnityEngine.MonoBehaviour"
-356811450,"","GEJILCBDBKC","SkidTrail/GEJILCBDBKC","System.Object"
-606635464,"","SkillShot","SkillShot","System.Object"
830289516,"","SkillShotType","SkillShot/SkillShotType","System.Enum"
1728755206,"","SkillShotController","SkillShotController","Core_BaseScript"
-1924937598,"","SkillShotControllerBonusBox","SkillShotControllerBonusBox","SkillShotController"
1199580952,"","SkillShotControllerPlayer","SkillShotControllerPlayer","Core_BaseScript"
2130627948,"","SkillShotDisplayer","SkillShotDisplayer","PoolableObject"
-551805503,"","DAHJKEMCMKK","SkillShotDisplayer/DAHJKEMCMKK","System.Object"
-504544862,"","SkillShotDisplayerItem","SkillShotDisplayerItem","PoolableObject"
-1377700084,"","SkillShotManager","SkillShotManager","Singleton`1<SkillShotManager>"
803004533,"","SkillShotItemDefinition","SkillShotManager/SkillShotItemDefinition","System.Object"
1972927451,"","SkillshotGuiRecord","SkillshotGuiRecord","PoolableObject"
1856773938,"","SlowDownEffectGUI","SlowDownEffectGUI","SuperChargedEffectGUIBase"
236936203,"","SlowMotionManager","SlowMotionManager","Singleton`1<SlowMotionManager>"
1661537874,"","SmokeGrenadeAmmoSetup","SmokeGrenadeAmmoSetup","GrenadeAmmoBaseSetup"
1775263418,"","SniperRifleLevelsSetup","SniperRifleLevelsSetup","WeaponLevelsSetup"
618788543,"","SniperScope","SniperScope","Singleton`1<SniperScope>"
-604194665,"","Scope","SniperScope/Scope","System.Object"
2059557010,"","SoldierAnimationController","SoldierAnimationController","AnimationController"
839260129,"","FPHOBMBKOCN","SoldierAnimationController/FPHOBMBKOCN","System.Enum"
1440181508,"","NBIKJEBJELD","SoldierAnimationController/NBIKJEBJELD","System.Object"
670972604,"","SoldierBehaviour","SoldierBehaviour","LevelBehaviour"
-2057008898,"","<>c","SoldierBehaviour/<>c","System.Object"
665981103,"","AIECPHCOAHH","SoldierBehaviour/AIECPHCOAHH","System.Object"
-2096610899,"","MKMMAELEDJC","SoldierBehaviour/MKMMAELEDJC","System.Object"
-171186047,"","SoldierBehaviourAssaulter","SoldierBehaviourAssaulter","SoldierBehaviourGeneric`1<SoldierBehaviourDefinititonBasicSoldier>"
1657026431,"","SoldierBehaviourBackbone","SoldierBehaviourBackbone","SoldierBehaviourGeneric`1<SoldierBehaviourDefinitionBackbone>"
-419472048,"","DFMPFBJGAPL","SoldierBehaviourBackbone/DFMPFBJGAPL","System.Object"
-422477252,"","SoldierBehaviourBazooka","SoldierBehaviourBazooka","SoldierBehaviourGeneric`1<SoldierBehaviourDefinititonBazooka>"
1423268471,"","SoldierBehaviourBreach","SoldierBehaviourBreach","SoldierBehaviourGeneric`1<SoldierBehaviourDefinitionBreach>"
-238457323,"","SoldierBehaviourBuddy","SoldierBehaviourBuddy","SoldierBehaviourRusher`1<SoldierBehaviourDefinititonBuddy>"
-1321055431,"","HGPMHHNHNPP","SoldierBehaviourBuddy/HGPMHHNHNPP","System.Object"
-403166788,"","SoldierBehaviourChemical","SoldierBehaviourChemical","SoldierBehaviourRusher`1<SoldierBehaviourDefinititonChemical>"
-1436806617,"","JGHGNDDPOOF","SoldierBehaviourChemical/JGHGNDDPOOF","System.Object"
1541877908,"","SoldierBehaviourCommando","SoldierBehaviourCommando","SoldierBehaviourRusher`1<SoldierBehaviourDefinititonFlamethrower>"
2105797893,"","BAHMAAGJGJM","SoldierBehaviourCommando/BAHMAAGJGJM","System.Object"
-1933087129,"","SoldierBehaviourCrossbowSniper","SoldierBehaviourCrossbowSniper","SoldierBehaviourGeneric`1<SoldierBehaviourDefinititonCrossbowSniper>"
1604389693,"","SoldierBehaviourDefinitionBackbone","SoldierBehaviourDefinitionBackbone","SoldierBehaviourDefinititon"
-1415788592,"","SoldierBehaviourDefinitionBreach","SoldierBehaviourDefinitionBreach","SoldierBehaviourDefinititon"
-2141922693,"","SoldierBehaviourDefinitionInstinct","SoldierBehaviourDefinitionInstinct","SoldierBehaviourDefinititon"
-514428557,"","SoldierBehaviourDefinitionRiko","SoldierBehaviourDefinitionRiko","SoldierBehaviourDefinititon"
-1543014962,"","SoldierBehaviourDefinitionSurge","SoldierBehaviourDefinitionSurge","SoldierBehaviourDefinititon"
971317083,"","SoldierBehaviourDefinititon","SoldierBehaviourDefinititon","BehaviourDefinititon"
-2100286755,"","SoldierBehaviourDefinititonBasicSoldier","SoldierBehaviourDefinititonBasicSoldier","SoldierBehaviourDefinititon"
129382485,"","SoldierBehaviourDefinititonBazooka","SoldierBehaviourDefinititonBazooka","SoldierBehaviourDefinititon"
1405531914,"","SoldierBehaviourDefinititonBuddy","SoldierBehaviourDefinititonBuddy","SoldierBehaviourDefinititon"
256647279,"","SoldierBehaviourDefinititonChemical","SoldierBehaviourDefinititonChemical","SoldierBehaviourDefinititon"
1335780987,"","SoldierBehaviourDefinititonCommando","SoldierBehaviourDefinititonCommando","SoldierBehaviourDefinititon"
-1700401614,"","SoldierBehaviourDefinititonCrossbowSniper","SoldierBehaviourDefinititonCrossbowSniper","SoldierBehaviourDefinititon"
1726024008,"","SoldierBehaviourDefinititonEngineer","SoldierBehaviourDefinititonEngineer","SoldierBehaviourDefinititon"
983095892,"","SoldierBehaviourDefinititonFlamethrower","SoldierBehaviourDefinititonFlamethrower","SoldierBehaviourDefinititon"
-1691317274,"","SoldierBehaviourDefinititonGrennader","SoldierBehaviourDefinititonGrennader","SoldierBehaviourDefinititon"
-45405622,"","SoldierBehaviourDefinititonGunslinger","SoldierBehaviourDefinititonGunslinger","SoldierBehaviourDefinititon"
-73783664,"","SoldierBehaviourDefinititonMachineGunner","SoldierBehaviourDefinititonMachineGunner","SoldierBehaviourDefinititon"
-190074103,"","SoldierBehaviourDefinititonMinigunner","SoldierBehaviourDefinititonMinigunner","SoldierBehaviourDefinititon"
1747885378,"","SoldierBehaviourDefinititonMortar","SoldierBehaviourDefinititonMortar","SoldierBehaviourDefinititon"
922933337,"","SoldierBehaviourDefinititonParachuter","SoldierBehaviourDefinititonParachuter","SoldierBehaviourDefinititon"
-372619003,"","SoldierBehaviourDefinititonSciFi","SoldierBehaviourDefinititonSciFi","SoldierBehaviourDefinititon"
259365834,"","SoldierBehaviourDefinititonSilverstrike","SoldierBehaviourDefinititonSilverstrike","SoldierBehaviourDefinititon"
1175604229,"","SoldierBehaviourDefinititonSniper","SoldierBehaviourDefinititonSniper","SoldierBehaviourDefinititon"
-1972169203,"","SoldierBehaviourDefinititonSpecter","SoldierBehaviourDefinititonSpecter","SoldierBehaviourDefinititon"
1462080686,"","SoldierBehaviourDefinititonSwat","SoldierBehaviourDefinititonSwat","SoldierBehaviourDefinititon"
-1276392425,"","SoldierBehaviourEngineer","SoldierBehaviourEngineer","SoldierBehaviourGeneric`1<SoldierBehaviourDefinititonEngineer>"
303024234,"","SoldierBehaviourExoPilot","SoldierBehaviourExoPilot","SoldierBehaviourGeneric`1<SoldierBehaviourDefinititonMachineGunner>"
-991601556,"","SoldierBehaviourFlamethrower","SoldierBehaviourFlamethrower","SoldierBehaviourRusher`1<SoldierBehaviourDefinititonFlamethrower>"
1056996514,"","BJMKHJCDGPI","SoldierBehaviourFlamethrower/BJMKHJCDGPI","System.Object"
-18926530,"","SoldierBehaviourGeneric`1","SoldierBehaviourGeneric`1","SoldierBehaviour"
-1849303758,"","SoldierBehaviourGrennader","SoldierBehaviourGrennader","SoldierBehaviourGeneric`1<SoldierBehaviourDefinititonGrennader>"
-64191718,"","SoldierBehaviourGunslinger","SoldierBehaviourGunslinger","SoldierBehaviourGeneric`1<SoldierBehaviourDefinititonGunslinger>"
1651399876,"","SoldierBehaviourInstinct","SoldierBehaviourInstinct","SoldierBehaviourGeneric`1<SoldierBehaviourDefinitionInstinct>"
-44348216,"","SoldierBehaviourMachineGunner","SoldierBehaviourMachineGunner","SoldierBehaviourGeneric`1<SoldierBehaviourDefinititonMachineGunner>"
836054093,"","SoldierBehaviourMinigunner","SoldierBehaviourMinigunner","SoldierBehaviourGeneric`1<SoldierBehaviourDefinititonMinigunner>"
-1669401789,"","BHJLEJNDNHO","SoldierBehaviourMinigunner/BHJLEJNDNHO","System.Object"
121913624,"","SoldierBehaviourMortar","SoldierBehaviourMortar","SoldierBehaviourGeneric`1<SoldierBehaviourDefinititonMortar>"
951330584,"","SoldierBehaviourOverseer","SoldierBehaviourOverseer","SoldierBehaviourGeneric`1<SoldierBehaviourDefinititonBasicSoldier>"
1741251370,"","OMGKCOJJJGI","SoldierBehaviourOverseer/OMGKCOJJJGI","System.Object"
-453200002,"","SoldierBehaviourParachuter","SoldierBehaviourParachuter","SoldierBehaviourRusher`1<SoldierBehaviourDefinititonParachuter>"
2083063684,"","SoldierBehaviourRenegade","SoldierBehaviourRenegade","SoldierBehaviourGeneric`1<SoldierBehaviourDefinititonBasicSoldier>"
261499633,"","SoldierBehaviourRiko","SoldierBehaviourRiko","SoldierBehaviourGeneric`1<SoldierBehaviourDefinititonBasicSoldier>"
1029941351,"","SoldierBehaviourRusher`1","SoldierBehaviourRusher`1","SoldierBehaviourGeneric`1<T>"
-1116119758,"","SoldierBehaviourSciFi","SoldierBehaviourSciFi","SoldierBehaviourGeneric`1<SoldierBehaviourDefinititonSciFi>"
-783094031,"","SoldierBehaviourShotgunner","SoldierBehaviourShotgunner","SoldierBehaviourRusher`1<SoldierBehaviourDefinititonBasicSoldier>"
-427480514,"","NILLIALGDAH","SoldierBehaviourShotgunner/NILLIALGDAH","System.Object"
-1149394574,"","SoldierBehaviourSilverstrike","SoldierBehaviourSilverstrike","SoldierBehaviourRusher`1<SoldierBehaviourDefinititonSilverstrike>"
224786928,"","AFCIEAAMDKM","SoldierBehaviourSilverstrike/AFCIEAAMDKM","System.Object"
1568000736,"","OMKDKHGJIAG","SoldierBehaviourSilverstrike/OMKDKHGJIAG","System.Object"
1435257754,"","SoldierBehaviourSniper","SoldierBehaviourSniper","SoldierBehaviourGeneric`1<SoldierBehaviourDefinititonSniper>"
1842360084,"","SoldierBehaviourSpecter","SoldierBehaviourSpecter","SoldierBehaviourGeneric`1<SoldierBehaviourDefinititonSpecter>"
-1688260666,"","BBJJMJBAJLD","SoldierBehaviourSpecter/BBJJMJBAJLD","System.Object"
1829439013,"","DKPHJMPGGGO","SoldierBehaviourSpecter/DKPHJMPGGGO","System.Object"
2003205094,"","GNDDOJKNDFN","SoldierBehaviourSpecter/GNDDOJKNDFN","System.Object"
-875900191,"","MODKGDOLHLA","SoldierBehaviourSpecter/MODKGDOLHLA","System.Object"
-1223539044,"","ONJNKJGBPEA","SoldierBehaviourSpecter/ONJNKJGBPEA","System.Object"
1817713905,"","SoldierBehaviourSurge","SoldierBehaviourSurge","SoldierBehaviourRusher`1<SoldierBehaviourDefinitionSurge>"
1729149703,"","SoldierBehaviourSwat","SoldierBehaviourSwat","SoldierBehaviourRusher`1<SoldierBehaviourDefinititonSwat>"
-642286725,"","OHLFHDEEAGK","SoldierBehaviourSwat/OHLFHDEEAGK","System.Object"
1020407425,"","SoldierBehaviourWarper","SoldierBehaviourWarper","SoldierBehaviourRusher`1<SoldierBehaviourDefinititonFlamethrower>"
-49582137,"","NALJCLLIOKF","SoldierBehaviourWarper/NALJCLLIOKF","System.Object"
-1206457730,"","SoldierMeshChanger","SoldierMeshChanger","Core_BaseScript"
578557425,"","SoldierStyle","SoldierMeshChanger/SoldierStyle","System.Object"
-624538556,"","SoldierParts","SoldierParts","Core_BaseScript"
2133827730,"","SoldierToVehicleCollisionManager","SoldierToVehicleCollisionManager","Singleton`1<SoldierToVehicleCollisionManager>"
219192885,"","OAPOKNBNFHC","SoldierToVehicleCollisionManager/OAPOKNBNFHC","System.Object"
1705169291,"","SoundEntry","SoundEntry","System.Object"
-1464225290,"","SoundsManager","SoundsManager","InGameSerializedObjectGeneric`1<SoundsManager/SoundSettingsSerialized>"
-1998374415,"","<DoFadeIn>d__37","SoundsManager/<DoFadeIn>d__37","System.Object"
-2056461683,"","<DoFadeOut>d__36","SoundsManager/<DoFadeOut>d__36","System.Object"
1376309339,"","<LoadMusic>d__32","SoundsManager/<LoadMusic>d__32","System.Object"
-634119610,"","<StartGameMusic>d__31","SoundsManager/<StartGameMusic>d__31","System.Object"
-1027962507,"","<StartMenuMusic>d__30","SoundsManager/<StartMenuMusic>d__30","System.Object"
-2090908954,"","SoundEntry2D","SoundsManager/SoundEntry2D","SoundEntry"
804854690,"","SoundSettingsSerialized","SoundsManager/SoundSettingsSerialized","System.Object"
1766336165,"","SoundsEnum","SoundsManager/SoundsEnum","System.Enum"
-1140229346,"","SoundsManager3D","SoundsManager3D","Singleton`1<SoundsManager3D>"
-352502094,"","SoundEntry3D","SoundsManager3D/SoundEntry3D","SoundEntry"
1772638693,"","SpawnDeathMatchGuiCardFixed","SpawnDeathMatchGuiCardFixed","DeathMatchGuiCard"
2077928183,"","SpawnPoint","SpawnPoint","Core_BaseScript"
-312082687,"","MPKDDOPKKHJ","SpawnPoint/MPKDDOPKKHJ","System.Enum"
1210230930,"","SpawnPointCar","SpawnPointCar","SpawnPointVehicle"
949085079,"","SpawnPointDrone","SpawnPointDrone","SpawnPoint"
792310962,"","SpawnPointHavoc","SpawnPointHavoc","SpawnPoint"
-1141287924,"","SpawnPointHeli","SpawnPointHeli","SpawnPoint"
939734795,"","GHLBJBMDHDB","SpawnPointHeli/GHLBJBMDHDB","System.Enum"
806973057,"","SpawnPointHelicopter","SpawnPointHelicopter","SpawnPoint"
-2049964212,"","SpawnPointOrb","SpawnPointOrb","SpawnPoint"
1919478154,"","SpawnPointParachute","SpawnPointParachute","SpawnPoint"
1127271247,"","SpawnPointTank","SpawnPointTank","SpawnPointVehicle"
-549597010,"","SpawnPointVehicle","SpawnPointVehicle","SpawnPoint"
1285890002,"","SpawnPointsCollection","SpawnPointsCollection","Core_BaseScript"
-996477297,"","SpawnWithKevlarEffectGUI","SpawnWithKevlarEffectGUI","SuperChargedEffectGUIBase"
1350373836,"","SpawnedUnitsIndicatorGuiElement","SpawnedUnitsIndicatorGuiElement","GuiElementSingle`1<SpawnedUnitsIndicatorGuiElement>"
-1213486926,"","SpawningManager","SpawningManager","Singleton`1<SpawningManager>"
-2057008898,"","<>c","SpawningManager/<>c","System.Object"
1503502799,"","EKGBJHJNGDC","SpawningManager/EKGBJHJNGDC","System.Object"
842986358,"","SpawningManagerDeathMatch","SpawningManagerDeathMatch","Singleton`1<SpawningManagerDeathMatch>"
369828786,"","ArmyUnit","SpawningManagerDeathMatch/ArmyUnit","System.Object"
627799890,"","ArmyUnitDefinition","SpawningManagerDeathMatch/ArmyUnitDefinition","System.Object"
393095420,"","EOMOHFCPHON","SpawningManagerDeathMatch/EOMOHFCPHON","System.Object"
1637542082,"","SpecialAbilityBoostEffectGUI","SpecialAbilityBoostEffectGUI","SuperChargedEffectGUIBase"
-2115916890,"","SpecialOfferDialog","SpecialOfferDialog","GuiElementSingle`1<SpecialOfferDialog>"
-148483697,"","SpecialOfferRecord","SpecialOfferRecord","Core_BaseScript"
-1815828504,"","SpecialOpsData","SpecialOpsData","System.Object"
-6709279,"","SpecialPackBoxItem","SpecialPackBoxItem","Core_BaseScript"
-1416625966,"","HFBOJIBNJKN","SpecialPackBoxItem/HFBOJIBNJKN","System.Object"
-102111592,"","SpecialPackRecord","SpecialPackRecord","PoolableObject"
748199408,"","KHAEHLKKIDF","SpecialPackRecord/KHAEHLKKIDF","System.Object"
319752427,"","LEOJGFOKKEG","SpecialPackRecord/LEOJGFOKKEG","System.Object"
1264097888,"","SpectateScreen","SpectateScreen","GuiScreenSingle`1<SpectateScreen>"
-2057008898,"","<>c","SpectateScreen/<>c","System.Object"
-22404435,"","SpecterLaser","SpecterLaser","Gun"
2021719583,"","KHFCAHBKGIP","SpecterLaser/KHFCAHBKGIP","System.Object"
-701273123,"","SpecterLaserMenuUpdater","SpecterLaserMenuUpdater","UnityEngine.MonoBehaviour"
1348981525,"","SpiderBot","SpiderBot","Vehicle`1<SpiderBotBehaviour>"
1855629217,"","HGJCNHCAFKD","SpiderBot/HGJCNHCAFKD","System.Object"
-504913271,"","NCAHEIKIKOF","SpiderBot/NCAHEIKIKOF","System.Object"
583280789,"","OFFJHOILDID","SpiderBot/OFFJHOILDID","System.Enum"
1356764733,"","PMCADCKCOCL","SpiderBot/PMCADCKCOCL","System.Object"
-1758468978,"","SpiderBotAnimator","SpiderBotAnimator","AnimationController"
-758697294,"","HBOGAAPKBCF","SpiderBotAnimator/HBOGAAPKBCF","System.Object"
-1419229354,"","SpiderBotBehaviour","SpiderBotBehaviour","LevelBehaviour"
57769985,"","SpiderBotBehaviourDefinititon","SpiderBotBehaviourDefinititon","VehicleBehaviourDefinititon"
-339278764,"","Spiderling","Spiderling","MechanicalUnit`1<SpiderlingBehaviour>"
1093187909,"","MIDEEBKEMLB","Spiderling/MIDEEBKEMLB","System.Object"
879209894,"","SpiderlingAnimation","SpiderlingAnimation","AnimationController"
-1544474994,"","SpiderlingBehaviour","SpiderlingBehaviour","LevelBehaviour"
2107682970,"","SpiderlingBehaviourDefinititon","SpiderlingBehaviourDefinititon","BehaviourDefinititon"
369993725,"","Splash","Splash","GuiElementSingle`1<Splash>"
1511535187,"","SpriteUseFinder","SpriteUseFinder","Core_BaseScript"
-2057008898,"","<>c","SpriteUseFinder/<>c","System.Object"
-1001437053,"","SpritesWorkAround","SpritesWorkAround","UnityEngine.MonoBehaviour"
288899181,"","SquadButton","SquadButton","Core_BaseScript"
1994896009,"","SquadButtonAchievement","SquadButtonAchievement","SquadButton"
2031375418,"","SquadButtonCardpool","SquadButtonCardpool","SquadButton"
508441053,"","SquadButtonInvasion","SquadButtonInvasion","SquadButton"
-2126407231,"","SquadButtonSpecial","SquadButtonSpecial","SquadButton"
-11503593,"","SquadCardpoolContent","SquadCardpoolContent","Core_BaseScript"
247743484,"","CMHBCIAILOI","SquadCardpoolContent/CMHBCIAILOI","System.Object"
-958418694,"","EGDNMLMAEJL","SquadCardpoolContent/EGDNMLMAEJL","System.Object"
-2090724666,"","SquadCreateEmblemRecord","SquadCreateEmblemRecord","PoolableObject"
-797054525,"","SquadCreateScreen","SquadCreateScreen","GuiScreenSingle`1<SquadCreateScreen>"
1115308608,"","SquadDetailsDialog","SquadDetailsDialog","GuiElementSingle`1<SquadDetailsDialog>"
-892110387,"","EAMACEEMMKB","SquadDetailsDialog/EAMACEEMMKB","System.Object"
544598318,"","JAACPCJFKPK","SquadDetailsDialog/JAACPCJFKPK","System.Object"
405798425,"","SquadDetailsMemberGridElement","SquadDetailsMemberGridElement","PoolableObject"
83657713,"","SquadEmblemRecord","SquadEmblemRecord","PoolableObject"
-236275566,"","SquadFindResults","SquadFindResults","Core_BaseScript"
-718425169,"","SquadFindScreen","SquadFindScreen","GuiScreenSingle`1<SquadFindScreen>"
-1829678056,"","HOLKAGODNHF","SquadFindScreen/HOLKAGODNHF","System.Enum"
1030591125,"","IDPPIPGNCIM","SquadFindScreen/IDPPIPGNCIM","System.Enum"
-412703675,"","LJOHLJECKPE","SquadFindScreen/LJOHLJECKPE","System.Object"
-1453325973,"","OJJALEHKPGJ","SquadFindScreen/OJJALEHKPGJ","System.Object"
2057475064,"","SquadIconContent","SquadIconContent","Core_BaseScript"
-1679824668,"","AJHOLNFCMMJ","SquadIconContent/AJHOLNFCMMJ","System.Enum"
-1452700423,"","FMGDCOGEIPE","SquadIconContent/FMGDCOGEIPE","System.Object"
1687237677,"","SquadInformationContent","SquadInformationContent","Core_BaseScript"
-387299235,"","SquadInvasionContent","SquadInvasionContent","Core_BaseScript"
-1770605481,"","SquadMemberContent","SquadMemberContent","Core_BaseScript"
1306857703,"","CCEADMJAMJG","SquadMemberContent/CCEADMJAMJG","System.Object"
-846985695,"","JDFLOJLBPMP","SquadMemberContent/JDFLOJLBPMP","System.Object"
-1637585787,"","MIKOPMHMGLL","SquadMemberContent/MIKOPMHMGLL","System.Object"
-1994790230,"","MIOPPGPCFJE","SquadMemberContent/MIOPPGPCFJE","System.Object"
548212614,"","ONGNNEPLKHG","SquadMemberContent/ONGNNEPLKHG","System.Object"
1923146233,"","PLKJJJOHDPH","SquadMemberContent/PLKJJJOHDPH","System.Object"
933466871,"","SquadPlayerRecord","SquadPlayerRecord","PoolableObject"
-1366354453,"","SquadPlayerRecordV2","SquadPlayerRecordV2","PoolableObject"
723358255,"","SquadRank","SquadRank","System.Enum"
1599299858,"","SquadRecord","SquadRecord","PoolableObject"
1843935268,"","SquadScreen","SquadScreen","GuiScreenSingle`1<SquadScreen>"
-2057008898,"","<>c","SquadScreen/<>c","System.Object"
-1094297180,"","DJEGEBDDHNH","SquadScreen/DJEGEBDDHNH","System.Object"
-347339024,"","GOPBKOOMFGK","SquadScreen/GOPBKOOMFGK","System.Object"
-784583826,"","HEDEIBMJFNG","SquadScreen/HEDEIBMJFNG","System.Object"
-905278117,"","JBANDKMIJAM","SquadScreen/JBANDKMIJAM","System.Enum"
924513276,"","KAFKDIPMGOB","SquadScreen/KAFKDIPMGOB","System.Object"
-433480290,"","ONODLFKFHAA","SquadScreen/ONODLFKFHAA","System.Object"
1277116948,"","SquadStatsContent","SquadStatsContent","Core_BaseScript"
-2057008898,"","<>c","SquadStatsContent/<>c","System.Object"
2076576238,"","BNPEKAKILFE","SquadStatsContent/BNPEKAKILFE","System.Object"
-1954816432,"","DHJGJKBJINA","SquadStatsContent/BNPEKAKILFE/DHJGJKBJINA","System.Enum"
-2073114948,"","KGBDADGNKLE","SquadStatsContent/KGBDADGNKLE","System.Object"
50626563,"","SquadStatsRecord","SquadStatsRecord","PoolableObject"
-993069526,"","SquadWarEndDialog","SquadWarEndDialog","GuiElementSingle`1<SquadWarEndDialog>"
915999115,"","PBKBEIMLNBJ","SquadWarEndDialog/PBKBEIMLNBJ","System.Object"
150743319,"","SquadWarEndMemberRecord","SquadWarEndMemberRecord","PoolableObject"
-415801850,"","SquadWarEndMemberV2Record","SquadWarEndMemberV2Record","PoolableObject"
972128482,"","SquadWarEndV2Dialog","SquadWarEndV2Dialog","GuiElementSingle`1<SquadWarEndV2Dialog>"
-1592972522,"","AOHFDIHPMEO","SquadWarEndV2Dialog/AOHFDIHPMEO","System.Object"
-784554708,"","SquadWarHintDialog","SquadWarHintDialog","GuiElementSingle`1<SquadWarHintDialog>"
-788917964,"","SquadWarHintV2Dialog","SquadWarHintV2Dialog","GuiElementSingle`1<SquadWarHintV2Dialog>"
-292497147,"","SquadWarManager","SquadWarManager","DatabaseSerializedObjectGeneric`1<SquadWarManager/SquadWarV2Data>"
-312921202,"","MGNIBDEBNOF","SquadWarManager/MGNIBDEBNOF","System.Object"
-1874371389,"","PICJJLOMPKF","SquadWarManager/PICJJLOMPKF","System.Object"
-1006018447,"","SquadWarV2Data","SquadWarManager/SquadWarV2Data","System.Object"
1665896743,"","SquadWarsContent","SquadWarsContent","Core_BaseScript"
-1416212882,"","BDOHLHGEKJG","SquadWarsContent/BDOHLHGEKJG","System.Object"
1464186878,"","EKDLHACDJGC","SquadWarsContent/EKDLHACDJGC","System.Object"
1608638815,"","GGBKPCIAMEM","SquadWarsContent/GGBKPCIAMEM","System.Object"
-46946959,"","ILEGJKNIOAC","SquadWarsContent/ILEGJKNIOAC","System.Object"
903878084,"","KBKDLNNMHDA","SquadWarsContent/KBKDLNNMHDA","System.Object"
1640914273,"","MGJLHJEPJCK","SquadWarsContent/MGJLHJEPJCK","System.Object"
-1517294353,"","PFFCPDHKNEB","SquadWarsContent/PFFCPDHKNEB","System.Object"
-1792551644,"","SquadWarsContentV2","SquadWarsContentV2","Core_BaseScript"
-2057008898,"","<>c","SquadWarsContentV2/<>c","System.Object"
-961614105,"","LIEBNJCMDFI","SquadWarsContentV2/LIEBNJCMDFI","System.Object"
195804293,"","MBKDFFOLNKO","SquadWarsContentV2/MBKDFFOLNKO","System.Object"
-1874354419,"","NHOLNKBKJGD","SquadWarsContentV2/NHOLNKBKJGD","System.Object"
-1823269560,"","OAGKKMHMHJH","SquadWarsContentV2/OAGKKMHMHJH","System.Object"
1691883549,"","OGFOCOKJCPF","SquadWarsContentV2/OGFOCOKJCPF","System.Object"
259549634,"","PENMCIPJFCH","SquadWarsContentV2/PENMCIPJFCH","System.Object"
453211111,"","POEFNBKCECO","SquadWarsContentV2/POEFNBKCECO","System.Object"
-1159442477,"","SquadWarsRecord","SquadWarsRecord","PoolableObject"
-1207022105,"","SquadWarsRecordV2","SquadWarsRecordV2","PoolableObject"
-13648737,"","SquadWarsRewardHintRecord","SquadWarsRewardHintRecord","PoolableObject"
-270942927,"","StarterAssignment","StarterAssignment","System.Object"
-1866734180,"","StarterAssignmentComplete","StarterAssignmentComplete","Core_BaseScript"
-1354886932,"","StarterAssignmentCraftCard","StarterAssignmentCraftCard","StarterAssignment"
-604567492,"","StarterAssignmentDeployUnit","StarterAssignmentDeployUnit","StarterAssignment"
378586814,"","StarterAssignmentGainWeeklyMedals","StarterAssignmentGainWeeklyMedals","StarterAssignment"
1090744747,"","StarterAssignmentGetSquadPoint","StarterAssignmentGetSquadPoint","StarterAssignment"
-679849204,"","StarterAssignmentPart","StarterAssignmentPart","Core_BaseScript"
-2013514287,"","StarterAssignmentPlayWarcard","StarterAssignmentPlayWarcard","StarterAssignment"
-904175168,"","StarterAssignmentReachRankFifth","StarterAssignmentReachRankFifth","NHABPCLJHJO"
-1648901780,"","StarterAssignmentReachRankSix","StarterAssignmentReachRankSix","NHABPCLJHJO"
-782150895,"","StarterAssignmentRecord","StarterAssignmentRecord","Core_BaseScript"
-322679812,"","COHIPALNOGP","StarterAssignmentRecord/COHIPALNOGP","System.Object"
-562540863,"","KAPGFHACNKM","StarterAssignmentRecord/KAPGFHACNKM","System.Object"
-1108184227,"","StarterAssignmentRewardDialog","StarterAssignmentRewardDialog","GuiElementSingle`1<StarterAssignmentRewardDialog>"
-1148162395,"","StarterAssignmentUpgradeWeapon","StarterAssignmentUpgradeWeapon","StarterAssignment"
-1511309857,"","StarterAssignmentWinMissionFirst","StarterAssignmentWinMissionFirst","HMNELLFONEH"
-655887286,"","StarterAssignmentWinPVPBattle","StarterAssignmentWinPVPBattle","StarterAssignment"
-1911838184,"","StarterAssignmentsContent","StarterAssignmentsContent","Core_BaseScript"
1658572081,"","AGCEGNADHMD","StarterAssignmentsContent/AGCEGNADHMD","System.Object"
-1821312538,"","StarterAssignmentsManager","StarterAssignmentsManager","DatabaseSerializedObjectGeneric`1<StarterAssignmentsManager/StarterAssignmentsData>"
-2057008898,"","<>c","StarterAssignmentsManager/<>c","System.Object"
-1637632278,"","StarterAssignmentsData","StarterAssignmentsManager/StarterAssignmentsData","System.Object"
1754122094,"","StarterAssignmentData","StarterAssignmentsManager/StarterAssignmentsData/StarterAssignmentData","System.Object"
-1859564359,"","StarterPacksDialog","StarterPacksDialog","GuiElementSingle`1<StarterPacksDialog>"
-42447943,"","StatsManager","StatsManager","DatabaseSerializedObjectGeneric`1<StatsManager/StatisticsData>"
-1395948389,"","StatisticsData","StatsManager/StatisticsData","System.Object"
976323594,"","StrikethroughPrize","StrikethroughPrize","Core_BaseScript"
-643551605,"","SubmitVideoDialog","SubmitVideoDialog","GuiElementSingle`1<SubmitVideoDialog>"
151737958,"","SubscriptionConfirmDialog","SubscriptionConfirmDialog","GuiElementSingle`1<SubscriptionConfirmDialog>"
-1479071990,"","IMDALEHCDBE","SubscriptionConfirmDialog/IMDALEHCDBE","System.Object"
1456133711,"","SubscriptionDetailsDialog","SubscriptionDetailsDialog","GuiElementSingle`1<SubscriptionDetailsDialog>"
-1453161828,"","SubscriptionManager","SubscriptionManager","DatabaseSerializedObjectGeneric`1<SubscriptionManager/Subscription>"
360046809,"","Subscription","SubscriptionManager/Subscription","System.Object"
-632350614,"","SubscriptionState","SubscriptionManager/SubscriptionState","System.Enum"
131572891,"","SubscriptionRemindDialog","SubscriptionRemindDialog","GuiElementSingle`1<SubscriptionRemindDialog>"
1563297667,"","NFHBNAFJGDG","SubscriptionRemindDialog/NFHBNAFJGDG","System.Enum"
-1148116460,"","SubscriptionRenewDialog","SubscriptionRenewDialog","GuiElementSingle`1<SubscriptionRenewDialog>"
-1970329830,"","SuperChargedEffectGUIBase","SuperChargedEffectGUIBase","UnityEngine.MonoBehaviour"
-1032809709,"","SuperChargedUnitRecord","SuperChargedUnitRecord","Core_BaseScript"
-1276460307,"","SuperChargedUnitsDialog","SuperChargedUnitsDialog","GuiElementSingle`1<SuperChargedUnitsDialog>"
-377751862,"","SuperChargedUnitsManager","SuperChargedUnitsManager","DatabaseSerializedObjectGeneric`1<SuperChargedUnitsManager/SuperChargedUnitsData>"
1345618668,"","LCMFNLCGCKH","SuperChargedUnitsManager/LCMFNLCGCKH","System.Enum"
-1962500370,"","MJJHJGCJDAF","SuperChargedUnitsManager/MJJHJGCJDAF","System.Enum"
1669455569,"","NEFLDBDJGFH","SuperChargedUnitsManager/NEFLDBDJGFH","System.Enum"
-879878503,"","SuperChargedUnit","SuperChargedUnitsManager/SuperChargedUnit","System.Object"
1544044053,"","SuperChargedUnitsData","SuperChargedUnitsManager/SuperChargedUnitsData","System.Object"
-495462816,"","SuperDivisionContent","SuperDivisionContent","Core_BaseScript"
445757312,"","BMBACAFFCPC","SuperDivisionContent/BMBACAFFCPC","System.Object"
-1572140373,"","NEPFIMJLIOJ","SuperDivisionContent/NEPFIMJLIOJ","System.Object"
1486327860,"","PLGNCLKGMON","SuperDivisionContent/PLGNCLKGMON","System.Object"
-621388670,"","SuperDivisionHintDialog","SuperDivisionHintDialog","GuiElementSingle`1<SuperDivisionHintDialog>"
926598328,"","SuperPoisonOverTime","SuperPoisonOverTime","UnityEngine.MonoBehaviour"
-370046115,"","Suspension","Suspension","UnityEngine.MonoBehaviour"
1749076622,"","SwitchableGui","SwitchableGui","Core_BaseScript"
51027025,"","FNACDLCKFPH","SwitchableGui/FNACDLCKFPH","System.Enum"
-161679984,"","Sword","Sword","Weapon"
-587206093,"","HAHDJIEOHCL","Sword/HAHDJIEOHCL","System.Object"
505057509,"","SystemMaintenanceDialog","SystemMaintenanceDialog","GuiElementSingle`1<SystemMaintenanceDialog>"
2130002279,"","DJFBAODFMBL","SystemMaintenanceDialog/DJFBAODFMBL","System.Object"
-163584801,"","T4MBillBObjSC","T4MBillBObjSC","UnityEngine.MonoBehaviour"
-1045694210,"","T4MLodObjSC","T4MLodObjSC","UnityEngine.MonoBehaviour"
-547322266,"","T4MObjSC","T4MObjSC","UnityEngine.MonoBehaviour"
-1204115082,"","T4MPartSC","T4MPartSC","UnityEngine.MonoBehaviour"
-13904482,"","T4MPlantObjSC","T4MPlantObjSC","UnityEngine.MonoBehaviour"
1383395801,"","TagsAndLayers","TagsAndLayers","Singleton`1<TagsAndLayers>"
-76862598,"","Tank","Tank","Vehicle`1<TankBehaviour>"
-475427702,"","TankBehaviour","TankBehaviour","TankBehaviourG`1<TankBehaviourDefinititon>"
524704928,"","TankBehaviourDefinititon","TankBehaviourDefinititon","VehicleBehaviourDefinititon"
1784105587,"","TankBehaviourG`1","TankBehaviourG`1","VehicleBehaviour"
500802824,"","TechnologyVisualDefinition","TechnologyVisualDefinition","System.Object"
-1202574067,"","AGKJJHAFINK","TechnologyVisualDefinition/AGKJJHAFINK","System.Object"
-266681634,"","KFBCACPIKJN","TechnologyVisualDefinition/KFBCACPIKJN","System.Object"
-265989043,"","TermsDialog","TermsDialog","Core_BaseScript"
-1209302652,"","TimeAndProgressHudGuiElement","TimeAndProgressHudGuiElement","GuiElementSingle`1<TimeAndProgressHudGuiElement>"
1657574791,"","TimeManager","TimeManager","Core_BaseScript"
-2057008898,"","<>c","TimeManager/<>c","System.Object"
2009587652,"","BMDADPPMCOK","TimeManager/BMDADPPMCOK","System.Enum"
-958141292,"","TournamentsManager","TournamentsManager","DatabaseSerializedObjectGeneric`1<TournamentsManager/TournamentsData>"
-1819897276,"","TournamentsData","TournamentsManager/TournamentsData","System.Object"
720579896,"","Train","Train","Core_BaseScript"
-1077631908,"","TrainLoad","Train/TrainLoad","System.Object"
569199330,"","TransferCodeDialog","TransferCodeDialog","GuiElementSingle`1<TransferCodeDialog>"
-1565199644,"","TransitionNewPlayerDialog","TransitionNewPlayerDialog","GuiElementSingle`1<TransitionNewPlayerDialog>"
-629051567,"","TransitionRewardDialog","TransitionRewardDialog","GuiElementSingle`1<TransitionRewardDialog>"
2142761432,"","CMEPEBKGHCM","TransitionRewardDialog/CMEPEBKGHCM","System.Enum"
-1303499838,"","TranslationIdFinder","TranslationIdFinder","Core_BaseScript"
1136064009,"","TranslationRecord","TranslationIdFinder/TranslationRecord","System.Object"
-142682535,"","TransporterTurret","TransporterTurret","TurretWeaponBasic"
-472678054,"","DOOEHLLHMJN","TransporterTurret/DOOEHLLHMJN","System.Object"
965964908,"","LHBNFFINADJ","TransporterTurret/LHBNFFINADJ","System.Object"
-273167020,"TuneSDK","Tune","TuneSDK.Tune","UnityEngine.MonoBehaviour"
1483256186,"TuneSDK","TuneListener","TuneSDK.TuneListener","UnityEngine.MonoBehaviour"
426810296,"","TuneSample","TuneSample","UnityEngine.MonoBehaviour"
576076454,"","Turret","Turret","TurretBase`2<TurretBehaviour,TurretBehaviourDefinititon>"
-1342695406,"","TurretBaseBehaviourG`1","TurretBaseBehaviourG`1","VehicleBehaviour"
2058391415,"","TurretBase`2","TurretBase`2","MechanicalUnit`1<T>"
-530394603,"","TurretBehaviour","TurretBehaviour","TurretBaseBehaviourG`1<TurretBehaviourDefinititon>"
-432219249,"","TurretBehaviourDefinititon","TurretBehaviourDefinititon","VehicleBehaviourDefinititon"
794013835,"","TurretGun","TurretGun","AutomaticRifle"
455646660,"","TurretPosition","TurretPosition","UnityEngine.MonoBehaviour"
-1780387353,"","TurretRockets","TurretRockets","TurretBase`2<TurretRocketsBehaviour,TurretRocketsBehaviourDefinititon>"
-1406967695,"","TurretRocketsBehaviour","TurretRocketsBehaviour","TurretBaseBehaviourG`1<TurretRocketsBehaviourDefinititon>"
-766850187,"","TurretRocketsBehaviourDefinititon","TurretRocketsBehaviourDefinititon","VehicleBehaviourDefinititon"
548679280,"","TurretWeaponBasic","TurretWeaponBasic","Core_BaseScript"
1272821994,"","KEKAKBLHBBF","TurretWeaponBasic/KEKAKBLHBBF","System.Object"
-1121756759,"","TurretWeaponMultipleWeapons","TurretWeaponMultipleWeapons","TurretWeaponBasic"
-1718595988,"","EDJJKMAJMDI","TurretWeaponMultipleWeapons/EDJJKMAJMDI","System.Object"
914880701,"","TutorialBoosterDialog","TutorialBoosterDialog","GuiElementSingle`1<TutorialBoosterDialog>"
787731006,"","TutorialCheckBox","TutorialCheckBox","UnityEngine.MonoBehaviour"
-114748947,"","TutorialClickOverlay","TutorialClickOverlay","GuiElementSingle`1<TutorialClickOverlay>"
-1930245123,"","TutorialDialog","TutorialDialog","GuiElementSingle`1<TutorialDialog>"
1327174892,"","AONJKEMBOJM","TutorialDialog/AONJKEMBOJM","System.Object"
463266975,"","CANIMLABGBH","TutorialDialog/CANIMLABGBH","System.Enum"
-945595683,"","ILDDKPJLHHI","TutorialDialog/ILDDKPJLHHI","System.Enum"
-626763590,"","TutorialFade","TutorialFade","GuiElementSingle`1<TutorialFade>"
-687979575,"","TutorialLoginGuiElement","TutorialLoginGuiElement","GuiElement"
-598599505,"","TutorialManagerAugmentations","TutorialManagerAugmentations","TutorialManagerBase"
-1515616364,"","JBMCEFENMEJ","TutorialManagerAugmentations/JBMCEFENMEJ","System.Object"
1800901884,"","TutorialManagerBase","TutorialManagerBase","InGameSerializedObjectGeneric`1<TutorialManagerBase/TutorialData>"
-224221150,"","<SpawnCheck>d__31","TutorialManagerBase/<SpawnCheck>d__31","System.Object"
1620688072,"","<SpawnCheckWithPause>d__30","TutorialManagerBase/<SpawnCheckWithPause>d__30","System.Object"
-1112060924,"","TutorialData","TutorialManagerBase/TutorialData","System.Object"
-442311081,"","TutorialManagerPlayWarcards","TutorialManagerPlayWarcards","TutorialManagerBase"
-722516117,"","<CardSelection>d__22","TutorialManagerPlayWarcards/<CardSelection>d__22","System.Object"
1546819253,"","<CheckCards>d__23","TutorialManagerPlayWarcards/<CheckCards>d__23","System.Object"
294877042,"","<GameCardTutorial>d__21","TutorialManagerPlayWarcards/<GameCardTutorial>d__21","System.Object"
-1341690595,"","<Tutorial>d__19","TutorialManagerPlayWarcards/<Tutorial>d__19","System.Object"
-1657157449,"","<Welcome>d__20","TutorialManagerPlayWarcards/<Welcome>d__20","System.Object"
-1729644568,"","TutorialManagerStage1","TutorialManagerStage1","TutorialManagerBase"
-2057008898,"","<>c","TutorialManagerStage1/<>c","System.Object"
1344560383,"","<>c__DisplayClass37_0","TutorialManagerStage1/<>c__DisplayClass37_0","System.Object"
-1165345068,"","<BotSpawningsUnits>d__47","TutorialManagerStage1/<BotSpawningsUnits>d__47","System.Object"
-1796016229,"","<CheckAmmo>d__35","TutorialManagerStage1/<CheckAmmo>d__35","System.Object"
-1215222787,"","<CheckIfPlayerShootsWithAssaultRifle>d__42","TutorialManagerStage1/<CheckIfPlayerShootsWithAssaultRifle>d__42","System.Object"
687656738,"","<CheckKilled>d__41","TutorialManagerStage1/<CheckKilled>d__41","System.Object"
-1923233326,"","<KillEnemyTutorial>d__45","TutorialManagerStage1/<KillEnemyTutorial>d__45","System.Object"
-666369931,"","<KillingUnitTutorial>d__44","TutorialManagerStage1/<KillingUnitTutorial>d__44","System.Object"
-1564478169,"","<LearnSendingUnits>d__51","TutorialManagerStage1/<LearnSendingUnits>d__51","System.Object"
1999739306,"","<MenuPartCorutine>d__58","TutorialManagerStage1/<MenuPartCorutine>d__58","System.Object"
-998126879,"","<MovementTutorial>d__37","TutorialManagerStage1/<MovementTutorial>d__37","System.Object"
692084949,"","<RifleTutorial>d__40","TutorialManagerStage1/<RifleTutorial>d__40","System.Object"
575165173,"","<ShowEnemy>d__34","TutorialManagerStage1/<ShowEnemy>d__34","System.Object"
-1519393206,"","<Tutorial>d__33","TutorialManagerStage1/<Tutorial>d__33","System.Object"
-705327542,"","<UpdateHoldAnimationForEnemy>d__43","TutorialManagerStage1/<UpdateHoldAnimationForEnemy>d__43","System.Object"
-515719518,"","<UpdateSwipeShieldAnimation>d__54","TutorialManagerStage1/<UpdateSwipeShieldAnimation>d__54","System.Object"
-1152359303,"","<WaitShotgunerIsIN>d__53","TutorialManagerStage1/<WaitShotgunerIsIN>d__53","System.Object"
631730424,"","TutorialManagerStage2","TutorialManagerStage2","TutorialManagerBase"
937609415,"","<BuyTutorialUnit>d__36","TutorialManagerStage2/<BuyTutorialUnit>d__36","System.Object"
-974471379,"","<CheckAmmo>d__30","TutorialManagerStage2/<CheckAmmo>d__30","System.Object"
-1714048897,"","<Menu>d__19","TutorialManagerStage2/<Menu>d__19","System.Object"
-1429674215,"","<Overtime>d__28","TutorialManagerStage2/<Overtime>d__28","System.Object"
153393750,"","<SniperExplain>d__25","TutorialManagerStage2/<SniperExplain>d__25","System.Object"
-890099720,"","<SpawnParatroopers>d__24","TutorialManagerStage2/<SpawnParatroopers>d__24","System.Object"
941996486,"","<ThrowGrenade>d__33","TutorialManagerStage2/<ThrowGrenade>d__33","System.Object"
1745133906,"","<UpdateHoldSniperShoot>d__23","TutorialManagerStage2/<UpdateHoldSniperShoot>d__23","System.Object"
363288622,"","<UpdateSwipeGrenadeThrow>d__32","TutorialManagerStage2/<UpdateSwipeGrenadeThrow>d__32","System.Object"
-24702862,"","<WeaponGrenadeTutorial>d__27","TutorialManagerStage2/<WeaponGrenadeTutorial>d__27","System.Object"
-1844477244,"","<Welcome>d__29","TutorialManagerStage2/<Welcome>d__29","System.Object"
227315873,"","TutorialManagerStage3","TutorialManagerStage3","TutorialManagerBase"
-2057008898,"","<>c","TutorialManagerStage3/<>c","System.Object"
-1737291273,"","<AfterGameCoroutine>d__11","TutorialManagerStage3/<AfterGameCoroutine>d__11","System.Object"
-1941756523,"","<CheckAmmo>d__21","TutorialManagerStage3/<CheckAmmo>d__21","System.Object"
-662120507,"","<CheckKilledShotGunner>d__17","TutorialManagerStage3/<CheckKilledShotGunner>d__17","System.Object"
464248441,"","<Overtime>d__20","TutorialManagerStage3/<Overtime>d__20","System.Object"
-1542800547,"","<Welcome>d__19","TutorialManagerStage3/<Welcome>d__19","System.Object"
1099286026,"","TutorialManagerStage4","TutorialManagerStage4","TutorialManagerBase"
-2057008898,"","<>c","TutorialManagerStage4/<>c","System.Object"
-822879686,"","<UpdateWeaponTutorial>d__25","TutorialManagerStage4/<UpdateWeaponTutorial>d__25","System.Object"
1599985687,"","TutorialManagerStage5","TutorialManagerStage5","TutorialManagerBase"
-1528411575,"","<UpdateUnitTutorial>d__23","TutorialManagerStage5/<UpdateUnitTutorial>d__23","System.Object"
-858407302,"","TutorialManagerStage6","TutorialManagerStage6","TutorialManagerBase"
1123700298,"","<GuidePlayerToMatch>d__12","TutorialManagerStage6/<GuidePlayerToMatch>d__12","System.Object"
-1060544103,"","TutorialManagerWeaponAugs","TutorialManagerWeaponAugs","TutorialManagerBase"
1344959481,"","JHBACBCKOBF","TutorialManagerWeaponAugs/JHBACBCKOBF","System.Object"
-1777464055,"","TutorialMapDefinition","TutorialMapDefinition","UnityEngine.MonoBehaviour"
-1596671086,"","TutorialOverlayGuiElement","TutorialOverlayGuiElement","GuiElementSingle`1<TutorialOverlayGuiElement>"
80243731,"","AAKMACCECKM","TutorialOverlayGuiElement/AAKMACCECKM","System.Object"
1965310874,"","BLPOJGHJDOC","TutorialOverlayGuiElement/BLPOJGHJDOC","System.Object"
-1270125124,"","ENLILFCDEBN","TutorialOverlayGuiElement/ENLILFCDEBN","System.Object"
-1088997737,"","GBPFJFHANJP","TutorialOverlayGuiElement/GBPFJFHANJP","System.Object"
1782800605,"","IPNMBKOBMLE","TutorialOverlayGuiElement/IPNMBKOBMLE","System.Object"
1104605594,"","LKPPBKGPIPL","TutorialOverlayGuiElement/LKPPBKGPIPL","System.Object"
1161446305,"","TutorialPrestigeDialog","TutorialPrestigeDialog","GuiElementSingle`1<TutorialPrestigeDialog>"
1191027348,"","OJGOFNPONDH","TutorialPrestigeDialog/OJGOFNPONDH","System.Object"
-651780903,"","TutorialProgressShower","TutorialProgressShower","Singleton`1<TutorialProgressShower>"
232806007,"","TutorialWeaponDialog","TutorialWeaponDialog","GuiElementSingle`1<TutorialWeaponDialog>"
500235229,"","TweenAlphaHider","TweenAlphaHider","UITweener"
-90279007,"","TweenAnimator","TweenAnimator","Core_BaseScript"
-1204302014,"","FOBNKLOLDGI","TweenAnimator/FOBNKLOLDGI","System.Enum"
1569177423,"","PIFFHGDEDGP","TweenAnimator/PIFFHGDEDGP","System.Object"
-445466588,"","TweenRecord","TweenAnimator/TweenRecord","System.Object"
673241767,"","TweenBeginnerLeague","TweenBeginnerLeague","UITweener"
885501858,"","TweenColorSpecial","TweenColorSpecial","UITweener"
1442952214,"","TweenCounterSpecial","TweenCounterSpecial","UITweener"
-1961606377,"","TweenLeague","TweenLeague","UITweener"
582272472,"","TweenProgressBar","TweenProgressBar","UITweener"
1246648055,"","TweenProgressTextCounter","TweenProgressTextCounter","UITweener"
-1453423773,"","TweenRotationSpecial","TweenRotationSpecial","UITweener"
-916951926,"","TweenSufixTextCounter","TweenSufixTextCounter","UITweener"
2003369407,"","TweenTextCounter","TweenTextCounter","UITweener"
1089316144,"","TweenTextCounterLong","TweenTextCounterLong","UITweener"
1408164948,"","TweenTimeCounter","TweenTimeCounter","UITweener"
-1043625283,"","TweenXPTextCounter","TweenXPTextCounter","UITweener"
678687758,"","Tweetmanager","Tweetmanager","Singleton`1<Tweetmanager>"
-139607258,"","UIAnchorAutoDisable","UIAnchorAutoDisable","UIAnchor"
1910532687,"","UIButtonBlink","UIButtonBlink","UnityEngine.MonoBehaviour"
1540265750,"","UIButtonOnOff","UIButtonOnOff","UIButton"
-758597583,"","UIButtonScaleTouch","UIButtonScaleTouch","UnityEngine.MonoBehaviour"
-827174069,"","UIButtonSetter","UIButtonSetter","UnityEngine.MonoBehaviour"
-128607576,"","ButtonBackgrounds","UIButtonSetter/ButtonBackgrounds","System.Object"
-36258078,"","LabelWidth","UIButtonSetter/LabelWidth","System.Object"
641818783,"","UICenterOnChildWithMomentum","UICenterOnChildWithMomentum","UnityEngine.MonoBehaviour"
-2025747674,"","UICheckboxPanel","UICheckboxPanel","UnityEngine.MonoBehaviour"
478400588,"","UIDraggablePanelAlignToBottom","UIDraggablePanelAlignToBottom","UIDraggablePanel"
-250709762,"","UIDraggablePanelRestrictTopLeft","UIDraggablePanelRestrictTopLeft","UIDraggablePanel"
-1400812128,"","UIDraggablePanelWithScale","UIDraggablePanelWithScale","UIDraggablePanel"
1824173642,"","UIGridStretchWidth","UIGridStretchWidth","UnityEngine.MonoBehaviour"
1224620685,"","LDINFGAHBJG","UIGridStretchWidth/LDINFGAHBJG","System.MulticastDelegate"
1403146074,"","NHDACGLIACG","UIGridStretchWidth/NHDACGLIACG","System.Enum"
731428725,"","UIInputChat","UIInputChat","UIInput"
776441166,"","UIInputHidingKeyboardFix","UIInputHidingKeyboardFix","UIInput"
-2033308511,"","UIPopupListSameSelect","UIPopupListSameSelect","UIPopupList"
97236154,"","LGNNLJAEDNG","UIPopupListSameSelect/LGNNLJAEDNG","System.MulticastDelegate"
302369023,"","UIPositionSetter","UIPositionSetter","UnityEngine.MonoBehaviour"
-439890852,"","UIReflectionEffect","UIReflectionEffect","UISprite"
-1229918926,"","UISimpleHider","UISimpleHider","UnityEngine.MonoBehaviour"
1679227052,"","UISpriteRelativeWidth","UISpriteRelativeWidth","UnityEngine.MonoBehaviour"
-1295760878,"","UnitEndScreenRecord","UnitEndScreenRecord","PoolableObject"
-2060012415,"","UnitIndicator","UnitIndicator","PoolableObject"
1463301494,"","BOJLJGMJJGI","UnitIndicator/BOJLJGMJJGI","System.Object"
-1365059002,"","UnitModelLoader","UnitModelLoader","Core_BaseScript"
-1081015209,"","UnitModelLoaderWithAnimations","UnitModelLoaderWithAnimations","UnitModelLoader"
755499980,"","UnitPreset","UnitPreset","System.Object"
-1857328941,"","UnitPromotedDialog","UnitPromotedDialog","GuiElementSingle`1<UnitPromotedDialog>"
1388442384,"","UnitPromotionLockedDialog","UnitPromotionLockedDialog","GuiElementSingle`1<UnitPromotionLockedDialog>"
1188483330,"","UnitReadyForPromotionDialog","UnitReadyForPromotionDialog","GuiElementSingle`1<UnitReadyForPromotionDialog>"
-1272302621,"","UnitShield","UnitShield","Core_BaseScript"
1972557148,"","UnitUpgradeDefinition","UnitUpgradeDefinition","System.Object"
-1997391134,"","UnitsHeadTest","UnitsHeadTest","Core_BaseScript"
-445217408,"","PJPHOEKIELH","UnitsHeadTest/PJPHOEKIELH","System.Object"
1701862049,"UnityStandardAssets.ImageEffects","GlobalFog","UnityStandardAssets.ImageEffects.GlobalFog","UnityStandardAssets.ImageEffects.PostEffectsBase"
1448185299,"UnityStandardAssets.ImageEffects","PostEffectsBase","UnityStandardAssets.ImageEffects.PostEffectsBase","UnityEngine.MonoBehaviour"
-311975780,"","UnluckDistanceDisabler","UnluckDistanceDisabler","UnityEngine.MonoBehaviour"
1634391296,"","UpgradeSlot","UpgradeSlot","System.Object"
616964599,"","UpgradeSlotElite","UpgradeSlotElite","UpgradeSlot"
1899175924,"","BHIHJBDFBMC","UpgradeSlotElite/BHIHJBDFBMC","System.Enum"
-363978796,"","UpgradeSlotSpecial","UpgradeSlotSpecial","UpgradeSlot"
477570866,"","UpgradeSlots","UpgradeSlots","Core_BaseScript"
1023232420,"","<LoadMineVisualAsync>d__232","UpgradeSlots/<LoadMineVisualAsync>d__232","System.Object"
1950175154,"","<LoadMineVisualsCoroutine>d__234","UpgradeSlots/<LoadMineVisualsCoroutine>d__234","System.Object"
-249215056,"","<LoadMineVisualsCoroutineCards>d__236","UpgradeSlots/<LoadMineVisualsCoroutineCards>d__236","System.Object"
-588925585,"","<LoadOponentVisualsCoroutine>d__235","UpgradeSlots/<LoadOponentVisualsCoroutine>d__235","System.Object"
294803142,"","<LoadOpponentVisualAsync>d__233","UpgradeSlots/<LoadOpponentVisualAsync>d__233","System.Object"
1422108504,"","<LoadOpponentVisualsCoroutineCards>d__237","UpgradeSlots/<LoadOpponentVisualsCoroutineCards>d__237","System.Object"
-95694465,"","ScreenBottomState","UpgradeSlots/ScreenBottomState","System.Enum"
-165903836,"","ScreenLeftState","UpgradeSlots/ScreenLeftState","System.Enum"
-2085178917,"","ScreenRightState","UpgradeSlots/ScreenRightState","System.Enum"
-1363641036,"","State","UpgradeSlots/State","System.Enum"
1916710009,"","UnitUpgrades","UpgradeSlots/UnitUpgrades","System.ValueType"
-747680338,"","VisualSlotMesh","UpgradeSlots/VisualSlotMesh","System.Object"
647408890,"","UpgradeSlotsAssaultHelicopter","UpgradeSlotsAssaultHelicopter","UpgradeSlotsVehicle`1<Google2u.DBUpgradeSlotsDrone>"
1257950575,"","UpgradeSlotsAssaulter","UpgradeSlotsAssaulter","UpgradeSlotsBaseSoldier`1<Google2u.DBUpgradeSlotsAssaulter>"
748653930,"","UpgradeSlotsBackbone","UpgradeSlotsBackbone","UpgradeSlotsBaseSoldier`1<Google2u.DBUpgradeSlotsBackbone>"
-2047006774,"","UpgradeSlotsBaseSoldier`1","UpgradeSlotsBaseSoldier`1","UpgradeSlotsGeneric`1<T>"
2091462101,"","IIKBNMDPMCK","UpgradeSlotsBaseSoldier`1/IIKBNMDPMCK","System.Object"
520552090,"","NEAANOGOGGP","UpgradeSlotsBaseSoldier`1/NEAANOGOGGP","System.Object"
-875523472,"","UpgradeSlotsBazooka","UpgradeSlotsBazooka","UpgradeSlotsBaseSoldier`1<Google2u.DBUpgradeSlotsShotgunner>"
-197638422,"","UpgradeSlotsBreach","UpgradeSlotsBreach","UpgradeSlotsBaseSoldier`1<Google2u.DBUpgradeSlotsBreach>"
-768537615,"","UpgradeSlotsBuddy","UpgradeSlotsBuddy","UpgradeSlotsBaseSoldier`1<Google2u.DBUpgradeSlotsBuddy>"
-721520522,"","UpgradeSlotsBunker","UpgradeSlotsBunker","UpgradeSlotsVehicle`1<Google2u.DBUpgradeSlotsBunker>"
-468201695,"","UpgradeSlotsCar","UpgradeSlotsCar","UpgradeSlotsVehicle`1<Google2u.DBUpgradeSlotsCar>"
1873493748,"","UpgradeSlotsCarBuggy","UpgradeSlotsCarBuggy","UpgradeSlotsVehicle`1<Google2u.DBUpgradeSlotsCarBuggy>"
573295477,"","UpgradeSlotsCarTransporter","UpgradeSlotsCarTransporter","UpgradeSlotsVehicle`1<Google2u.DBUpgradeSlotsTransporter>"
96874283,"","UpgradeSlotsChemical","UpgradeSlotsChemical","UpgradeSlotsBaseSoldier`1<Google2u.DBUpgradeSlotsChemical>"
-1236309547,"","UpgradeSlotsCommando","UpgradeSlotsCommando","UpgradeSlotsBaseSoldier`1<Google2u.DBUpgradeSlotsCommando>"
179545562,"","UpgradeSlotsCrossbowSniper","UpgradeSlotsCrossbowSniper","UpgradeSlotsBaseSoldier`1<Google2u.DBUpgradeSlotsCrossbowSniper>"
-1449360955,"","UpgradeSlotsDrone","UpgradeSlotsDrone","UpgradeSlotsMechanical`1<Google2u.DBUpgradeSlotsDrone>"
-32418420,"","UpgradeSlotsEngineer","UpgradeSlotsEngineer","UpgradeSlotsBaseSoldier`1<Google2u.DBUpgradeSlotsShotgunner>"
-895598080,"","FOOAAOMIEDJ","UpgradeSlotsEngineer/FOOAAOMIEDJ","System.Object"
193162723,"","GEAMEGJOBCA","UpgradeSlotsEngineer/GEAMEGJOBCA","System.Object"
340672564,"","UpgradeSlotsExoMech","UpgradeSlotsExoMech","UpgradeSlotsVehicle`1<Google2u.DBUpgradeSlotsMech>"
-181430158,"","GMINLLNCEDH","UpgradeSlotsExoMech/GMINLLNCEDH","System.Object"
-1434143154,"","LKIEKKMNJLI","UpgradeSlotsExoMech/LKIEKKMNJLI","System.Object"
2142198523,"","UpgradeSlotsExoPilot","UpgradeSlotsExoPilot","UpgradeSlotsBaseSoldier`1<Google2u.DBUpgradeSlotsExoPilot>"
917627307,"","KFGEKMAJBAC","UpgradeSlotsExoPilot/KFGEKMAJBAC","System.Object"
736641401,"","OBKGHKLBFOA","UpgradeSlotsExoPilot/OBKGHKLBFOA","System.Object"
-32318465,"","UpgradeSlotsFlamethrower","UpgradeSlotsFlamethrower","UpgradeSlotsBaseSoldier`1<Google2u.DBUpgradeSlotsFlamethrower>"
1418192456,"","UpgradeSlotsGeneric`1","UpgradeSlotsGeneric`1","UpgradeSlots"
-676331086,"","UpgradeSlotsGrennader","UpgradeSlotsGrennader","UpgradeSlotsBaseSoldier`1<Google2u.DBUpgradeSlotsShotgunner>"
-1676307147,"","UpgradeSlotsGunslicer","UpgradeSlotsGunslicer","UpgradeSlotsBaseSoldier`1<Google2u.DBUpgradeSlotsGunslinger>"
910493357,"","UpgradeSlotsHavoc","UpgradeSlotsHavoc","UpgradeSlotsMechanical`1<Google2u.DBUpgradeSlotsHavoc>"
2008482418,"","UpgradeSlotsHelicopter","UpgradeSlotsHelicopter","UpgradeSlotsVehicle`1<Google2u.DBUpgradeSlotsHelicopter>"
-227105176,"","UpgradeSlotsInstinct","UpgradeSlotsInstinct","UpgradeSlotsBaseSoldier`1<Google2u.DBUpgradeSlotsInstinct>"
1966113574,"","UpgradeSlotsMachineGunner","UpgradeSlotsMachineGunner","UpgradeSlotsBaseSoldier`1<Google2u.DBUpgradeSlotsMachineGunner>"
-1268541104,"","UpgradeSlotsMech","UpgradeSlotsMech","UpgradeSlotsMechanical`1<Google2u.DBUpgradeSlotsMech>"
-1665982350,"","UpgradeSlotsMechanical`1","UpgradeSlotsMechanical`1","UpgradeSlotsGeneric`1<T>"
-1163918178,"","UpgradeSlotsMinigunner","UpgradeSlotsMinigunner","UpgradeSlotsBaseSoldier`1<Google2u.DBUpgradeSlotsShotgunner>"
-1307984380,"","UpgradeSlotsMortar","UpgradeSlotsMortar","UpgradeSlotsBaseSoldier`1<Google2u.DBUpgradeSlotsGrennader>"
976881574,"","UpgradeSlotsOrb","UpgradeSlotsOrb","UpgradeSlotsGeneric`1<Google2u.DBUpgradeSlotsOrb>"
946339341,"","HJLLHNMKEOM","UpgradeSlotsOrb/HJLLHNMKEOM","System.Object"
629508192,"","KIOHBHDIIEO","UpgradeSlotsOrb/KIOHBHDIIEO","System.Object"
-287306015,"","UpgradeSlotsOverseer","UpgradeSlotsOverseer","UpgradeSlotsBaseSoldier`1<Google2u.DBUpgradeSlotsOverseer>"
594426426,"","BCOJCCOBCOE","UpgradeSlotsOverseer/BCOJCCOBCOE","System.Object"
762829918,"","CJEPGNMHDJN","UpgradeSlotsOverseer/CJEPGNMHDJN","System.Object"
-1848088255,"","UpgradeSlotsParachuter","UpgradeSlotsParachuter","UpgradeSlotsBaseSoldier`1<Google2u.DBUpgradeSlotsShotgunner>"
-450432699,"","UpgradeSlotsRenegade","UpgradeSlotsRenegade","UpgradeSlotsBaseSoldier`1<Google2u.DBUpgradeSlotsRenegade>"
-1725096925,"","UpgradeSlotsRiko","UpgradeSlotsRiko","UpgradeSlotsBaseSoldier`1<Google2u.DBUpgradeSlotsRiko>"
-1469216831,"","UpgradeSlotsSciFi","UpgradeSlotsSciFi","UpgradeSlotsBaseSoldier`1<Google2u.DBUpgradeSlotsSciFi>"
1245847842,"","UpgradeSlotsShotgunner","UpgradeSlotsShotgunner","UpgradeSlotsBaseSoldier`1<Google2u.DBUpgradeSlotsShotgunner>"
-1308634944,"","UpgradeSlotsSilverstrike","UpgradeSlotsSilverstrike","UpgradeSlotsBaseSoldier`1<Google2u.DBUpgradeSlotsSilverstrike>"
-423743742,"","UpgradeSlotsSniper","UpgradeSlotsSniper","UpgradeSlotsBaseSoldier`1<Google2u.DBUpgradeSlotsSniper>"
1385932781,"","UpgradeSlotsSpecter","UpgradeSlotsSpecter","UpgradeSlotsBaseSoldier`1<Google2u.DBUpgradeSlotsSpecter>"
1050095186,"","UpgradeSlotsSpiderBot","UpgradeSlotsSpiderBot","UpgradeSlotsMechanical`1<Google2u.DBUpgradeSlotsSpiderBot>"
-51936806,"","BAHHKAKGGBO","UpgradeSlotsSpiderBot/BAHHKAKGGBO","System.Object"
-1590262003,"","DNJPCELDDAD","UpgradeSlotsSpiderBot/DNJPCELDDAD","System.Object"
-644870382,"","UpgradeSlotsSpiderling","UpgradeSlotsSpiderling","UpgradeSlotsGeneric`1<Google2u.DBUpgradeSlotsSpiderBot>"
1957541312,"","CCPELDFELOJ","UpgradeSlotsSpiderling/CCPELDFELOJ","System.Object"
-828286092,"","OCDEGOHICJN","UpgradeSlotsSpiderling/OCDEGOHICJN","System.Object"
-1917638538,"","UpgradeSlotsSurge","UpgradeSlotsSurge","UpgradeSlotsBaseSoldier`1<Google2u.DBUpgradeSlotsSurge>"
435825156,"","UpgradeSlotsSwat","UpgradeSlotsSwat","UpgradeSlotsBaseSoldier`1<Google2u.DBUpgradeSlotsShotgunner>"
141863740,"","UpgradeSlotsTank","UpgradeSlotsTank","UpgradeSlotsVehicle`1<Google2u.DBUpgradeSlotsTank>"
-1549915908,"","UpgradeSlotsTurret","UpgradeSlotsTurret","UpgradeSlotsMechanical`1<Google2u.DBUpgradeSlotsTurret>"
-632075467,"","UpgradeSlotsVTOL","UpgradeSlotsVTOL","UpgradeSlotsVehicle`1<Google2u.DBUpgradeSlotsVTOL>"
-1364199850,"","UpgradeSlotsVehicle`1","UpgradeSlotsVehicle`1","UpgradeSlotsMechanical`1<T>"
-479567816,"","NCMHNCDIFJO","UpgradeSlotsVehicle`1/NCMHNCDIFJO","System.Object"
-1792897155,"","NKHLFAOCOEJ","UpgradeSlotsVehicle`1/NKHLFAOCOEJ","System.Object"
-713203272,"","UpgradeSlotsWarper","UpgradeSlotsWarper","UpgradeSlotsBaseSoldier`1<Google2u.DBUpgradeSlotsWarper>"
330997674,"","UpgradesManager","UpgradesManager","Singleton`1<UpgradesManager>"
-1028243792,"","JOCPEPBAMBF","UpgradesManager/JOCPEPBAMBF","System.Object"
-1325917608,"","PDCMOEKJHON","UpgradesManager/PDCMOEKJHON","System.Object"
1084760702,"","UserDeviceManager","UserDeviceManager","DatabaseSerializedObjectGeneric`1<UserDeviceManager/UserDevices>"
-652948994,"","UserDevice","UserDeviceManager/UserDevice","System.Object"
821187590,"","UserDevices","UserDeviceManager/UserDevices","System.Object"
1139220340,"","UserExistsDialog","UserExistsDialog","GuiElementSingle`1<UserExistsDialog>"
1889768990,"","UserGeneratedContent","UserGeneratedContent","GuiElementSingle`1<UserGeneratedContent>"
-386255557,"","VIPButton","VIPButton","Core_BaseScript"
-2063949082,"","DBGJPHEBKMF","VIPButton/DBGJPHEBKMF","System.Object"
1303684873,"","VIPConfirmDialog","VIPConfirmDialog","GuiElementSingle`1<VIPConfirmDialog>"
-885621587,"","VTOL","VTOL","Heli`1<VTOLBehaviour>"
1148695884,"","EGLMOIGLCII","VTOL/EGLMOIGLCII","System.Object"
-1082262431,"","FKNANHHNILG","VTOL/FKNANHHNILG","System.Object"
594358795,"","OEEDNPDCCNA","VTOL/OEEDNPDCCNA","System.Enum"
1900982071,"","VTOLBehaviour","VTOLBehaviour","VTOLBehaviourG`1<VTOLBehaviourDefinititon>"
-968338478,"","VTOLBehaviourDefinititon","VTOLBehaviourDefinititon","VehicleBehaviourDefinititon"
1906063679,"","VTOLBehaviourG`1","VTOLBehaviourG`1","VehicleBehaviour"
-1414331776,"","VTOLEngine","VTOLEngine","VehicleEngine"
2017775447,"","VehicleBehaviour","VehicleBehaviour","LevelBehaviour"
-2037069150,"","VehicleBehaviourDefinititon","VehicleBehaviourDefinititon","BehaviourDefinititon"
-1689790898,"","VehicleEngine","VehicleEngine","UnityEngine.MonoBehaviour"
1062278289,"","VehicleVisuals","VehicleVisuals","Core_BaseScript"
-1354178632,"","Vehicle`1","Vehicle`1","MechanicalUnit`1<T>"
-1400504093,"","VideoFeedButton","VideoFeedButton","Core_BaseScript"
-1778144714,"","AGICJHADFIK","VideoFeedButton/AGICJHADFIK","System.Enum"
-1614742111,"","LFDCDIHHIJA","VideoFeedButton/LFDCDIHHIJA","System.Object"
-1806743178,"","VideoFeedManager","VideoFeedManager","Core_BaseScript"
1514701481,"","VideoFeed","VideoFeedManager/VideoFeed","System.Object"
1903732314,"","VideoFeedData","VideoFeedManager/VideoFeedData","System.Object"
-987857533,"","VideoFeedRecord","VideoFeedRecord","PoolableObject"
197920238,"","VideoFeedScreen","VideoFeedScreen","GuiScreenSingle`1<VideoFeedScreen>"
1310090867,"","BOBDGBHLCCG","VideoFeedScreen/BOBDGBHLCCG","System.Object"
1719218107,"","CCLFEPIKMLJ","VideoFeedScreen/CCLFEPIKMLJ","System.Enum"
-1169642493,"","JJHHACCPHFJ","VideoFeedScreen/JJHHACCPHFJ","System.Object"
-975449967,"","VideoReplay","VideoReplay","GuiElement"
1237339335,"","JHFIBKHHGNB","VideoReplay/JHFIBKHHGNB","System.Enum"
1379997389,"","VipManager","VipManager","Singleton`1<VipManager>"
1417920541,"","WFX_AutoDestructShuriken","WFX_AutoDestructShuriken","UnityEngine.MonoBehaviour"
-1641706703,"","LLHGILFDGBO","WFX_AutoDestructShuriken/LLHGILFDGBO","System.Object"
306261316,"","WFX_BulletHoleDecal","WFX_BulletHoleDecal","UnityEngine.MonoBehaviour"
690409026,"","GLBILPAEBPK","WFX_BulletHoleDecal/GLBILPAEBPK","System.Object"
646402069,"","WFX_Demo","WFX_Demo","UnityEngine.MonoBehaviour"
-2000645987,"","KGAPBIMAFCG","WFX_Demo/KGAPBIMAFCG","System.Object"
-905317845,"","WFX_Demo_DeleteAfterDelay","WFX_Demo_DeleteAfterDelay","UnityEngine.MonoBehaviour"
-1576209692,"","WFX_Demo_RandomDir","WFX_Demo_RandomDir","UnityEngine.MonoBehaviour"
2104995698,"","WFX_Demo_Wall","WFX_Demo_Wall","UnityEngine.MonoBehaviour"
-91701070,"","WFX_LightFlicker","WFX_LightFlicker","UnityEngine.MonoBehaviour"
-1303610540,"","NKNMAEMEDGD","WFX_LightFlicker/NKNMAEMEDGD","System.Object"
-1206422832,"","WFX_ParticleMeshBillboard","WFX_ParticleMeshBillboard","UnityEngine.MonoBehaviour"
-2145688213,"","WaitingDialog","WaitingDialog","GuiElementSingle`1<WaitingDialog>"
-1616532594,"","Wallet","Wallet","Singleton`1<Wallet>"
1671543192,"","WarArena","WarArena","DatabaseSerializedObjectGeneric`1<WarArena/WarArenaData>"
-628264928,"","WarArenaData","WarArena/WarArenaData","System.Object"
-1867731320,"","WarArenaConfig","WarArenaConfig","System.Object"
-2057008898,"","<>c","WarArenaConfig/<>c","System.Object"
-1698526926,"","MHODPJBCFAP","WarArenaConfig/MHODPJBCFAP","System.Enum"
-2000688387,"","NLEFGCLBJMN","WarArenaConfig/NLEFGCLBJMN","System.Enum"
-381339852,"","Node","WarArenaConfig/Node","System.Object"
-550026134,"","PlayWindow","WarArenaConfig/PlayWindow","System.Object"
1585193919,"","WarArenaCrown","WarArenaCrown","System.Enum"
-2045426350,"","WarArenaLootboxConfig","WarArenaLootboxConfig","System.Object"
1178377861,"","WarArenaLootbox","WarArenaLootboxConfig/WarArenaLootbox","System.Object"
1984157789,"","WarArenaRule","WarArenaRule","UnityEngine.ScriptableObject"
-1484743013,"","HIBLLEGMMEM","WarArenaRule/HIBLLEGMMEM","System.Object"
875382574,"","JBIICBEMIAA","WarArenaRule/JBIICBEMIAA","System.Enum"
-1646795648,"","WarArenaRuleCardsFilter","WarArenaRuleCardsFilter","WarArenaRuleGeneric`1<WarArenaRuleCardsFilter/Data>"
-1340716632,"","Data","WarArenaRuleCardsFilter/Data","RuleData"
1059464520,"","WarArenaRuleConcreteMap","WarArenaRuleConcreteMap","WarArenaRuleGeneric`1<WarArenaRuleConcreteMap/Data>"
967031854,"","DAFDCHCGLPE","WarArenaRuleConcreteMap/DAFDCHCGLPE","System.Object"
-1340716632,"","Data","WarArenaRuleConcreteMap/Data","RuleData"
2000200547,"","WarArenaRuleCoolDown","WarArenaRuleCoolDown","WarArenaRuleGeneric`1<WarArenaRuleCoolDown/Data>"
-1340716632,"","Data","WarArenaRuleCoolDown/Data","RuleData"
1225070227,"","WarArenaRuleCrates","WarArenaRuleCrates","WarArenaRuleGeneric`1<WarArenaRuleCrates/Data>"
-1340716632,"","Data","WarArenaRuleCrates/Data","RuleData"
1757048997,"","WarArenaRuleFixedEnergy","WarArenaRuleFixedEnergy","WarArenaRuleGeneric`1<WarArenaRuleFixedEnergy/Data>"
-1340716632,"","Data","WarArenaRuleFixedEnergy/Data","RuleData"
1619514501,"","WarArenaRuleFixedSpawning","WarArenaRuleFixedSpawning","WarArenaRuleGeneric`1<WarArenaRuleFixedSpawning/Data>"
-1340716632,"","Data","WarArenaRuleFixedSpawning/Data","RuleData"
1336363876,"","WarArenaRuleGeneric`1","WarArenaRuleGeneric`1","WarArenaRule"
-608383702,"","WarArenaRuleMatchCardSet","WarArenaRuleMatchCardSet","WarArenaRuleGeneric`1<WarArenaRuleMatchCardSet/Data>"
-1340716632,"","Data","WarArenaRuleMatchCardSet/Data","RuleData"
141583096,"","WarArenaRuleOverTime","WarArenaRuleOverTime","WarArenaRuleGeneric`1<WarArenaRuleOverTime/Data>"
-1340716632,"","Data","WarArenaRuleOverTime/Data","RuleData"
1814650499,"","WarArenaRulePlayerHp","WarArenaRulePlayerHp","WarArenaRuleGeneric`1<WarArenaRulePlayerHp/Data>"
-1340716632,"","Data","WarArenaRulePlayerHp/Data","RuleData"
1893629930,"","WarArenaRulePlayerSpeed","WarArenaRulePlayerSpeed","WarArenaRuleGeneric`1<WarArenaRulePlayerSpeed/Data>"
-1340716632,"","Data","WarArenaRulePlayerSpeed/Data","RuleData"
-331164470,"","WarArenaRuleRandomCards","WarArenaRuleRandomCards","WarArenaRuleGeneric`1<WarArenaRuleRandomCards/Data>"
-1340716632,"","Data","WarArenaRuleRandomCards/Data","RuleData"
767463930,"","WarArenaRuleRandomUnitCategory","WarArenaRuleRandomUnitCategory","WarArenaRuleGeneric`1<WarArenaRuleRandomUnitCategory/Data>"
-1340716632,"","Data","WarArenaRuleRandomUnitCategory/Data","RuleData"
-1277387130,"","WarArenaRuleRandomUnitPreset","WarArenaRuleRandomUnitPreset","WarArenaRuleGeneric`1<WarArenaRuleRandomUnitPreset/Data>"
-1340716632,"","Data","WarArenaRuleRandomUnitPreset/Data","RuleData"
-406858345,"","WarArenaRuleRandomUnits","WarArenaRuleRandomUnits","WarArenaRuleGeneric`1<WarArenaRuleRandomUnits/Data>"
-1340716632,"","Data","WarArenaRuleRandomUnits/Data","RuleData"
-709410506,"","WarArenaRuleRandomWeaponPreset","WarArenaRuleRandomWeaponPreset","WarArenaRuleGeneric`1<WarArenaRuleRandomWeaponPreset/Data>"
-2057008898,"","<>c","WarArenaRuleRandomWeaponPreset/<>c","System.Object"
-1340716632,"","Data","WarArenaRuleRandomWeaponPreset/Data","RuleData"
-1327595765,"","WarArenaRuleRandomWeapons","WarArenaRuleRandomWeapons","WarArenaRuleGeneric`1<WarArenaRuleRandomWeapons/Data>"
-1340716632,"","Data","WarArenaRuleRandomWeapons/Data","RuleData"
11030593,"","WarArenaRuleShields","WarArenaRuleShields","WarArenaRuleGeneric`1<WarArenaRuleShields/Data>"
-2057008898,"","<>c","WarArenaRuleShields/<>c","System.Object"
-1340716632,"","Data","WarArenaRuleShields/Data","RuleData"
1137083514,"","WarArenaRuleSpecialAbilitiesAndPerks","WarArenaRuleSpecialAbilitiesAndPerks","WarArenaRuleGeneric`1<WarArenaRuleSpecialAbilitiesAndPerks/Data>"
-1340716632,"","Data","WarArenaRuleSpecialAbilitiesAndPerks/Data","RuleData"
-1265497073,"","WarArenaRuleSpecificUnitCategory","WarArenaRuleSpecificUnitCategory","WarArenaRuleGeneric`1<WarArenaRuleSpecificUnitCategory/Data>"
-2057008898,"","<>c","WarArenaRuleSpecificUnitCategory/<>c","System.Object"
-1340716632,"","Data","WarArenaRuleSpecificUnitCategory/Data","RuleData"
829057343,"","EDEMIIABCJM","WarArenaRuleSpecificUnitCategory/EDEMIIABCJM","System.Object"
1167401349,"","PKAILMADEFO","WarArenaRuleSpecificUnitCategory/PKAILMADEFO","System.Object"
-1888592252,"","WarArenaRuleSwitchWeaponOnKill","WarArenaRuleSwitchWeaponOnKill","WarArenaRuleGeneric`1<WarArenaRuleSwitchWeaponOnKill/Data>"
-1340716632,"","Data","WarArenaRuleSwitchWeaponOnKill/Data","RuleData"
485755479,"","WarArenaRuleUnitCategory","WarArenaRuleUnitCategory","WarArenaRuleGeneric`1<WarArenaRuleUnitCategory/Data>"
-1340716632,"","Data","WarArenaRuleUnitCategory/Data","RuleData"
-1418719517,"","WarArenaRuleUnitsHP","WarArenaRuleUnitsHP","WarArenaRuleGeneric`1<WarArenaRuleUnitsHP/Data>"
-1340716632,"","Data","WarArenaRuleUnitsHP/Data","RuleData"
1491434539,"","WarArenaRuleWeapons","WarArenaRuleWeapons","WarArenaRuleGeneric`1<WarArenaRuleWeapons/Data>"
-1340716632,"","Data","WarArenaRuleWeapons/Data","RuleData"
1415194461,"","WeaponConfig","WarArenaRuleWeapons/WeaponConfig","System.Object"
177382272,"","WarArenaRuleWeaponsAmmo","WarArenaRuleWeaponsAmmo","WarArenaRuleGeneric`1<WarArenaRuleWeaponsAmmo/Data>"
-1907705137,"","CIPLHJBDPKP","WarArenaRuleWeaponsAmmo/CIPLHJBDPKP","System.Enum"
-1340716632,"","Data","WarArenaRuleWeaponsAmmo/Data","RuleData"
1415194461,"","WeaponConfig","WarArenaRuleWeaponsAmmo/WeaponConfig","System.Object"
44171378,"","WarArenaRuleWeaponsReload","WarArenaRuleWeaponsReload","WarArenaRuleGeneric`1<WarArenaRuleWeaponsReload/Data>"
-1340716632,"","Data","WarArenaRuleWeaponsReload/Data","RuleData"
1633561600,"","KFECLEGBCAL","WarArenaRuleWeaponsReload/KFECLEGBCAL","System.Enum"
1415194461,"","WeaponConfig","WarArenaRuleWeaponsReload/WeaponConfig","System.Object"
-285523460,"","WarArenaSmallRewardRecord","WarArenaSmallRewardRecord","PoolableObject"
-2124313345,"","WarBucksConfirmDialog","WarBucksConfirmDialog","GuiElementSingle`1<WarBucksConfirmDialog>"
-2023485688,"","WararenaLootboxReward","WararenaLootboxReward","System.Object"
-1429911302,"","WararenaRewardRecord","WararenaRewardRecord","PoolableObject"
-1384583767,"","HOLMNBGPMCC","WararenaRewardRecord/HOLMNBGPMCC","System.Enum"
184106963,"","WarbucksButtonRecord","WarbucksButtonRecord","Core_BaseScript"
541347845,"","WarcardpackButtonRecord","WarcardpackButtonRecord","Core_BaseScript"
629118196,"","WarcardsContent","WarcardsContent","Core_BaseScript"
-599430865,"","MEIKHGJHEGE","WarcardsContent/MEIKHGJHEGE","System.Object"
-381533816,"","WarningDialog","WarningDialog","GuiElementSingle`1<WarningDialog>"
1598979211,"","JDCEKHBOCPE","WarningDialog/JDCEKHBOCPE","System.Object"
41383719,"","OFMPEHMDAFN","WarningDialog/OFMPEHMDAFN","System.Object"
983425345,"","WarpTrails","WarpTrails","Core_BaseScript"
822442114,"","WaugHintInfo","WaugHintInfo","UnityEngine.MonoBehaviour"
-1667628963,"","WayPoint","WayPoint","Core_BaseScript"
-282266116,"","WayPointPath","WayPointPath","Core_BaseScript"
1145807560,"","WaypointCircuit","WaypointCircuit","UnityEngine.MonoBehaviour"
-1436562671,"","NMCBHKPLOAI","WaypointCircuit/NMCBHKPLOAI","System.ValueType"
1146143320,"","WaypointList","WaypointCircuit/WaypointList","System.Object"
2017707963,"","WaypointProgressTracker","WaypointProgressTracker","UnityEngine.MonoBehaviour"
-587076246,"","FGJCOLAEFJK","WaypointProgressTracker/FGJCOLAEFJK","System.Enum"
1226169119,"","Weapon","Weapon","PoolableObject"
91922122,"","BAGDEMJGIOF","Weapon/BAGDEMJGIOF","System.Enum"
58399844,"","GAGDKPLOEPD","Weapon/GAGDKPLOEPD","System.MulticastDelegate"
593506039,"","MGMIHFCHJEJ","Weapon/MGMIHFCHJEJ","System.Enum"
-230978651,"","Weapon3DModel","Weapon3DModel","Core_BaseScript"
1948900843,"","WeaponSlot","Weapon3DModel/WeaponSlot","System.Object"
-227018948,"","WeaponAugDetails","WeaponAugDetails","Core_BaseScript"
86232939,"","DKMPAIDBCLK","WeaponAugDetails/DKMPAIDBCLK","System.Object"
-1911133974,"","EMFOIPKPPLG","WeaponAugDetails/EMFOIPKPPLG","System.Object"
-2124968445,"","NINIPHAIKDK","WeaponAugDetails/NINIPHAIKDK","System.Object"
773980612,"","WeaponAugFusion","WeaponAugFusion","Core_BaseScript"
-2057008898,"","<>c","WeaponAugFusion/<>c","System.Object"
-1668999818,"","WeaponAugFusionSlot","WeaponAugFusionSlot","UnityEngine.MonoBehaviour"
134070834,"","WeaponAugIcon","WeaponAugIcon","PoolableObject"
-518979044,"","IHELCLJAGHA","WeaponAugIcon/IHELCLJAGHA","System.Object"
-1735576262,"","PDAGOHJPKDN","WeaponAugIcon/PDAGOHJPKDN","System.Object"
-747206827,"","WeaponAugSlot","WeaponAugSlot","UnityEngine.MonoBehaviour"
1589198218,"","BJLMBONHHNA","WeaponAugSlot/BJLMBONHHNA","System.Object"
1379437170,"","PKEKECIPAMH","WeaponAugSlot/PKEKECIPAMH","System.Object"
924336471,"","WeaponAugTutorialDialog","WeaponAugTutorialDialog","GuiElementSingle`1<WeaponAugTutorialDialog>"
7754994,"","WeaponAugsManager","WeaponAugsManager","DatabaseSerializedObjectGeneric`1<WeaponAugsManager/WeaponAugData>"
-795542218,"","BMDBMIKHHJN","WeaponAugsManager/BMDBMIKHHJN","System.Enum"
-1800278359,"","JGNCDDKAABI","WeaponAugsManager/JGNCDDKAABI","System.Object"
-1032604070,"","WeaponAug","WeaponAugsManager/WeaponAug","System.Object"
846461526,"","WeaponAugData","WeaponAugsManager/WeaponAugData","System.Object"
2123355820,"","WeaponAugsScreen","WeaponAugsScreen","GuiScreenSingle`1<WeaponAugsScreen>"
-1664928688,"","LPNPCAOAHKM","WeaponAugsScreen/LPNPCAOAHKM","System.Object"
-1507281686,"","WeaponCameraSetup","WeaponCameraSetup","System.Object"
-737219319,"","WeaponCategory","WeaponCategory","System.Enum"
1968953801,"","WeaponEquipSlotButton","WeaponEquipSlotButton","Core_BaseScript"
-1666727726,"","WeaponFeature","WeaponFeature","System.Object"
1800791394,"","WeaponFeatures","WeaponFeatures","Core_BaseScript"
-2025878773,"","WeaponGuiRecord","WeaponGuiRecord","PoolableObject"
-694353060,"","WeaponInventory","WeaponInventory","Core_BaseScript"
1128857248,"","KBNMKGOMIEJ","WeaponInventory/KBNMKGOMIEJ","System.Object"
1498577930,"","WeaponLeftContent","WeaponLeftContent","Core_BaseScript"
-842716489,"","FPPPLMKIJAM","WeaponLeftContent/FPPPLMKIJAM","System.Object"
982575536,"","LDMBFAKCMNO","WeaponLeftContent/LDMBFAKCMNO","System.Object"
-237000248,"","WeaponLevelsSetup","WeaponLevelsSetup","Core_BaseScript"
-2119085580,"","EMBENCEOBDP","WeaponLevelsSetup/EMBENCEOBDP","System.Enum"
-163541633,"","FPKFFPOKNGD","WeaponLevelsSetup/FPKFFPOKNGD","System.Enum"
-786534753,"","GHBCODKEMIE","WeaponLevelsSetup/GHBCODKEMIE","System.Enum"
-841134648,"","LHIIOHANBOE","WeaponLevelsSetup/LHIIOHANBOE","System.Enum"
-996905020,"","NFIGJECBCBO","WeaponLevelsSetup/NFIGJECBCBO","System.Enum"
1634391296,"","UpgradeSlot","WeaponLevelsSetup/UpgradeSlot","System.Object"
-579085165,"","WeaponPreset","WeaponPreset","System.Object"
-281242739,"","WeaponPreviewCamera","WeaponPreviewCamera","Singleton`1<WeaponPreviewCamera>"
-1987478681,"","HMDAGDOBLKJ","WeaponPreviewCamera/HMDAGDOBLKJ","System.Object"
1510233614,"","NCHNKFNAOND","WeaponPreviewCamera/NCHNKFNAOND","System.Object"
-1703013279,"","WeaponRightContent","WeaponRightContent","Core_BaseScript"
1618724487,"","PHOMKHGJOFJ","WeaponRightContent/PHOMKHGJOFJ","System.Object"
-713060087,"","WeaponScreen","WeaponScreen","GuiScreenSingle`1<WeaponScreen>"
-2057008898,"","<>c","WeaponScreen/<>c","System.Object"
-1483835793,"","EOBGNOLOPOI","WeaponScreen/EOBGNOLOPOI","System.Enum"
895492487,"","WeaponStatProgressBar","WeaponStatProgressBar","Core_BaseScript"
-1613388442,"","FLHOGGGHOAL","WeaponStatProgressBar/FLHOGGGHOAL","System.Enum"
-655743267,"","WebTextureLoader","WebTextureLoader","Core_BaseScript"
823954054,"","BNCPEPBJOCP","WebTextureLoader/BNCPEPBJOCP","System.Object"
1777236221,"","GNLEABLGNME","WebTextureLoader/GNLEABLGNME","System.Object"
-1703815729,"","HANFKLOMOCN","WebTextureLoader/HANFKLOMOCN","System.Object"
725679778,"","HFNMPCLKJBK","WebTextureLoader/HFNMPCLKJBK","System.Object"
-637821272,"","JGDBIEHHLJI","WebTextureLoader/JGDBIEHHLJI","System.Object"
1147463787,"","WelcomeBackSoldierDialog","WelcomeBackSoldierDialog","GuiElementSingle`1<WelcomeBackSoldierDialog>"
-680512507,"","DJGGIEJFIIG","WelcomeBackSoldierDialog/DJGGIEJFIIG","System.Enum"
-1145787480,"","Wheel","Wheel","UnityEngine.MonoBehaviour"
-1223637934,"","WinMultiplayerMatchesAssignment","WinMultiplayerMatchesAssignment","Assignment"
-567072801,"","WinStreakCounter","WinStreakCounter","Core_BaseScript"
237833923,"","WinStreakManager","WinStreakManager","DatabaseSerializedObjectGeneric`1<WinStreakManager/WinStreak>"
1151098344,"","WinStreak","WinStreakManager/WinStreak","System.Object"
-1945957425,"","nguiFPS","nguiFPS","UnityEngine.MonoBehaviour"
187056619,"","JKGFANKHGOD","nguiFPS/JKGFANKHGOD","System.Object"
1491268743,"","particleTest","particleTest","UnityEngine.MonoBehaviour"
-1304111604,"","vp_MuzzleFlash","vp_MuzzleFlash","UnityEngine.MonoBehaviour"
