file_id,namespace,name,full_name,base_type
-456681233,"","<Module>","<Module>",""
-1007137335,"","<PrivateImplementationDetails>","<PrivateImplementationDetails>","System.Object"
625576880,"","$ArrayType=12","<PrivateImplementationDetails>/$ArrayType=12","System.ValueType"
-1247337581,"","$ArrayType=16","<PrivateImplementationDetails>/$ArrayType=16","System.ValueType"
-223399519,"","$ArrayType=256","<PrivateImplementationDetails>/$ArrayType=256","System.ValueType"
-1070975991,"","$ArrayType=8","<PrivateImplementationDetails>/$ArrayType=8","System.ValueType"
707713,"<PrivateImplementationDetails>{21ACDBEE-8133-42AD-B130-BB0FBBA76D24}LOkWPANW","EMBPENGHCLN","<PrivateImplementationDetails>{21ACDBEE-8133-42AD-B130-BB0FBBA76D24}LOkWPANW.EMBPENGHCLN","System.Object"
929074322,"<PrivateImplementationDetails>{2A189835-69E6-41ED-AF48-9F662C1F160A}","__BB_OBFUSCATOR_VERSION_1_26_0","<PrivateImplementationDetails>{2A189835-69E6-41ED-AF48-9F662C1F160A}.__BB_OBFUSCATOR_VERSION_1_26_0","System.Object"
1889975273,"<PrivateImplementationDetails>{a7d8b164-e158-460f-a595-2e91b5633b3d}","ArrayCopy148","<PrivateImplementationDetails>{a7d8b164-e158-460f-a595-2e91b5633b3d}.ArrayCopy148","System.Object"
-1853453559,"","$ArrayType$151","<PrivateImplementationDetails>{a7d8b164-e158-460f-a595-2e91b5633b3d}.ArrayCopy148/$ArrayType$151","System.ValueType"
1682393885,"","AAAJDBAEIKL","AAAJDBAEIKL","System.Enum"
-304929894,"","AANECPGDMGM","AANECPGDMGM","System.Object"
-1456836900,"","ACLIJDOONEB","ACLIJDOONEB","HHFHFANGCEJ"
1610949210,"","AGJBCEEEFFB","AGJBCEEEFFB","PHAMEDPLFLO"
1138127197,"","AGPANDBMDLC","AGPANDBMDLC","HHFHFANGCEJ"
740601103,"","AICar","AICar","AICarBase`1<CarBehaviour>"
1470076306,"","AICarBase`1","AICarBase`1","Vehicle`1<T>"
1269997061,"","FFKHOHMOBHH","AICarBase`1/FFKHOHMOBHH","System.Enum"
-1155990888,"","AICarBuggy","AICarBuggy","AICarBase`1<CarBuggyBehaviour>"
-537514261,"","AICarTransporter","AICarTransporter","AICarBase`1<CarTransporterBehaviour>"
317317110,"","PJCLFNKKBJH","AICarTransporter/PJCLFNKKBJH","System.Object"
-233322812,"","AINIEKCODDE","AINIEKCODDE","System.Enum"
-776965528,"","AIObject","AIObject","MainGameEntity"
-1157741402,"","AIObjectG`1","AIObjectG`1","AIObject"
-1800347569,"","AKDLEDNDIEO","AKDLEDNDIEO","System.Enum"
-1316651777,"","AKKPDFHEEIP","AKKPDFHEEIP","System.Enum"
-272482440,"","ALJKAAMHHLB","ALJKAAMHHLB","System.Object"
-275616921,"","APLFCKFBIHK","APLFCKFBIHK","WeaponFeature"
-49688206,"AWSSDK.Examples","AmazonMobileAnalyticsSample","AWSSDK.Examples.AmazonMobileAnalyticsSample","UnityEngine.MonoBehaviour"
877792278,"","AccountType","AccountType","System.Enum"
-1976631661,"","Achievement","Achievement","System.Object"
1730354693,"","NHMEEMEJLOK","Achievement/NHMEEMEJLOK","System.Enum"
-1478992281,"","NOLHKBIFMLB","Achievement/NOLHKBIFMLB","System.Enum"
-1645160814,"","AchievementBuyUnits","AchievementBuyUnits","Achievement"
758265223,"","AchievementBuyWeapons","AchievementBuyWeapons","Achievement"
-1278393382,"","AchievementCardsPlayed","AchievementCardsPlayed","Achievement"
1369207082,"","AchievementClaimedRewards","AchievementClaimedRewards","Achievement"
2089518441,"","AchievementCollectVisuals","AchievementCollectVisuals","Achievement"
-1822264623,"","AchievementCompleteAssignments","AchievementCompleteAssignments","Achievement"
1775691686,"","AchievementCratesStolen","AchievementCratesStolen","Achievement"
-210901019,"","AchievementDeploySoldierUnits","AchievementDeploySoldierUnits","Achievement"
1659130939,"","AchievementDeployVehicles","AchievementDeployVehicles","Achievement"
-670803502,"","AchievementDummy","AchievementDummy","Achievement"
955898304,"","AchievementFiveCardsPlayedInMatch","AchievementFiveCardsPlayedInMatch","Achievement"
-486389878,"","AchievementFlawlessHero","AchievementFlawlessHero","Achievement"
-1866067519,"","AchievementGetToLeague","AchievementGetToLeague","Achievement"
-1425970092,"","AchievementGuiRecord","AchievementGuiRecord","PoolableObject"
783979335,"","MGOIOOOGDLL","AchievementGuiRecord/MGOIOOOGDLL","System.Object"
-1264383008,"","AchievementMissionsFinished","AchievementMissionsFinished","Achievement"
1891040405,"","AchievementProgress","AchievementProgress","System.Object"
-1496956282,"","AchievementProgressData","AchievementProgressData","System.Object"
1783944121,"","AchievementProgressGroup","AchievementProgressGroup","System.Object"
1519818419,"","AchievementProgressGroupData","AchievementProgressGroupData","System.Object"
848096007,"","AchievementProgressGroups","AchievementProgressGroups","DatabaseSerializedObjectGeneric`1<AchievementProgressGroups/AchievementsData>"
943379773,"","AchievementsData","AchievementProgressGroups/AchievementsData","System.Object"
-558778418,"","AchievementSquadPoints","AchievementSquadPoints","Achievement"
1724135653,"","AchievementUpgradeMechanicalUnits","AchievementUpgradeMechanicalUnits","Achievement"
855275632,"","AchievementUpgradeSoldierUnits","AchievementUpgradeSoldierUnits","Achievement"
-1064171956,"","AchievementUpgradeWeapons","AchievementUpgradeWeapons","Achievement"
-1283062100,"","AchievementWinArenaBattles","AchievementWinArenaBattles","Achievement"
652844237,"","AchievementWinRankedBattles","AchievementWinRankedBattles","Achievement"
1344580740,"","AchievementsManager","AchievementsManager","Singleton`1<AchievementsManager>"
-535376619,"","CHIDHGCKCIK","AchievementsManager/CHIDHGCKCIK","System.Object"
-973714072,"","AchievementsStats","AchievementsStats","Core_BaseScript"
-1138799212,"","HAJEIGIFBOO","AchievementsStats/HAJEIGIFBOO","System.Object"
136114354,"","ActiveUnitsCategoriesIndicator","ActiveUnitsCategoriesIndicator","Core_BaseScript"
871683549,"","ActiveUnitsIcon","ActiveUnitsIcon","Core_BaseScript"
-1084787139,"","ActiveUnitsManager","ActiveUnitsManager","Singleton`1<ActiveUnitsManager>"
-1073840140,"","LDJGKDAGPLG","ActiveUnitsManager/LDJGKDAGPLG","System.Enum"
684702406,"","ActiveUnitsTab","ActiveUnitsTab","Core_BaseScript"
1491215633,"","CNHDKHAMKCO","ActiveUnitsTab/CNHDKHAMKCO","System.Object"
-88903849,"","DKIDPBAOCHF","ActiveUnitsTab/DKIDPBAOCHF","System.Object"
1346699956,"","JHABECNOGGN","ActiveUnitsTab/JHABECNOGGN","System.Object"
-733115825,"","AfterAwakeStartLogger","AfterAwakeStartLogger","UnityEngine.MonoBehaviour"
269932734,"Agens.Stickers","AFBCAMKGKEG","Agens.Stickers.AFBCAMKGKEG","System.Object"
736529622,"Agens.Stickers","NICCPPIDFNG","Agens.Stickers.NICCPPIDFNG","System.Object"
288804869,"","BOAFCAGKOJG","Agens.Stickers.NICCPPIDFNG/BOAFCAGKOJG","System.Enum"
1536103209,"","NDFNJIHCCGM","Agens.Stickers.NICCPPIDFNG/NDFNJIHCCGM","System.Enum"
-551458070,"Agens.Stickers","SigningSettings","Agens.Stickers.SigningSettings","System.Object"
1867995233,"Agens.Stickers","Sticker","Agens.Stickers.Sticker","UnityEngine.ScriptableObject"
1183640041,"Agens.Stickers","StickerPack","Agens.Stickers.StickerPack","UnityEngine.ScriptableObject"
-1558829073,"Agens.Stickers","StickerPackIcon","Agens.Stickers.StickerPackIcon","System.Object"
1386913304,"","IconExportSettings","Agens.Stickers.StickerPackIcon/IconExportSettings","System.Object"
-1579188840,"","AimTarget","AimTarget","Core_BaseScript"
-284793361,"","AimingHelper","AimingHelper","Singleton`1<AimingHelper>"
2102128365,"","AllTimeContent","AllTimeContent","Core_BaseScript"
-1138799212,"","HAJEIGIFBOO","AllTimeContent/HAJEIGIFBOO","System.Object"
1817040121,"","HHPJLGEBPCF","AllTimeContent/HHPJLGEBPCF","System.Object"
-1829251068,"","IAJIIOPGMNG","AllTimeContent/IAJIIOPGMNG","System.Enum"
905470111,"","JGCOMMDGGPJ","AllTimeContent/JGCOMMDGGPJ","System.Object"
-1581883228,"","MCHLOJDOLJI","AllTimeContent/MCHLOJDOLJI","System.Enum"
410890153,"","AlphaIgnoredWidget","AlphaIgnoredWidget","UnityEngine.MonoBehaviour"
1245348561,"","AlphaSortedGlobalFog","AlphaSortedGlobalFog","UnityEngine.MonoBehaviour"
1127839737,"","MBLAKELNIPM","AlphaSortedGlobalFog/MBLAKELNIPM","System.Enum"
-499427167,"","Ammo","Ammo","PoolableObject"
-107387986,"","ILIOELBBLDM","Ammo/ILIOELBBLDM","System.Enum"
1465359005,"","AmmoSetup","AmmoSetup","UnityEngine.MonoBehaviour"
-1326310900,"","AndroidOpenBroadcastApp","AndroidOpenBroadcastApp","Core_BaseScript"
-1619717727,"","AnimatedGuiPart","AnimatedGuiPart","UnityEngine.MonoBehaviour"
829536643,"","AnimationEvent","AnimationEvent","UnityEngine.MonoBehaviour"
-1471376576,"","AntiCheatDetector","AntiCheatDetector","Singleton`1<AntiCheatDetector>"
-580333724,"","OBEEBMKOOMK","AntiCheatDetector/OBEEBMKOOMK","System.Enum"
-1033362044,"","ApplyShader","ApplyShader","ImageEffectBase"
566856345,"","ArenaBox","ArenaBox","Core_BaseScript"
-1574067672,"","ArenaCosmeticsDialog","ArenaCosmeticsDialog","GuiElementSingle`1<ArenaCosmeticsDialog>"
-1223076596,"","ArenaGridContent","ArenaGridContent","Core_BaseScript"
1228507370,"","ArenaHeroRecord","ArenaHeroRecord","PoolableObject"
1753226682,"","ArenaHintRewardLine","ArenaHintRewardLine","Core_BaseScript"
-39574225,"","AEMBEAHLAKB","ArenaHintRewardLine/AEMBEAHLAKB","System.Enum"
-142586093,"","ArenaLiveRecord","ArenaLiveRecord","Core_BaseScript"
-2112859072,"","ArenaLootBox3D","ArenaLootBox3D","Core_BaseScript"
773638959,"","LBPPHEOHJPA","ArenaLootBox3D/LBPPHEOHJPA","System.Object"
-1263528669,"","ArenaLootboxDialog","ArenaLootboxDialog","GuiElementSingle`1<ArenaLootboxDialog>"
-42468941,"","EIPCDJHIIHK","ArenaLootboxDialog/EIPCDJHIIHK","System.Object"
1671790281,"","NPFLPACOCCF","ArenaLootboxDialog/NPFLPACOCCF","System.Enum"
-360014498,"","ArenaLostDialog","ArenaLostDialog","GuiElementSingle`1<ArenaLostDialog>"
1483353747,"","ArenaNode","ArenaNode","Core_BaseScript"
-296829346,"","ArenaOpenedDialog","ArenaOpenedDialog","GuiElementSingle`1<ArenaOpenedDialog>"
1960946142,"","ArenaPhaseContent","ArenaPhaseContent","Core_BaseScript"
-1027324770,"","ArenaRewardRecord","ArenaRewardRecord","UnityEngine.MonoBehaviour"
-1217201361,"","ArenaRuleRecord","ArenaRuleRecord","PoolableObject"
200218628,"","ArenaRulesPanelResize","ArenaRulesPanelResize","Core_BaseScript"
1112088985,"","ArenaScreen","ArenaScreen","GuiScreenSingle`1<ArenaScreen>"
973657084,"","BGMNNKDJBEK","ArenaScreen/BGMNNKDJBEK","System.Enum"
1985277788,"","COKMOALBAMD","ArenaScreen/COKMOALBAMD","System.Object"
-1299828003,"","ArenaScreenEnterContent","ArenaScreenEnterContent","Core_BaseScript"
-1349646337,"","ArenaScreenMainContent","ArenaScreenMainContent","Core_BaseScript"
-1475282841,"","ArenaShieldsDialog","ArenaShieldsDialog","GuiElementSingle`1<ArenaShieldsDialog>"
-915118713,"","ArenaUnlockedDialog","ArenaUnlockedDialog","GuiElementSingle`1<ArenaUnlockedDialog>"
-1835823166,"","ArenaWonDialog","ArenaWonDialog","GuiElementSingle`1<ArenaWonDialog>"
1816497076,"","ArmyCategoriesDialog","ArmyCategoriesDialog","GuiElementSingle`1<ArmyCategoriesDialog>"
66283912,"","DJGMFOEONNP","ArmyCategoriesDialog/DJGMFOEONNP","System.Object"
-2056843974,"","ArmyElitePerkHint","ArmyElitePerkHint","Core_BaseScript"
349450351,"","ArmyLeftAbilityDialog","ArmyLeftAbilityDialog","Core_BaseScript"
1806381645,"","ArmyLeftBuffDialog","ArmyLeftBuffDialog","Core_BaseScript"
-1938786749,"","ArmyLeftBuffProgress","ArmyLeftBuffProgress","Core_BaseScript"
1957809477,"","ArmyLeftButton","ArmyLeftButton","Core_BaseScript"
951285284,"","ArmyLeftContent","ArmyLeftContent","Core_BaseScript"
-1732054442,"","ArmyLeftHint","ArmyLeftHint","Core_BaseScript"
368505539,"","NKHJBLBAAEB","ArmyLeftHint/NKHJBLBAAEB","System.Enum"
43395865,"","ArmyLeftPowerDialog","ArmyLeftPowerDialog","Core_BaseScript"
-1491000156,"","ArmyPowerAnimation","ArmyPowerAnimation","Core_BaseScript"
1054725999,"","ArmyPreviewCamera","ArmyPreviewCamera","Singleton`1<ArmyPreviewCamera>"
-1207188562,"","EKBDAFJLEKI","ArmyPreviewCamera/EKBDAFJLEKI","System.Object"
949953460,"","HECCGOKNBIK","ArmyPreviewCamera/HECCGOKNBIK","System.Object"
-1319977980,"","IFDPBDPGLGG","ArmyPreviewCamera/IFDPBDPGLGG","System.Object"
-579756410,"","JAIAGHOBDGK","ArmyPreviewCamera/JAIAGHOBDGK","System.Object"
-1656427409,"","JPPOIIGPOKN","ArmyPreviewCamera/JPPOIIGPOKN","System.Object"
57212450,"","MMGLHELMAGI","ArmyPreviewCamera/MMGLHELMAGI","System.Object"
1239035969,"","NLCCAKIBMON","ArmyPreviewCamera/NLCCAKIBMON","System.Object"
-665219676,"","ArmyRightContent","ArmyRightContent","Core_BaseScript"
8397755,"","ArmyScreen","ArmyScreen","GuiScreenSingle`1<ArmyScreen>"
1488916057,"","HCBCMDJBOAJ","ArmyScreen/HCBCMDJBOAJ","System.Object"
1053723088,"","BLADLPFPOJM","ArmyScreen/HCBCMDJBOAJ/BLADLPFPOJM","System.Object"
970006698,"","IDJMEJFJEIG","ArmyScreen/IDJMEJFJEIG","System.Object"
1224336501,"","POGEBJFLLIO","ArmyScreen/POGEBJFLLIO","System.Object"
-1863063022,"","ArmyStatProgressBar","ArmyStatProgressBar","Core_BaseScript"
664984500,"","AAICHFHEIGB","ArmyStatProgressBar/AAICHFHEIGB","System.Enum"
1879110122,"","ArmyTierRecord","ArmyTierRecord","PoolableObject"
1011924775,"","ArmyUnit3DModel","ArmyUnit3DModel","Core_BaseScript"
1634391296,"","UpgradeSlot","ArmyUnit3DModel/UpgradeSlot","System.Object"
840597634,"","ArmyUnitStatistics","ArmyUnitStatistics","Core_BaseScript"
-1331385052,"","ArmyUpgradeIcon","ArmyUpgradeIcon","PoolableObject"
-1635877132,"","AssaultHelicopter","AssaultHelicopter","Vehicle`1<AssaultHelicopterBehaviour>"
-1457762383,"","PBAIKHKBHBG","AssaultHelicopter/PBAIKHKBHBG","System.Object"
-352005317,"","AssaultHelicopterBehaviour","AssaultHelicopterBehaviour","AssaultHelicopterBehaviourG`1<AssaultHelicopterBehaviourDefinititon>"
1839444379,"","AssaultHelicopterBehaviourDefinititon","AssaultHelicopterBehaviourDefinititon","VehicleBehaviourDefinititon"
-969869607,"","AssaultHelicopterBehaviourG`1","AssaultHelicopterBehaviourG`1","VehicleBehaviour"
1577443422,"","AssetBundleManager","AssetBundleManager","Singleton`1<AssetBundleManager>"
1217483319,"","BAKAJHJDIHG","AssetBundleManager/BAKAJHJDIHG","System.Object"
-444419379,"","DFJBCNOHECK","AssetBundleManager/DFJBCNOHECK","System.Object"
470937336,"","GKGIDHCPKCD","AssetBundleManager/GKGIDHCPKCD","System.Object"
-2117714551,"","MDEMHKGMKKM","AssetBundleManager/MDEMHKGMKKM","System.Object"
-1622646446,"","AssetBundleReference","AssetBundleReference","System.Object"
883157654,"","Assignment","Assignment","System.Object"
2104387666,"","BFLFNAENJMJ","Assignment/BFLFNAENJMJ","System.Enum"
-486297115,"","BIKGCLOFCFG","Assignment/BIKGCLOFCFG","System.Enum"
333907803,"","JLANLLEABDC","Assignment/JLANLLEABDC","System.Enum"
-1395646439,"","MHNMOFPPKBN","Assignment/MHNMOFPPKBN","System.Enum"
49736565,"","AssignmentPauseRecord","AssignmentPauseRecord","Core_BaseScript"
-642328409,"","AssignmentRecord","AssignmentRecord","Core_BaseScript"
-833548979,"","BJBDKADPHLL","AssignmentRecord/BJBDKADPHLL","System.Object"
881637356,"","HPNEPNICNHN","AssignmentRecord/HPNEPNICNHN","System.Enum"
54150980,"","MIPPIDOPGHN","AssignmentRecord/MIPPIDOPGHN","System.Object"
184494163,"","AssignmentScreenRecord","AssignmentScreenRecord","Core_BaseScript"
-833548979,"","BJBDKADPHLL","AssignmentScreenRecord/BJBDKADPHLL","System.Object"
54150980,"","MIPPIDOPGHN","AssignmentScreenRecord/MIPPIDOPGHN","System.Object"
1800796377,"","AssignmentsContent","AssignmentsContent","Core_BaseScript"
203560803,"","CPLCAPOCIEN","AssignmentsContent/CPLCAPOCIEN","System.Object"
179679079,"","EHKOCFMKOKM","AssignmentsContent/EHKOCFMKOKM","System.Object"
-1504730524,"","AssignmentsDialog","AssignmentsDialog","GuiElementSingle`1<AssignmentsDialog>"
-879923615,"","MOAPKNEGFAN","AssignmentsDialog/MOAPKNEGFAN","System.Enum"
-1254376746,"","AssignmentsManager","AssignmentsManager","DatabaseSerializedObjectGeneric`1<AssignmentsManager/AssignmentData>"
-1161515067,"","ADHPOEFKINO","AssignmentsManager/ADHPOEFKINO","System.Enum"
1582434130,"","AssignmentData","AssignmentsManager/AssignmentData","System.Object"
-1622248918,"","DatabaseAssignment","AssignmentsManager/DatabaseAssignment","System.Object"
103466155,"","AssignmentsScreen","AssignmentsScreen","GuiScreenSingle`1<AssignmentsScreen>"
-2060739672,"","AssignmentsTab","AssignmentsTab","Core_BaseScript"
155346575,"","AssignmentsTabDailyRecord","AssignmentsTabDailyRecord","Core_BaseScript"
492327084,"","KHAMMAFJPAO","AssignmentsTabDailyRecord/KHAMMAFJPAO","System.Object"
-2109987556,"","AssignmentsTabStarterRecord","AssignmentsTabStarterRecord","Core_BaseScript"
353819536,"","AtlasPreparer","AtlasPreparer","Singleton`1<AtlasPreparer>"
-549691472,"","FCHFHFHBPDC","AtlasPreparer/FCHFHFHBPDC","System.Object"
-513604484,"","GMKGECBMKKM","AtlasPreparer/GMKGECBMKKM","System.Object"
2057634081,"","GMMPLJFDLPD","AtlasPreparer/GMMPLJFDLPD","System.Object"
882529631,"","IDLCAPBLGFB","AtlasPreparer/IDLCAPBLGFB","System.Enum"
941602773,"","IFNELCHJJAA","AtlasPreparer/IFNELCHJJAA","System.Object"
1418252655,"","KGFDANPPFEI","AtlasPreparer/KGFDANPPFEI","System.Object"
765963569,"","MFGNHIOKOEB","AtlasPreparer/MFGNHIOKOEB","System.Enum"
1359081860,"","MGCPPBKHEPC","AtlasPreparer/MGCPPBKHEPC","System.Object"
-828515299,"","MPDHFNOKJDF","AtlasPreparer/MPDHFNOKJDF","System.Object"
-2124167809,"","OGBMODMIJIC","AtlasPreparer/OGBMODMIJIC","System.Enum"
-1870770504,"","PCAPPOINPME","AtlasPreparer/PCAPPOINPME","System.Object"
-613667061,"","TextureDatas2DToolkit","AtlasPreparer/TextureDatas2DToolkit","System.Object"
291539666,"","TextureDatasNgui","AtlasPreparer/TextureDatasNgui","System.Object"
-1932159066,"","AutomaticRifle","AutomaticRifle","Gun"
2096752815,"","AwaitingSquadMembersManager","AwaitingSquadMembersManager","Singleton`1<AwaitingSquadMembersManager>"
-2146559784,"","HJHILHFDMKP","AwaitingSquadMembersManager/HJHILHFDMKP","System.Object"
1119517653,"","BCKLBFLJOBD","BCKLBFLJOBD","WeaponFeature"
-1639629810,"","BFOAAICAEMN","BFOAAICAEMN",""
16993553,"","BHDEMCOBIJO","BHDEMCOBIJO","HHFHFANGCEJ"
1213517968,"","BIEOKKFMMOL","BIEOKKFMMOL","System.Object"
1385520340,"","BIKOIGHBELB","BIKOIGHBELB","HHFHFANGCEJ"
-832074878,"","BKKKEBHEFPI","BKKKEBHEFPI","System.Object"
1914141840,"","FNCGMALHMAO","BKKKEBHEFPI/FNCGMALHMAO","System.MulticastDelegate"
168911601,"","NBAOBLLJBEF","BKKKEBHEFPI/NBAOBLLJBEF","System.Enum"
1446667340,"","BLJJKJKHKAF","BLJJKJKHKAF","HHFHFANGCEJ"
808632379,"","BNKNNCBAPIH","BNKNNCBAPIH","System.Enum"
1337562023,"","BOAFLMMKCGB","BOAFLMMKCGB","HHFHFANGCEJ"
-137127958,"","BOPAGEMBFGD","BOPAGEMBFGD","System.Object"
-809237155,"","Background","Background","GuiElementSingle`1<Background>"
663244459,"","KCDAPKBNLEO","Background/KCDAPKBNLEO","System.Object"
368505539,"","NKHJBLBAAEB","Background/NKHJBLBAAEB","System.Enum"
1958493803,"","Barrel","Barrel","PoolableObject"
2042056040,"","BatchedWeapon","BatchedWeapon","Core_BaseScript"
1624488286,"","BattleAnalyticsManager","BattleAnalyticsManager","Core_BaseScript"
1186715793,"","JOCGMGPOMMK","BattleAnalyticsManager/JOCGMGPOMMK","System.Object"
-1419255651,"","LAPNKBFHBAA","BattleAnalyticsManager/LAPNKBFHBAA","System.Object"
985806630,"","BattlePreparationBottomReposition","BattlePreparationBottomReposition","Core_BaseScript"
-226693654,"","BattlePreparationCustomizationButton","BattlePreparationCustomizationButton","Core_BaseScript"
778951394,"","CAKGNJKMGDB","BattlePreparationCustomizationButton/CAKGNJKMGDB","System.Object"
-382905450,"","BattlePreparationDailyMissionButton","BattlePreparationDailyMissionButton","Core_BaseScript"
368505539,"","NKHJBLBAAEB","BattlePreparationDailyMissionButton/NKHJBLBAAEB","System.Enum"
170752289,"","BattlePreparationScreen","BattlePreparationScreen","GuiScreenSingle`1<BattlePreparationScreen>"
-218139162,"","BattlePreparationUnitButton","BattlePreparationUnitButton","Core_BaseScript"
-1587486873,"","ONJIDIHGCOD","BattlePreparationUnitButton/ONJIDIHGCOD","System.Object"
1298196359,"","BattlePreparationWarCardsButton","BattlePreparationWarCardsButton","Core_BaseScript"
-1017139687,"","DKBBKNCCHOG","BattlePreparationWarCardsButton/DKBBKNCCHOG","System.Object"
-1871278214,"","BattlePreparationWeaponButton","BattlePreparationWeaponButton","Core_BaseScript"
-191210095,"","OMCPKICPEMF","BattlePreparationWeaponButton/OMCPKICPEMF","System.Object"
1387541459,"","BattleRewardsManager","BattleRewardsManager","InGameSerializedObjectGeneric`1<BattleRewardsManager/SaveData>"
-637193554,"","SaveData","BattleRewardsManager/SaveData","System.Object"
977378314,"","Bazooka","Bazooka","PhysicalAmmoWeapon"
1904244630,"","BazookaFangs","BazookaFangs","Bazooka"
-1457762383,"","PBAIKHKBHBG","BazookaFangs/PBAIKHKBHBG","System.Object"
-318993927,"","BazookaFangsLevelsSetup","BazookaFangsLevelsSetup","BazookaLevelsSetup"
1341099433,"","BazookaLevelsSetup","BazookaLevelsSetup","WeaponLevelsSetup"
1884234024,"","BeanstalkServerManager","BeanstalkServerManager","Singleton`1<BeanstalkServerManager>"
236479324,"","HAJKDECCLJD","BeanstalkServerManager/HAJKDECCLJD","System.Object"
1839256794,"","LKFGBKLMCKN","BeanstalkServerManager/LKFGBKLMCKN","System.Object"
-1182089097,"","OFKPMFEGJKI","BeanstalkServerManager/OFKPMFEGJKI","System.Object"
-1389244349,"","LECNLLEOGPO","BeanstalkServerManager/OFKPMFEGJKI/LECNLLEOGPO","System.Object"
-242563744,"","PIEDAILOECP","BeanstalkServerManager/PIEDAILOECP","System.Object"
1246864599,"","BeforeAwakeStartLogger","BeforeAwakeStartLogger","UnityEngine.MonoBehaviour"
1512885386,"","BehaviourDefinititon","BehaviourDefinititon","System.Object"
432405656,"","BenefitsPart","BenefitsPart","Core_BaseScript"
1071295736,"","BigArenaButton","BigArenaButton","Core_BaseScript"
1911395392,"","EDFOHCICHDB","BigArenaButton/EDFOHCICHDB","System.Enum"
-1933221113,"","BlackMarketManager","BlackMarketManager","DatabaseSerializedObjectGeneric`1<BlackMarketManager/BlackMarketOfferData>"
-294546426,"","BlackMarketOfferData","BlackMarketManager/BlackMarketOfferData","System.Object"
1499786586,"","OfferedWeapon","BlackMarketManager/OfferedWeapon","System.Object"
1151209529,"","BlackmarketConfirmDialog","BlackmarketConfirmDialog","GuiElementSingle`1<BlackmarketConfirmDialog>"
-1244742440,"","BlackmarketDialog","BlackmarketDialog","GuiElementSingle`1<BlackmarketDialog>"
-84529790,"","BlackmarketWeaponRecord","BlackmarketWeaponRecord","Core_BaseScript"
1664005775,"","BlackmarketWeaponStatisticGUI","BlackmarketWeaponStatisticGUI","Core_BaseScript"
-53151317,"","BlinkingObject","BlinkingObject","UnityEngine.MonoBehaviour"
-1140318947,"","BlinkingObjectMultiple","BlinkingObjectMultiple","UnityEngine.MonoBehaviour"
282708144,"","BonusBoxManager","BonusBoxManager","Singleton`1<BonusBoxManager>"
-1737403546,"","DJGHCMCGFHB","BonusBoxManager/DJGHCMCGFHB","System.Object"
234877418,"","BonusTakeDisplayer","BonusTakeDisplayer","PoolableObject"
1791472047,"","BootcampCompletedScreen","BootcampCompletedScreen","GuiElementSingle`1<BootcampCompletedScreen>"
-1268697921,"","FHKDKBBDJPF","BootcampCompletedScreen/FHKDKBBDJPF","System.Object"
-309301928,"","BotManager","BotManager","Singleton`1<BotManager>"
1386966199,"","BotTesting","BotTesting","Core_BaseScript"
998168460,"","BoundsDrawer","BoundsDrawer","UnityEngine.MonoBehaviour"
1761927813,"","BrakeLight","BrakeLight","UnityEngine.MonoBehaviour"
-978781723,"","BroadcastSettingsDialog","BroadcastSettingsDialog","GuiElementSingle`1<BroadcastSettingsDialog>"
-1503461304,"","BuddyNameDisplayer","BuddyNameDisplayer","PoolableObject"
808974856,"","BulletBase","BulletBase","Ammo"
389315843,"","BulletModels","BulletModels","Singleton`1<BulletModels>"
978538201,"","BulletMesh","BulletModels/BulletMesh","System.Object"
213385265,"","BulletPoison","BulletPoison","BulletSlow"
-841039934,"","BJHDDLEELNE","BulletPoison/BJHDDLEELNE","System.Object"
1257140384,"","BulletSetup","BulletSetup","AmmoSetup"
906941601,"","BulletShotGun","BulletShotGun","BulletBase"
-878555664,"","BulletSlow","BulletSlow","BulletBase"
869129794,"","ButtonsContent","ButtonsContent","Core_BaseScript"
666068928,"","BuyHearthDialog","BuyHearthDialog","GuiElementSingle`1<BuyHearthDialog>"
969841968,"","BuyTicketsDialog","BuyTicketsDialog","GuiElementSingle`1<BuyTicketsDialog>"
-1507603159,"","BuyVIPDialog","BuyVIPDialog","GuiElementSingle`1<BuyVIPDialog>"
-1644337998,"","NDBPJKIFNIG","BuyVIPDialog/NDBPJKIFNIG","System.Object"
-59661773,"","CAJKLFMOKBD","CAJKLFMOKBD","HGJIMJHLCPL"
466772448,"","CAMPAFGONHH","CAMPAFGONHH","System.Enum"
-1980282806,"","CBBKFKCOLPP","CBBKFKCOLPP","System.Object"
1881132521,"","CBCIEFJHKEL","CBCIEFJHKEL","HHFHFANGCEJ"
796382044,"","CBFLPOPCLGE","CBFLPOPCLGE","System.Object"
-1690430256,"","CBJIOJOLFBJ","CBJIOJOLFBJ","System.Object"
-2111181029,"","CCDAHEPNGIH","CCDAHEPNGIH",""
-587156631,"","CCLAKPHHAMN","CCLAKPHHAMN","System.Object"
667626599,"","CCNAEIGGMNK","CCNAEIGGMNK","System.Object"
-513011200,"","CDACJEGCGLB","CDACJEGCGLB","System.Object"
-1359751353,"","CDJFMONGAGP","CDJFMONGAGP","HHFHFANGCEJ"
-91454280,"","CFIDGMEGGID","CFIDGMEGGID",""
1578194081,"","CFX2_AutoRotate","CFX2_AutoRotate","UnityEngine.MonoBehaviour"
1210690087,"","CFX3_AutoStopLoopedEffect","CFX3_AutoStopLoopedEffect","UnityEngine.MonoBehaviour"
2111664038,"","CFX3_Demo_Translate","CFX3_Demo_Translate","UnityEngine.MonoBehaviour"
443559337,"","CFX_AutoDestructShuriken","CFX_AutoDestructShuriken","UnityEngine.MonoBehaviour"
-18055418,"","EGGKBJIBEPG","CFX_AutoDestructShuriken/EGGKBJIBEPG","System.Object"
-957244350,"","CFX_AutodestructWhenNoChildren","CFX_AutodestructWhenNoChildren","UnityEngine.MonoBehaviour"
-2000550135,"","CFX_Demo_RandomDir","CFX_Demo_RandomDir","UnityEngine.MonoBehaviour"
1415266748,"","CFX_Demo_RotateCamera","CFX_Demo_RotateCamera","UnityEngine.MonoBehaviour"
54434146,"","CFX_LightIntensityFade","CFX_LightIntensityFade","UnityEngine.MonoBehaviour"
-620930486,"","CFX_ShurikenThreadFix","CFX_ShurikenThreadFix","UnityEngine.MonoBehaviour"
-547513018,"","PDAMPPAIKFM","CFX_ShurikenThreadFix/PDAMPPAIKFM","System.Object"
580906731,"","CFX_SpawnSystem","CFX_SpawnSystem","UnityEngine.MonoBehaviour"
480228631,"","CHEIFOOIMEH","CHEIFOOIMEH","System.Object"
-993613747,"","CHIKLFEOLML","CHIKLFEOLML","System.Object"
-992902753,"","CINKACCJIHG","CINKACCJIHG","System.Enum"
-35983610,"","CKDIHNEIHKL","CKDIHNEIHKL","System.Object"
-2017931621,"","GLFPILGCAPM","CKDIHNEIHKL/GLFPILGCAPM","System.Enum"
1645220444,"","ICDOJKMJFKM","CKDIHNEIHKL/ICDOJKMJFKM","System.Enum"
-456361459,"","CKHHAAJEBBN","CKHHAAJEBBN","KJMGFHMIBII"
-2056685131,"","CPMAAHCGBKL","CPMAAHCGBKL","HHFHFANGCEJ"
-295369812,"","CameraLineRenderer","CameraLineRenderer","UnityEngine.MonoBehaviour"
-520593381,"","EDOJLBAPBON","CameraLineRenderer/EDOJLBAPBON","System.ValueType"
-372040574,"","CameraPanelAligner","CameraPanelAligner","UnityEngine.MonoBehaviour"
994682441,"","DIPHEEKPNOK","CameraPanelAligner/DIPHEEKPNOK","System.Enum"
-601061065,"","KNEKLHLBNHJ","CameraPanelAligner/KNEKLHLBNHJ","System.Enum"
-816841264,"","CameraPlayerFollow","CameraPlayerFollow","Core_BaseScript"
48565242,"","ThirdPersoncameraDefinition","CameraPlayerFollow/ThirdPersoncameraDefinition","System.Object"
-1766570852,"","CameraSizeSetter","CameraSizeSetter","UnityEngine.MonoBehaviour"
302824247,"","CamosManager","CamosManager","DatabaseSerializedObjectGeneric`1<CamosManager/DecalManagerData>"
-700345049,"","BPDPFLADPLN","CamosManager/BPDPFLADPLN","System.Object"
-1571868060,"","CamoHairConfiguration","CamosManager/CamoHairConfiguration","System.Object"
427068668,"","DecalManagerData","CamosManager/DecalManagerData","System.Object"
-970551729,"","SavedPlayerVisual","CamosManager/SavedPlayerVisual","System.Object"
1707295126,"","SavedPlayerVisualSlot","CamosManager/SavedPlayerVisualSlot","System.Object"
1502412185,"","VisualVisibilityConfiguration","CamosManager/VisualVisibilityConfiguration","System.Object"
-266399834,"","CamosScreen","CamosScreen","GuiScreenSingle`1<CamosScreen>"
1853695630,"","CantEnterArenaDialog","CantEnterArenaDialog","GuiElementSingle`1<CantEnterArenaDialog>"
-1548645459,"","CantEnterRuleRecord","CantEnterRuleRecord","Core_BaseScript"
385036930,"","CantPauseDialog","CantPauseDialog","GuiElementSingle`1<CantPauseDialog>"
1256148084,"","CarAudio","CarAudio","UnityEngine.MonoBehaviour"
-2052566105,"","BPEELNPCPEH","CarAudio/BPEELNPCPEH","System.Enum"
1591667892,"","CarBehaviour","CarBehaviour","CarBehaviourG`1<CarBehaviourDefinititon>"
1397867922,"","CarBehaviourDefinititon","CarBehaviourDefinititon","VehicleBehaviourDefinititon"
337928702,"","CarBehaviourG`1","CarBehaviourG`1","VehicleBehaviour"
-1542302665,"","CarBuggyBehaviour","CarBuggyBehaviour","CarBuggyBehaviourG`1<CarBuggyBehaviourDefinititon>"
2113070066,"","CarBuggyBehaviourDefinititon","CarBuggyBehaviourDefinititon","VehicleBehaviourDefinititon"
1172639536,"","CarBuggyBehaviourG`1","CarBuggyBehaviourG`1","VehicleBehaviour"
1076906312,"","CarController","CarController","UnityEngine.MonoBehaviour"
-2122532332,"","Advanced","CarController/Advanced","System.Object"
450443472,"","CarGUI","CarGUI","UnityEngine.MonoBehaviour"
1612152376,"","CarSelfRighting","CarSelfRighting","UnityEngine.MonoBehaviour"
-1061500833,"","CarTransporterBehaviour","CarTransporterBehaviour","CarTransporterBehaviourG`1<CarTransporterBehaviourDefinititon>"
-773235155,"","CarTransporterBehaviourDefinititon","CarTransporterBehaviourDefinititon","VehicleBehaviourDefinititon"
1439298293,"","CarTransporterBehaviourG`1","CarTransporterBehaviourG`1","VehicleBehaviour"
1420246104,"","Card","Card","Core_BaseScript"
-3074882,"","AOECPCMNFAM","Card/AOECPCMNFAM","System.Object"
-1958267491,"","CardAirstrike","CardAirstrike","Card"
-3074882,"","AOECPCMNFAM","CardAirstrike/AOECPCMNFAM","System.Object"
409291518,"","BJLCDJEIEEJ","CardAirstrike/BJLCDJEIEEJ","System.Object"
1018184003,"","CardAmmoBox","CardAmmoBox","Card"
-1129186453,"","CardAmmoThief","CardAmmoThief","Card"
1509793663,"","CardBackstab","CardBackstab","Card"
-688373270,"","CardBelovedEnemy","CardBelovedEnemy","Card"
725596919,"","CardBoobyTrap","CardBoobyTrap","Card"
722592825,"","CardBrokenLegs","CardBrokenLegs","Card"
-756182891,"","CardBuddy","CardBuddy","Card"
-3074882,"","AOECPCMNFAM","CardBuddy/AOECPCMNFAM","System.Object"
587644534,"","CardBulletSponge","CardBulletSponge","Card"
-1515075375,"","CardCantDieJustNow","CardCantDieJustNow","Card"
413764886,"","CardContainer","CardContainer","Core_BaseScript"
-1229662239,"","IAOAHCIDOCE","CardContainer/IAOAHCIDOCE","System.Enum"
-712241954,"","CardCopycat","CardCopycat","Card"
2108503688,"","CardCraftingManager","CardCraftingManager","DatabaseSerializedObjectGeneric`1<CardCraftingManager/CraftData>"
-400797264,"","CraftData","CardCraftingManager/CraftData","System.Object"
2031793220,"","CardCriticalInsurance","CardCriticalInsurance","Card"
-1751388698,"","CardDecoy","CardDecoy","Card"
-3074882,"","AOECPCMNFAM","CardDecoy/AOECPCMNFAM","System.Object"
1023771328,"","GCGPAFNNEBP","CardDecoy/GCGPAFNNEBP","System.Object"
1006835525,"","CardDisarmedAndLocked","CardDisarmedAndLocked","Card"
1514246950,"","CardElectricTraps","CardElectricTraps","Card"
1645861696,"","CardEmptyMag","CardEmptyMag","Card"
-647433496,"","CardExplosivePistol","CardExplosivePistol","Card"
-1473011117,"","CardFilter","CardFilter","Core_BaseScript"
1259956731,"","CardFriendlyFireOff","CardFriendlyFireOff","Card"
1144891392,"","CardGrenadesBurst","CardGrenadesBurst","Card"
-39843602,"","KNPOPJAKFGF","CardGrenadesBurst/KNPOPJAKFGF","System.Object"
2015700849,"","CardHeadAhead","CardHeadAhead","Card"
-1448956979,"","CardHeadsUp","CardHeadsUp","Card"
779644555,"","CardHealMeNow","CardHealMeNow","Card"
521592431,"","CardHealMeNowBig","CardHealMeNowBig","CardHealMeNow"
302423377,"","CardHealMeNowSmall","CardHealMeNowSmall","CardHealMeNow"
-844576274,"","CardHealingStorm","CardHealingStorm","Card"
-687320986,"","CardHealthChangeUnit","CardHealthChangeUnit","Card"
-344586376,"","CardHealthForMachines","CardHealthForMachines","Card"
-212349794,"","CardHealthForSoldiers","CardHealthForSoldiers","Card"
1220540764,"","CardHealthierMyself","CardHealthierMyself","Card"
55414731,"","CardHeavyTurret","CardHeavyTurret","Card"
-3074882,"","AOECPCMNFAM","CardHeavyTurret/AOECPCMNFAM","System.Object"
-1545989018,"","CardIconIndicator","CardIconIndicator","Core_BaseScript"
-1338997123,"","CFOMAGGHIBA","CardIconIndicator/CFOMAGGHIBA","System.Object"
-1610080396,"","CardIncreaseBonusChance","CardIncreaseBonusChance","Card"
-1246596010,"","CardKevlarUp","CardKevlarUp","Card"
-1706098413,"","CardLandmine","CardLandmine","Card"
1507881795,"","CardManager","CardManager","DatabaseSerializedObjectGeneric`1<CardManager/CardManagerData>"
2034093702,"","BuddyCardData","CardManager/BuddyCardData","System.Object"
1890372926,"","CardData","CardManager/CardData","System.Object"
-1473011117,"","CardFilter","CardManager/CardFilter","System.Enum"
326924076,"","CardManagerData","CardManager/CardManagerData","System.Object"
621031933,"","CardType","CardManager/CardType","System.Enum"
1953200596,"","NFPDIHGDBGG","CardManager/NFPDIHGDBGG","System.Object"
1805617855,"","PKPKHMGJCHF","CardManager/PKPKHMGJCHF","System.Object"
-1774216353,"","CardManagerDeathmatchOffline","CardManagerDeathmatchOffline","Singleton`1<CardManagerDeathmatchOffline>"
1970187099,"","CardMassShieldDestroyer","CardMassShieldDestroyer","Card"
491118779,"","CardMenuOwerlay","CardMenuOwerlay","Core_BaseScript"
-344767018,"","EAPHPFHOAOG","CardMenuOwerlay/EAPHPFHOAOG","System.Object"
-1425933878,"","IGCLBIDGAIL","CardMenuOwerlay/IGCLBIDGAIL","System.Object"
1620488819,"","OMAOFIBADMO","CardMenuOwerlay/OMAOFIBADMO","System.Object"
-81586882,"","PBPICHAFDCB","CardMenuOwerlay/PBPICHAFDCB","System.Object"
-265781791,"","CardMenuScreen","CardMenuScreen","GuiScreenSingle`1<CardMenuScreen>"
-517416689,"","MCDPFKAMNAN","CardMenuScreen/MCDPFKAMNAN","System.Object"
-1944335793,"","MPJAFCCIOEO","CardMenuScreen/MPJAFCCIOEO","System.Enum"
374567634,"","OEKOLCLCGIM","CardMenuScreen/OEKOLCLCGIM","System.Object"
-405315342,"","CardMineYourStep","CardMineYourStep","Card"
662953839,"","CardPackRecord","CardPackRecord","Core_BaseScript"
203866953,"","MIAIDHOMNOD","CardPackRecord/MIAIDHOMNOD","System.Object"
-1658978377,"","EDPDBDJLHIB","CardPackRecord/MIAIDHOMNOD/EDPDBDJLHIB","System.Object"
-2092726164,"","CardParalyzeThese","CardParalyzeThese","Card"
2133808935,"","CardPoisonedArmy","CardPoisonedArmy","Card"
1177711669,"","CardRandomKevlar","CardRandomKevlar","Card"
76027737,"","CardRecord","CardRecord","PoolableObject"
-220685691,"","HDBFEDGDIGC","CardRecord/HDBFEDGDIGC","System.Object"
-1229662239,"","IAOAHCIDOCE","CardRecord/IAOAHCIDOCE","System.Enum"
342623984,"","MKIOKBMLHEO","CardRecord/MKIOKBMLHEO","System.Enum"
-592263485,"","PGIPBLKMANL","CardRecord/PGIPBLKMANL","System.Object"
987450767,"","CardRocketTiming","CardRocketTiming","Card"
1099424868,"","CardRockyTurret","CardRockyTurret","Card"
-3074882,"","AOECPCMNFAM","CardRockyTurret/AOECPCMNFAM","System.Object"
2135170050,"","CardSabotage","CardSabotage","Card"
1376096229,"","CardScoreStreakKiller","CardScoreStreakKiller","Card"
1601194205,"","CardScorestreakBooster","CardScorestreakBooster","Card"
379883603,"","CardSelectionScreen","CardSelectionScreen","GuiScreenSingle`1<CardSelectionScreen>"
330407714,"","GEPCLHABAOC","CardSelectionScreen/GEPCLHABAOC","System.Object"
1523835136,"","MIFNIAOMAKO","CardSelectionScreen/MIFNIAOMAKO","System.Object"
-146179289,"","CardSet","CardSet","System.Object"
1927944986,"","CardShiedlsRefection","CardShiedlsRefection","Card"
-1208172009,"","CardShieldDestroyer","CardShieldDestroyer","Card"
243041794,"","CardShieldGenerator","CardShieldGenerator","Card"
48174598,"","CardShieldsSpawner","CardShieldsSpawner","Card"
7033765,"","CardShieldsUp","CardShieldsUp","Card"
-929519197,"","CardSickness","CardSickness","Card"
1127489406,"","CardSlowdown","CardSlowdown","Card"
-1198950501,"","CardSoldierOnSteroids","CardSoldierOnSteroids","Card"
790320386,"","CardSoldiersShootout","CardSoldiersShootout","Card"
63741044,"","CardSpawnUnit","CardSpawnUnit","Card"
-3074882,"","AOECPCMNFAM","CardSpawnUnit/AOECPCMNFAM","System.Object"
1300170643,"","ODNCBFKIGHP","CardSpawnUnit/ODNCBFKIGHP","System.Object"
-379894415,"","CardSwiftImmortality","CardSwiftImmortality","Card"
-943523780,"","CardTurret","CardTurret","Card"
-1640168799,"","CardpoolCard","CardpoolCard","Core_BaseScript"
333907803,"","JLANLLEABDC","CardpoolCard/JLANLLEABDC","System.Enum"
-385651661,"","CardpoolDialog","CardpoolDialog","GuiElementSingle`1<CardpoolDialog>"
21895170,"","FJOONOLMGBH","CardpoolDialog/FJOONOLMGBH","System.Object"
330407714,"","GEPCLHABAOC","CardpoolDialog/GEPCLHABAOC","System.Object"
1459641628,"","MLOJIAKPHCM","CardpoolDialog/MLOJIAKPHCM","System.Object"
368505539,"","NKHJBLBAAEB","CardpoolDialog/NKHJBLBAAEB","System.Enum"
-1458287926,"","CardpoolDialogCardRecord","CardpoolDialogCardRecord","Core_BaseScript"
490810730,"","CardpoolRecord","CardpoolRecord","PoolableObject"
2058639709,"","GPLGELJDKPB","CardpoolRecord/GPLGELJDKPB","System.Object"
1348196894,"","CardpoolTutorialDialog","CardpoolTutorialDialog","GuiElementSingle`1<CardpoolTutorialDialog>"
-975549355,"","CardsAndPacksDialog","CardsAndPacksDialog","GuiElementSingle`1<CardsAndPacksDialog>"
-1578204611,"","LJCNLBMEENL","CardsAndPacksDialog/LJCNLBMEENL","System.Enum"
729346451,"","CardsContent","CardsContent","Core_BaseScript"
-728389746,"","CardsGuiCloseButton","CardsGuiCloseButton","UnityEngine.MonoBehaviour"
881716810,"","CardsGuiElement","CardsGuiElement","GuiElement"
-1168509519,"","OEIDNENCLJM","CardsGuiElement/OEIDNENCLJM","System.Object"
704290213,"","CardsGuiElementNew","CardsGuiElementNew","GuiElement"
-885524971,"","CFNJGJOBGKP","CardsGuiElementNew/CFNJGJOBGKP","System.Object"
1710395938,"","ChangeCountryDialog","ChangeCountryDialog","GuiElementSingle`1<ChangeCountryDialog>"
-1981034856,"","ONGJNNEOAIA","ChangeCountryDialog/ONGJNNEOAIA","System.Object"
306012409,"","Chat","Chat","Singleton`1<Chat>"
-1117784524,"","EJLACNPLIDA","Chat/EJLACNPLIDA","System.Enum"
105786227,"","JMMPILGNALE","Chat/JMMPILGNALE","System.Enum"
-1856362014,"","PBGFEDGFOPG","Chat/PBGFEDGFOPG","System.ValueType"
-1160250742,"","ChatAbuseDialog","ChatAbuseDialog","GuiElementSingle`1<ChatAbuseDialog>"
-510821849,"","ChatAbusePopUpList","ChatAbusePopUpList","Core_BaseScript"
511539577,"","ChatBanManager","ChatBanManager","DatabaseSerializedObjectGeneric`1<ChatBanManager/ChatBanData>"
539327864,"","ChatBanData","ChatBanManager/ChatBanData","System.Object"
-113186380,"","ChatButtonUnderline","ChatButtonUnderline","Core_BaseScript"
261939220,"","ChatGuiElement","ChatGuiElement","GuiElementSingle`1<ChatGuiElement>"
333907803,"","JLANLLEABDC","ChatGuiElement/JLANLLEABDC","System.Enum"
134596852,"","ChatPosition","ChatPosition","Core_BaseScript"
824919973,"","ChatRecord","ChatRecord","PoolableObject"
1511338897,"","ChatSquadButtonOnline","ChatSquadButtonOnline","Core_BaseScript"
1498674369,"","ChatTab","ChatTab","Core_BaseScript"
292303928,"","DHGNFHGAIIG","ChatTab/DHGNFHGAIIG","System.Enum"
-2000621938,"","EKKEGHMJEBK","ChatTab/EKKEGHMJEBK","System.Enum"
905425509,"","JKHEIMKEDMA","ChatTab/JKHEIMKEDMA","System.Object"
-1719119023,"","KLINIFCAHMF","ChatTab/KLINIFCAHMF","System.Object"
-1203064503,"","MPNDCKDFNCN","ChatTab/MPNDCKDFNCN","System.Object"
250467884,"","CheckBoxButton","CheckBoxButton","Core_BaseScript"
1327609566,"","ChillingoSdkManager","ChillingoSdkManager","Singleton`1<ChillingoSdkManager>"
153315234,"","CircleProgress","CircleProgress","Core_BaseScript"
-1679697406,"","ClearCamerAlpha","ClearCamerAlpha","UnityEngine.MonoBehaviour"
-1969124115,"","CloseDialogElement","CloseDialogElement","Core_BaseScript"
978032359,"Com.Google.Android.Gms.Common.Api","CKCLCKALDBH","Com.Google.Android.Gms.Common.Api.CKCLCKALDBH","Google.Developers.JavaObjWrapper"
417749126,"Com.Google.Android.Gms.Common.Api","CPHCDFPIGCN","Com.Google.Android.Gms.Common.Api.CPHCDFPIGCN","Google.Developers.JavaObjWrapper"
1159566692,"Com.Google.Android.Gms.Common.Api","DOLFCNGMKNA","Com.Google.Android.Gms.Common.Api.DOLFCNGMKNA","Google.Developers.JavaObjWrapper"
-635622297,"Com.Google.Android.Gms.Common.Api","HBHAGEHGEED","Com.Google.Android.Gms.Common.Api.HBHAGEHGEED","Google.Developers.JavaInterfaceProxy"
-501276058,"Com.Google.Android.Gms.Common.Api","HNEKGBNOABJ","Com.Google.Android.Gms.Common.Api.HNEKGBNOABJ",""
-1634658731,"Com.Google.Android.Gms.Common.Api","MDLKHELHPML","Com.Google.Android.Gms.Common.Api.MDLKHELHPML",""
-1953909663,"Com.Google.Android.Gms.Common","EDJMEEFGDFH","Com.Google.Android.Gms.Common.EDJMEEFGDFH","Google.Developers.JavaObjWrapper"
2134901347,"Com.Google.Android.Gms.Games","AFCIKJAHACN","Com.Google.Android.Gms.Games.AFCIKJAHACN","Google.Developers.JavaObjWrapper"
98478703,"Com.Google.Android.Gms.Games","GCDFMKFPBKK","Com.Google.Android.Gms.Games.GCDFMKFPBKK","Google.Developers.JavaObjWrapper"
-1604597502,"Com.Google.Android.Gms.Games.Stats","CKOMHHKHDEB","Com.Google.Android.Gms.Games.Stats.CKOMHHKHDEB","Google.Developers.JavaObjWrapper"
881236675,"Com.Google.Android.Gms.Games.Stats","EDKKCDLMAKK","Com.Google.Android.Gms.Games.Stats.EDKKCDLMAKK",""
-1045283338,"Com.Google.Android.Gms.Games.Stats","JNIPJOLMCFC","Com.Google.Android.Gms.Games.Stats.JNIPJOLMCFC",""
1264034762,"Com.Google.Android.Gms.Games.Stats","JOCGMGPOMMK","Com.Google.Android.Gms.Games.Stats.JOCGMGPOMMK",""
-1456312959,"Com.Google.Android.Gms.Games.Stats","PCGPJNOKBAE","Com.Google.Android.Gms.Games.Stats.PCGPJNOKBAE","Google.Developers.JavaObjWrapper"
-486661151,"Com.Google.Android.Gms.Games.Stats","PMEBLECJLMD","Com.Google.Android.Gms.Games.Stats.PMEBLECJLMD","Google.Developers.JavaObjWrapper"
830891549,"","CompareUnitsRecord","CompareUnitsRecord","UnityEngine.MonoBehaviour"
-395891994,"","CompareWeaponsRecord","CompareWeaponsRecord","UnityEngine.MonoBehaviour"
1020722479,"","ConfirmDialog","ConfirmDialog","GuiElementSingle`1<ConfirmDialog>"
-237272484,"","ALFLAJEHLGB","ConfirmDialog/ALFLAJEHLGB","System.Object"
1810148221,"","CGECFHFDEEH","ConfirmDialog/CGECFHFDEEH","System.Object"
-1567105895,"","JJJOBNJJBCL","ConfirmDialog/JJJOBNJJBCL","System.Object"
-310569217,"","ConvertToScrapsDialog","ConvertToScrapsDialog","GuiElementSingle`1<ConvertToScrapsDialog>"
1385802372,"","CoopInfos","CoopInfos","GuiElementSingle`1<CoopInfos>"
846388202,"","CoroutineTest","CoroutineTest","UnityEngine.MonoBehaviour"
-727005317,"","CountObjects","CountObjects","UnityEngine.MonoBehaviour"
883728587,"","CounterManager","CounterManager","Singleton`1<CounterManager>"
1285896833,"","AAFFGNHFNPP","CounterManager/AAFFGNHFNPP","System.Object"
659704454,"","CKECMBJAMAK","CounterManager/CKECMBJAMAK","System.Object"
-91561806,"","GBDPBAAONHM","CounterManager/GBDPBAAONHM","System.Object"
-1075708899,"","JCKMANJKIHO","CounterManager/JCKMANJKIHO","System.Object"
1376161336,"","CountryIconButton","CountryIconButton","PoolableObject"
996592536,"","CraftCardOverlay","CraftCardOverlay","Core_BaseScript"
1700279849,"","KJOODJKNNBI","CraftCardOverlay/KJOODJKNNBI","System.Object"
-300698350,"","CraftCardsContent","CraftCardsContent","Core_BaseScript"
295230422,"","EAFODKCNCHA","CraftCardsContent/EAFODKCNCHA","System.Object"
781456787,"","EBHCAKJJOGA","CraftCardsContent/EBHCAKJJOGA","System.Object"
-426145417,"","FLPIDIPFAOK","CraftCardsContent/FLPIDIPFAOK","System.Object"
333907803,"","JLANLLEABDC","CraftCardsContent/JLANLLEABDC","System.Enum"
209186110,"","LFCNHGLMIDO","CraftCardsContent/LFCNHGLMIDO","System.Object"
-1324325963,"","PNIONMFOGHK","CraftCardsContent/PNIONMFOGHK","System.Object"
-1915062050,"","CraftResult","CraftResult","Core_BaseScript"
1399338127,"","CPPNFFGBKBM","CraftResult/CPPNFFGBKBM","System.Object"
-347948376,"","HDIJMDBCINK","CraftResult/HDIJMDBCINK","System.Object"
421606956,"","IOIOMEJKEHO","CraftResult/IOIOMEJKEHO","System.Object"
333907803,"","JLANLLEABDC","CraftResult/JLANLLEABDC","System.Enum"
1958798660,"","JPAGNDPGONN","CraftResult/JPAGNDPGONN","System.Object"
-1153684270,"","Crane","Crane","Core_BaseScript"
-203272547,"","FNILLKIJPLP","Crane/FNILLKIJPLP","System.Object"
-1633623822,"","CreditsDialog","CreditsDialog","GuiElementSingle`1<CreditsDialog>"
1226075220,"","CurrentBundleVersion","CurrentBundleVersion","Singleton`1<CurrentBundleVersion>"
2029306866,"","CustomDisplayerItem","CustomDisplayerItem","PoolableObject"
-929743587,"","CustomizationsTutorial","CustomizationsTutorial","GuiElementSingle`1<CustomizationsTutorial>"
-229129432,"","DBGMGHGNNOH","DBGMGHGNNOH","System.Object"
205833319,"","DCLICKJHGOA","DCLICKJHGOA","JGHICIBKJBL"
-1134215805,"","DFAMEADBDFA","DFAMEADBDFA","HHFHFANGCEJ"
423988722,"","DFHALNOAGGC","DFHALNOAGGC","System.Object"
-1439147439,"","GGCKDLHKPHA","DFHALNOAGGC/GGCKDLHKPHA","System.Object"
-581662581,"","JAHBLOJMOME","DFHALNOAGGC/JAHBLOJMOME","System.Object"
1253921015,"","PEBLJIFMBGC","DFHALNOAGGC/PEBLJIFMBGC","System.Enum"
-1566439017,"","PKDCCCNJIEC","DFHALNOAGGC/PKDCCCNJIEC","System.Object"
813630587,"","DHELGFIFMEH","DHELGFIFMEH","System.Object"
316949503,"","DIENNAGJJOM","DIENNAGJJOM","System.Object"
-1544383762,"","DIJIAFJNKLG","DIJIAFJNKLG","LAHOBMBEDKE<DailyMissionWaves>"
-1897538919,"","DJOJPKGADMP","DJOJPKGADMP","System.Object"
1534496155,"","DKHAOLDJLMK","DKHAOLDJLMK","System.Enum"
-297728776,"","DMMDOGGHCMD","DMMDOGGHCMD","KJMGFHMIBII"
-433333451,"","DMPHDCGMGGE","DMPHDCGMGGE","AnalyticsServiceBase"
-1305235690,"","DNNFNLDALCO","DNNFNLDALCO","System.Object"
337184122,"","DailyAssignmentsContent","DailyAssignmentsContent","Core_BaseScript"
-1683355403,"","DailyEventPart","DailyEventPart","Core_BaseScript"
492327084,"","KHAMMAFJPAO","DailyEventPart/KHAMMAFJPAO","System.Object"
-1115836523,"","DailyGoldBoosterDialog","DailyGoldBoosterDialog","GuiElementSingle`1<DailyGoldBoosterDialog>"
543976670,"","DailyMission","DailyMission","System.Object"
1997962653,"","DailyMissionBoss","DailyMissionBoss","DailyMissionG`1<DailyMissionBoss/BossMissionConfig>"
-627128710,"","BossMissionConfig","DailyMissionBoss/BossMissionConfig","MissionConfig"
404100547,"","DailyMissionButton","DailyMissionButton","Core_BaseScript"
-784017196,"","DailyMissionDialog","DailyMissionDialog","GuiElementSingle`1<DailyMissionDialog>"
-733630951,"","DailyMissionG`1","DailyMissionG`1","DailyMission"
-31671038,"","DailyMissionHeroicButton","DailyMissionHeroicButton","Core_BaseScript"
-1921391823,"","OBBJILMMHHO","DailyMissionHeroicButton/OBBJILMMHHO","System.Object"
-981632802,"","DailyMissionHeroicHintReward","DailyMissionHeroicHintReward","Core_BaseScript"
-1352711007,"","DailyMissionKillUnits","DailyMissionKillUnits","DailyMissionG`1<DailyMissionKillUnits/KillMissionConfig>"
1363637110,"","KillMissionConfig","DailyMissionKillUnits/KillMissionConfig","MissionConfig"
1398126239,"","DailyMissionProgressGui","DailyMissionProgressGui","Core_BaseScript"
-2311130,"","NLMADALNPAC","DailyMissionProgressGui/NLMADALNPAC","System.Enum"
600138928,"","DailyMissionRewardRecord","DailyMissionRewardRecord","Core_BaseScript"
-129651944,"","DailyMissionScreen","DailyMissionScreen","GuiScreenSingle`1<DailyMissionScreen>"
-2057306234,"","ECOBAHHPEFM","DailyMissionScreen/ECOBAHHPEFM","System.Object"
-1900245594,"","FIFOHGBPJOA","DailyMissionScreen/FIFOHGBPJOA","System.Object"
339621793,"","DailyMissionSurvive","DailyMissionSurvive","DailyMissionG`1<DailyMissionSurvive/SurviveMissionConfig>"
-44092285,"","SurviveMissionConfig","DailyMissionSurvive/SurviveMissionConfig","MissionConfig"
-1893007554,"","DailyMissionUnlockDialog","DailyMissionUnlockDialog","GuiElementSingle`1<DailyMissionUnlockDialog>"
-538186027,"","DailyMissionWaves","DailyMissionWaves","DailyMissionG`1<DailyMissionWaves/WavesMissionConfig>"
1764245184,"","WavesMissionConfig","DailyMissionWaves/WavesMissionConfig","MissionConfig"
-1551551398,"","DailyMissionsManager","DailyMissionsManager","DatabaseSerializedObjectGeneric`1<DailyMissionsManager/DailyMissionsData>"
1232240930,"","DailyMissionsData","DailyMissionsManager/DailyMissionsData","System.Object"
-1272932264,"","DailyPart","DailyPart","Core_BaseScript"
349017387,"","DailyRewardManager","DailyRewardManager","Singleton`1<DailyRewardManager>"
-1078792307,"","MCGFHPOPMHL","DailyRewardManager/MCGFHPOPMHL","System.Object"
-982789539,"","MGANBPBIOBK","DailyRewardManager/MGANBPBIOBK","System.Object"
-1527500381,"","DailyRewardMonthButton","DailyRewardMonthButton","PoolableObject"
1222501992,"","DailyRewardMonthScreen","DailyRewardMonthScreen","GuiScreenSingle`1<DailyRewardMonthScreen>"
2012944856,"","ELFHEDPCELK","DailyRewardMonthScreen/ELFHEDPCELK","System.Object"
-1336329340,"","DailyVIPCardsScreen","DailyVIPCardsScreen","GuiElementSingle`1<DailyVIPCardsScreen>"
993110430,"","JLGPLHJMDCI","DailyVIPCardsScreen/JLGPLHJMDCI","System.Object"
-1051179409,"","LGECLIMBFFM","DailyVIPCardsScreen/LGECLIMBFFM","System.Object"
-610633412,"","DamageDisplayController","DamageDisplayController","Core_BaseScript"
-1335705310,"","DamageDisplayer","DamageDisplayer","PoolableObject"
-348685292,"","ALEMLIFMPAH","DamageDisplayer/ALEMLIFMPAH","System.Object"
629007821,"","DatabaseAction","DatabaseAction","System.Enum"
-638758715,"","DatabaseEnvironment","DatabaseEnvironment","System.Enum"
518406973,"","DatabasePlayer","DatabasePlayer","System.Object"
-705580729,"","DatabasePlayerInfo","DatabasePlayerInfo","DatabasePlayer"
-389870055,"","DatabaseSerializedObject","DatabaseSerializedObject","Core_BaseScript"
-1850186896,"","DatabaseSerializedObjectGeneric`1","DatabaseSerializedObjectGeneric`1","DatabaseSerializedObject"
1953674600,"","DeathMatchGuiCard","DeathMatchGuiCard","Core_BaseScript"
-1703355311,"","DeathMatchGuiCardProgress","DeathMatchGuiCardProgress","Core_BaseScript"
359604002,"","FIONMJIDHDO","DeathMatchGuiCardProgress/FIONMJIDHDO","System.Object"
-15924099,"","PNAAHNDOPIO","DeathMatchGuiCardProgress/PNAAHNDOPIO","System.Object"
247057488,"","DeathMatchUnitsGuiElement","DeathMatchUnitsGuiElement","GuiElement"
-1401946374,"","BLGLIAGMEDE","DeathMatchUnitsGuiElement/BLGLIAGMEDE","System.Object"
-1956882434,"","DeathMatchUnitsGuiElementFixed","DeathMatchUnitsGuiElementFixed","DeathMatchUnitsGuiElement"
-1169900624,"","DebugDialogs","DebugDialogs","Core_BaseScript"
172200063,"","DebugFontSize","DebugFontSize","Core_BaseScript"
-1123230642,"","DebugOfferSetter","DebugOfferSetter","UnityEngine.MonoBehaviour"
-1596474690,"","DebugSettings","DebugSettings","InGameSerializedObjectGeneric`1<DebugSettings/DebugSettingsData>"
17414386,"","DebugSettingsData","DebugSettings/DebugSettingsData","System.Object"
1079113942,"","DebugSettingsGuiElement","DebugSettingsGuiElement","GuiElement"
-415419010,"","Decal","Decal","GeneratedGameObject"
-552241224,"","DecalSystem","DecalSystem","GeneratedObjectManager"
410268452,"","Decoy","Decoy","MainGameEntity"
-1222021468,"","IJLDPBJOCAG","Decoy/IJLDPBJOCAG","System.Object"
-263582400,"","DeployEnergyElement","DeployEnergyElement","Core_BaseScript"
1262249592,"","DeployUnitsAssignment","DeployUnitsAssignment","Assignment"
1408879044,"","DeployUnitsFromCategoryAssignment","DeployUnitsFromCategoryAssignment","Assignment"
-1252224793,"","DestroyCratesAssignment","DestroyCratesAssignment","Assignment"
-441116987,"","DestroyCratesInOneBattleAssignment","DestroyCratesInOneBattleAssignment","Assignment"
-1252707456,"","DestroyEnemyCratesAssignment","DestroyEnemyCratesAssignment","Assignment"
-1321415838,"","DestroyableObject","DestroyableObject","Core_BaseScript"
1543689717,"","CJLNCMMNPBM","DestroyableObject/CJLNCMMNPBM","System.ValueType"
902201483,"","MANAGOLPMLH","DestroyableObject/MANAGOLPMLH","System.Enum"
-1371970172,"","DestroyableObjectMultipleParts","DestroyableObjectMultipleParts","DestroyableObject"
-1217584260,"","DestroyableObjectPlayer","DestroyableObjectPlayer","DestroyableObjectMultipleParts"
-1114247539,"","DestroyableObjectPlayerPart","DestroyableObjectPlayerPart","DestroyableObjectpart"
903260656,"","DestroyableObjectpart","DestroyableObjectpart","DestroyableObject"
-1290536771,"","DevConfig","DevConfig","System.Object"
190686018,"","DialogBackground","DialogBackground","Core_BaseScript"
2003276314,"","DialogCompareUnits","DialogCompareUnits","GuiElementSingle`1<DialogCompareUnits>"
-822844325,"","DialogManager","DialogManager","InGameSerializedObjectGeneric`1<DialogManager/DialogData>"
-1392461279,"","DialogData","DialogManager/DialogData","System.Object"
1237689346,"","DialogOverlayGuiElement","DialogOverlayGuiElement","Core_BaseScript"
-1777266694,"","FAMGMBGPMFH","DialogOverlayGuiElement/FAMGMBGPMFH","System.Object"
-232476399,"","DivisionRepresentation","DivisionRepresentation","Core_BaseScript"
1335725807,"","DogTagManager","DogTagManager","Singleton`1<DogTagManager>"
40018662,"","BIJGKONDLCD","DogTagManager/BIJGKONDLCD","System.Enum"
553575530,"","FLIEKCCENMC","DogTagManager/FLIEKCCENMC","System.Object"
-1994097481,"","DogTagRecord","DogTagRecord","PoolableObject"
-1004918021,"","DogTagRecordAnimation","DogTagRecordAnimation","Core_BaseScript"
2111482802,"","JAKELFJIPLA","DogTagRecordAnimation/JAKELFJIPLA","System.Object"
-1367328842,"","DogtagDialog","DogtagDialog","GuiElementSingle`1<DogtagDialog>"
549104059,"","DollyZoom","DollyZoom","UnityEngine.MonoBehaviour"
-1720641497,"","DownloadAssetsDialog","DownloadAssetsDialog","Core_BaseScript"
2143947917,"","Drone","Drone","MechanicalUnit`1<DroneBehaviour>"
1377935075,"","DroneBehaviour","DroneBehaviour","DroneBehaviourG`1<DroneBehaviourDefinititon>"
-792096449,"","DroneBehaviourDefinititon","DroneBehaviourDefinititon","VehicleBehaviourDefinititon"
-2049468865,"","DroneBehaviourG`1","DroneBehaviourG`1","VehicleBehaviour"
-34392000,"","DroneSteering","DroneSteering","Core_BaseScript"
-1347296317,"","DropPoint","DropPoint","UnityEngine.MonoBehaviour"
837822066,"","EBELGBMPHGM","EBELGBMPHGM","DHELGFIFMEH"
-70430792,"","EBHEFADIGOK","EBHEFADIGOK","System.Object"
1113038963,"","EBHKIMBFOJJ","EBHKIMBFOJJ","PHAMEDPLFLO"
544982369,"","EDCMLKFFIIH","EDCMLKFFIIH","HHFHFANGCEJ"
-1760586608,"","EFECGFGNLIE","EFECGFGNLIE","System.Enum"
1044188289,"","EHKKMLHMJML","EHKKMLHMJML","HHFHFANGCEJ"
1215807137,"","EJLBCNBODJG","EJLBCNBODJG","System.Object"
1219320631,"","EJOOEEEHKJM","EJOOEEEHKJM","HHFHFANGCEJ"
973751438,"","EKPKEMFBNLP","EKPKEMFBNLP","HHFHFANGCEJ"
-1362779292,"","ELCOOEDPIDK","ELCOOEDPIDK","System.Object"
1240591591,"","ENCACBHHJGF","ENCACBHHJGF","HHFHFANGCEJ"
-1170443149,"","EOLJBBIEJHL","EOLJBBIEJHL","HHFHFANGCEJ"
-1697094984,"","EffectLight","EffectLight","UnityEngine.MonoBehaviour"
-2032483401,"","ElectricTrap","ElectricTrap","Core_BaseScript"
1191062809,"","APHOFFLBJGD","ElectricTrap/APHOFFLBJGD","System.Object"
-143359479,"","ElitePerkTutorialDialog","ElitePerkTutorialDialog","GuiElementSingle`1<ElitePerkTutorialDialog>"
1400572699,"","EliteUnitPreviewDialog","EliteUnitPreviewDialog","GuiElementSingle`1<EliteUnitPreviewDialog>"
-1138961178,"","EnableNotificationsDialog","EnableNotificationsDialog","GuiElementSingle`1<EnableNotificationsDialog>"
-1324892437,"","EnableNotificationsInSystemDialog","EnableNotificationsInSystemDialog","GuiElementSingle`1<EnableNotificationsInSystemDialog>"
-2014886729,"","EndScreen","EndScreen","GuiScreenSingle`1<EndScreen>"
2009301452,"","ANOMAEMCAON","EndScreen/ANOMAEMCAON","System.Object"
-194037857,"","EHLEKNMNNLJ","EndScreen/EHLEKNMNNLJ","System.Object"
-1944335793,"","MPJAFCCIOEO","EndScreen/MPJAFCCIOEO","System.Enum"
1286998603,"","EndScreenButton","EndScreenButton","Core_BaseScript"
-26557158,"","EndScreenButtonAssignments","EndScreenButtonAssignments","EndScreenButton"
-1788987032,"","EnemyBasicInventory","EnemyBasicInventory","Core_BaseScript"
2072180210,"","InventoryWeapon","EnemyBasicInventory/InventoryWeapon","System.Object"
-1666657537,"","OPGKHHHMHON","EnemyBasicInventory/OPGKHHHMHON","System.Object"
414130324,"","EnemyContent","EnemyContent","Core_BaseScript"
-1628403795,"","EnemyController","EnemyController","AIObjectG`1<SoldierBehaviour>"
-1672290668,"","AJGFGCHCAPA","EnemyController/AJGFGCHCAPA","System.Enum"
981020841,"","OLHLGDLDGPP","EnemyController/OLHLGDLDGPP","System.Enum"
1905455505,"","EnemyLeveledWeapon","EnemyLeveledWeapon","Core_BaseScript"
1867280496,"","ACLGDKACDJD","EnemyLeveledWeapon/ACLGDKACDJD","System.Object"
-142768936,"","WeaponModelRecord","EnemyLeveledWeapon/WeaponModelRecord","System.Object"
-1674085504,"","EnemyPoint","EnemyPoint","Core_BaseScript"
152109032,"","LJGGJMAFEBN","EnemyPoint/LJGGJMAFEBN","System.Enum"
1803216396,"","EnemyPointCorner","EnemyPointCorner","EnemyPoint"
1504108639,"","EnemyPointEngineerTurret","EnemyPointEngineerTurret","EnemyPoint"
-928544109,"","EnemyPointGunslinger","EnemyPointGunslinger","EnemyPoint"
510164385,"","EnemyPointHelicopter","EnemyPointHelicopter","EnemyPoint"
-1394255663,"","EnemyPointMech","EnemyPointMech","EnemyPoint"
420334682,"","EnemyPointMinigunner","EnemyPointMinigunner","EnemyPoint"
674884310,"","EnemyPointMortar","EnemyPointMortar","EnemyPoint"
-1247938467,"","EnemyPointObstacle","EnemyPointObstacle","EnemyPoint"
1470099061,"","EnemyPointRusher","EnemyPointRusher","EnemyPoint"
1578181310,"","EnemyPointRusherSpare","EnemyPointRusherSpare","EnemyPoint"
1030914261,"","EnemyPointSwat","EnemyPointSwat","EnemyPoint"
460444048,"","EnemyPointTower","EnemyPointTower","EnemyPoint"
-1320178339,"","EnemyPointVehicle","EnemyPointVehicle","EnemyPoint"
-663775762,"","EnemyPointsCollection","EnemyPointsCollection","Core_BaseScript"
1643576945,"","EventAssignment","EventAssignment","System.Object"
-673918826,"","EventAssignmentConfig","EventAssignmentConfig","System.Object"
1304627163,"","EventAssignmentManager","EventAssignmentManager","DatabaseSerializedObjectGeneric`1<EventAssignmentManager/EventAssignmentData>"
-89342680,"","EventAssignmentData","EventAssignmentManager/EventAssignmentData","System.Object"
-1153319745,"","EventAssignmentProgress","EventAssignmentManager/EventAssignmentProgress","System.Object"
1357483656,"","EventAssignmentWinterBox","EventAssignmentWinterBox","EventAssignment"
442149272,"","EventAssignmentsConfig","EventAssignmentsConfig","System.Object"
1170732788,"","EventBonusBox","EventBonusBox","PoolableObject"
-730198676,"","EventDialog","EventDialog","GuiElementSingle`1<EventDialog>"
1682367151,"","FLCNNIBJNDM","EventDialog/FLCNNIBJNDM","System.Object"
1806105837,"","EventMilestone","EventMilestone","System.Object"
1594758819,"","EventRewardRecord","EventRewardRecord","Core_BaseScript"
-78491392,"","EventTrackingManager","EventTrackingManager","Singleton`1<EventTrackingManager>"
1447701154,"","KHHOMCIOKAO","EventTrackingManager/KHHOMCIOKAO","System.Object"
1975091305,"","ExplosionManager","ExplosionManager","Singleton`1<ExplosionManager>"
1530609535,"","ExplosiveSetup","ExplosiveSetup","AmmoSetup"
-888473863,"","FAHFKCEOKLC","FAHFKCEOKLC","System.ValueType"
780269219,"","FBBIHBFHNEG","FBBIHBFHNEG","System.Enum"
-1771314629,"","FBLMLDEBABI","FBLMLDEBABI","HHFHFANGCEJ"
1892123688,"","FCIGAKGDAHO","FCIGAKGDAHO","System.Object"
1450210833,"","FCLADBGKCIA","FCLADBGKCIA","System.Object"
1563107189,"","FFBPJHGONDP","FFBPJHGONDP","HHFHFANGCEJ"
-1233448870,"","FFKMPLMLOEP","FFKMPLMLOEP","HHFHFANGCEJ"
496511779,"","FGMEIEBKNEK","FGMEIEBKNEK","System.Object"
-1891757114,"","AIJGDGDBGJA","FGMEIEBKNEK/AIJGDGDBGJA","System.Object"
-1324456983,"","FHIPGDADNFG","FHIPGDADNFG","System.Object"
-1882739759,"","FIDIMECCNLP","FIDIMECCNLP","System.Object"
-1866927247,"","FJENJNKAJDA","FJENJNKAJDA","HGJIMJHLCPL"
812815044,"","FKMLJGLIMPN","FKMLJGLIMPN","WeaponFeature"
-637568416,"","FLIHNANHKJE","FLIHNANHKJE","System.Enum"
-913227409,"","FMCFACHPNOP","FMCFACHPNOP","HHFHFANGCEJ"
-414488933,"","FNGCABFGGLA","FNGCABFGGLA","HHFHFANGCEJ"
-1057357139,"","FOANDNLPDEB","FOANDNLPDEB","HGJIMJHLCPL"
-1768443762,"","FPPNAOFJOCF","FPPNAOFJOCF","System.Object"
2130390338,"","DPKKCKNIDBH","FPPNAOFJOCF/DPKKCKNIDBH","System.Object"
-932851240,"","ENONDMKKGCF","FPPNAOFJOCF/ENONDMKKGCF","System.Object"
575943071,"","GHNKIEKLLFD","FPPNAOFJOCF/GHNKIEKLLFD","System.MulticastDelegate"
-230486882,"","JKCGBMJJJBP","FPPNAOFJOCF/JKCGBMJJJBP","System.MulticastDelegate"
-1579257243,"","JLFJGGLIOBI","FPPNAOFJOCF/JLFJGGLIOBI","System.Object"
368505539,"","NKHJBLBAAEB","FPPNAOFJOCF/NKHJBLBAAEB","System.Enum"
1430631297,"","PCHNOHCHJGL","FPPNAOFJOCF/PCHNOHCHJGL","System.MulticastDelegate"
84635990,"","FTBL_DeadTime","FTBL_DeadTime","UnityEngine.MonoBehaviour"
158522951,"","FTBL_SampleSceneGUI","FTBL_SampleSceneGUI","UnityEngine.MonoBehaviour"
1197060700,"","FTBL_StopCam","FTBL_StopCam","UnityEngine.MonoBehaviour"
-192269143,"","FTBL_VisibleBG","FTBL_VisibleBG","UnityEngine.MonoBehaviour"
-1733540945,"Fabric.Answers","Answers","Fabric.Answers.Answers","UnityEngine.MonoBehaviour"
748455775,"Fabric.Answers.Internal","AnswersAndroidImplementation","Fabric.Answers.Internal.AnswersAndroidImplementation","System.Object"
-1988648818,"Fabric.Answers.Internal","AnswersEventInstanceJavaObject","Fabric.Answers.Internal.AnswersEventInstanceJavaObject","System.Object"
211989702,"Fabric.Answers.Internal","AnswersSharedInstanceJavaObject","Fabric.Answers.Internal.AnswersSharedInstanceJavaObject","System.Object"
381448980,"Fabric.Answers.Internal","AnswersStubImplementation","Fabric.Answers.Internal.AnswersStubImplementation","System.Object"
1740025388,"Fabric.Answers.Internal","IAnswers","Fabric.Answers.Internal.IAnswers",""
-307041097,"Fabric.Crashlytics","Crashlytics","Fabric.Crashlytics.Crashlytics","System.Object"
75910100,"Fabric.Crashlytics.Internal","AndroidImpl","Fabric.Crashlytics.Internal.AndroidImpl","Fabric.Crashlytics.Internal.Impl"
1058396454,"","JavaInteropException","Fabric.Crashlytics.Internal.AndroidImpl/JavaInteropException","System.Exception"
1152696415,"Fabric.Crashlytics.Internal","Impl","Fabric.Crashlytics.Internal.Impl","System.Object"
-1567363220,"","FrameParser","Fabric.Crashlytics.Internal.Impl/FrameParser","System.MulticastDelegate"
-1650930296,"Fabric","CrashlyticsServiceInitializer","Fabric.CrashlyticsServiceInitializer","System.Object"
1463462694,"Fabric.Internal.Crashlytics","CrashlyticsInit","Fabric.Internal.Crashlytics.CrashlyticsInit","UnityEngine.MonoBehaviour"
1319599308,"Fabric.Internal","FabricInit","Fabric.Internal.FabricInit","UnityEngine.MonoBehaviour"
917867269,"Fabric.Internal.Runtime","Utils","Fabric.Internal.Runtime.Utils","System.Object"
1424652950,"Fabric.Internal.ThirdParty.MiniJSON","Json","Fabric.Internal.ThirdParty.MiniJSON.Json","System.Object"
1503276549,"","Parser","Fabric.Internal.ThirdParty.MiniJSON.Json/Parser","System.Object"
-971798253,"","TOKEN","Fabric.Internal.ThirdParty.MiniJSON.Json/Parser/TOKEN","System.Enum"
557613087,"","Serializer","Fabric.Internal.ThirdParty.MiniJSON.Json/Serializer","System.Object"
1759134299,"Fabric.Runtime","Fabric","Fabric.Runtime.Fabric","System.Object"
-357049865,"Fabric.Runtime.Internal","AndroidImpl","Fabric.Runtime.Internal.AndroidImpl","Fabric.Runtime.Internal.Impl"
-493047299,"Fabric.Runtime.Internal","Impl","Fabric.Runtime.Internal.Impl","System.Object"
-1290399135,"","FacebookDialog","FacebookDialog","GuiElementSingle`1<FacebookDialog>"
-805131004,"","FakePlayersManager","FakePlayersManager","InGameSerializedObjectGeneric`1<FakePlayersManager/FakePlayersData>"
-1236847981,"","AHLBKANEELN","FakePlayersManager/AHLBKANEELN","System.Object"
1655016649,"","FakePlayersData","FakePlayersManager/FakePlayersData","System.Object"
-296608788,"","FakeRigidBodySwapper","FakeRigidBodySwapper","Core_BaseScript"
-1718930549,"","MeshFliterAndRenderer","FakeRigidBodySwapper/MeshFliterAndRenderer","System.Object"
1930367663,"","FightDialog","FightDialog","GuiElementSingle`1<FightDialog>"
368505539,"","NKHJBLBAAEB","FightDialog/NKHJBLBAAEB","System.Enum"
-1293135108,"","ODGOMJNMKCJ","FightDialog/ODGOMJNMKCJ","System.Object"
1104459635,"","FinishMissionAssignment","FinishMissionAssignment","Assignment"
399834779,"","FlameAmmo","FlameAmmo","Ammo"
1581003659,"","FlameAmmoSetup","FlameAmmoSetup","AmmoSetup"
-121842084,"","FlashGrenadeAmmoSetup","FlashGrenadeAmmoSetup","GrenadeAmmoBaseSetup"
-582261931,"","FogSettings","FogSettings","UnityEngine.MonoBehaviour"
1736996551,"","FontReplacementTool","FontReplacementTool","UnityEngine.MonoBehaviour"
417493924,"","FontSizeForDynamicFont","FontSizeForDynamicFont","UnityEngine.MonoBehaviour"
1750296657,"","FriendGuiRecord","FriendGuiRecord","PoolableObject"
-75420464,"FuseMisc","BFBLJPDGMHH","FuseMisc.BFBLJPDGMHH","System.ValueType"
1203563418,"FuseMisc","CKIENDMMJOG","FuseMisc.CKIENDMMJOG","System.ValueType"
140216810,"FuseMisc","DHNIDODBEOE","FuseMisc.DHNIDODBEOE","System.Enum"
1044817151,"FuseMisc","EBDBJAKJNLD","FuseMisc.EBDBJAKJNLD","System.ValueType"
1158942182,"FuseMisc","GDEKGPOEECL","FuseMisc.GDEKGPOEECL","System.Enum"
1019027471,"FuseMisc","GFLKKPFAFGC","FuseMisc.GFLKKPFAFGC","System.Enum"
-1855687103,"FuseMisc","KIDFEANMAKJ","FuseMisc.KIDFEANMAKJ","System.ValueType"
-1963685325,"FuseMisc","LEMPAEKOLNH","FuseMisc.LEMPAEKOLNH","System.Object"
1748711461,"FuseMisc","MFJJLPLILJF","FuseMisc.MFJJLPLILJF","System.ValueType"
1716735678,"FuseMisc","OFJOIMIHPKF","FuseMisc.OFJOIMIHPKF","System.Enum"
1536381852,"FuseMisc","OOCCHCBAEHF","FuseMisc.OOCCHCBAEHF","System.Object"
1077343072,"","FuseSDK","FuseSDK","UnityEngine.MonoBehaviour"
-2016474109,"","BCCEDLCAPFL","FuseSDK/BCCEDLCAPFL","System.Object"
-1925771343,"","FuseSDK_Prime31StoreKit","FuseSDK_Prime31StoreKit","UnityEngine.MonoBehaviour"
1082658146,"","FuseSDK_Prime31_IAB","FuseSDK_Prime31_IAB","UnityEngine.MonoBehaviour"
1331175336,"","PDNEAEKOBOL","FuseSDK_Prime31_IAB/PDNEAEKOBOL","System.Object"
-1187886088,"","FuseSDK_SoomlaIAP","FuseSDK_SoomlaIAP","UnityEngine.MonoBehaviour"
-20330393,"","FuseSDK_Unibill_Android","FuseSDK_Unibill_Android","UnityEngine.MonoBehaviour"
-951824756,"","FuseSDK_Unibill_iOS","FuseSDK_Unibill_iOS","UnityEngine.MonoBehaviour"
-161399345,"","GAKMCFDDJAH","GAKMCFDDJAH","HGJIMJHLCPL"
-1282522173,"","GDCLLGDCODD","GDCLLGDCODD",""
-560866733,"","GEIKAIJBCPE","GEIKAIJBCPE","System.Enum"
1033966168,"","GEKJKNLPJIL","GEKJKNLPJIL","System.Object"
187951256,"","GFGMKANCDFJ","GFGMKANCDFJ","DatabasePlayer"
309590759,"","GHNACCCKAIG","GHNACCCKAIG","System.Enum"
1183645307,"","GHPGNELIDBM","GHPGNELIDBM","System.Enum"
-1714169946,"","GIEAKCFHOHB","GIEAKCFHOHB","JGHICIBKJBL"
-1123853810,"","GJJLHIIMGOP","GJJLHIIMGOP","HHFHFANGCEJ"
452940601,"","GKAAJBAIOBL","GKAAJBAIOBL","System.Object"
383059550,"","GKOEGBIOGCO","GKOEGBIOGCO",""
141019527,"","GKPNDPLOIJC","GKPNDPLOIJC","System.Object"
-2017931621,"","GLFPILGCAPM","GLFPILGCAPM","System.Enum"
288746492,"","GMAKDLKICNJ","GMAKDLKICNJ","HHFHFANGCEJ"
-31633872,"","GNOIPPHBAKA","GNOIPPHBAKA","HHFHFANGCEJ"
1110049616,"","NHBOAPLIPNP","GNOIPPHBAKA/NHBOAPLIPNP","System.Object"
789733803,"","GainSkillshotsAssignment","GainSkillshotsAssignment","Assignment"
311411323,"","GainedCardsAnimation","GainedCardsAnimation","Core_BaseScript"
1244578446,"","LCGFCAHMOMP","GainedCardsAnimation/LCGFCAHMOMP","System.Object"
1739291918,"","LEILMMCFPNP","GainedCardsAnimation/LEILMMCFPNP","System.Object"
492337772,"","OKEEKEGEMLM","GainedCardsAnimation/OKEEKEGEMLM","System.Object"
-550233200,"","FKFNECPFPNC","GainedCardsAnimation/OKEEKEGEMLM/FKFNECPFPNC","System.Object"
372334801,"","GameCamera","GameCamera","Singleton`1<GameCamera>"
1494565179,"","CDKNAFJNELJ","GameCamera/CDKNAFJNELJ","System.Object"
192679293,"","MGPNGLCALEH","GameCamera/CDKNAFJNELJ/MGPNGLCALEH","System.Object"
1913610716,"","CMKGCGFGHGL","GameCamera/CMKGCGFGHGL","System.Object"
-1166065431,"","DEMDEMKGBAF","GameCamera/DEMDEMKGBAF","System.Object"
-1253118819,"","ILPLKEMPGIH","GameCamera/ILPLKEMPGIH","System.Object"
-1381045952,"","ADGFNJOKCEJ","GameCamera/ILPLKEMPGIH/ADGFNJOKCEJ","System.Object"
-991472693,"","LPAFBENCBJI","GameCamera/LPAFBENCBJI","System.Object"
-1679731642,"","PGGPOFLKAGC","GameCamera/PGGPOFLKAGC","System.Object"
648275474,"","OMDOIAFEAKI","GameCamera/PGGPOFLKAGC/OMDOIAFEAKI","System.Object"
577383463,"","GameCenterProvider","GameCenterProvider","Singleton`1<GameCenterProvider>"
1173297211,"","GameConfigurationManager","GameConfigurationManager","InGameSerializedObjectGeneric`1<GameConfigurationManager/ConfigurationData>"
-1754612430,"","ConfigurationData","GameConfigurationManager/ConfigurationData","System.Object"
778610731,"","MHEHPMDHECH","GameConfigurationManager/MHEHPMDHECH","System.Object"
-1263636864,"","SheetData","GameConfigurationManager/SheetData","System.Object"
1654869021,"","GameController","GameController","Singleton`1<GameController>"
-795511573,"","AEMPHGEIJNH","GameController/AEMPHGEIJNH","System.Enum"
1794522975,"","AHDGGJJAOEO","GameController/AHDGGJJAOEO","System.Enum"
-575406419,"","APOEGAMPAFA","GameController/APOEGAMPAFA","System.Object"
-90869778,"","CHEINCNDKIG","GameController/CHEINCNDKIG","System.Object"
653748175,"","ELDLECMNIME","GameController/ELDLECMNIME","System.Enum"
93287714,"","HKGHCIEPGEL","GameController/HKGHCIEPGEL","System.Enum"
745793050,"","JGAGFCMIHHJ","GameController/JGAGFCMIHHJ","System.MulticastDelegate"
-1748453963,"","KCPGHGNIGFP","GameController/KCPGHGNIGFP","System.Object"
-712923259,"","KGCALFKEMNC","GameController/KGCALFKEMNC","System.Object"
-1200949966,"","MMNJPPHAAGL","GameController/MMNJPPHAAGL","System.Object"
-711875156,"","GameControllerCampaign","GameControllerCampaign","IGameController"
174845142,"","HCHKLFDHPFJ","GameControllerCampaign/HCHKLFDHPFJ","System.Object"
585040213,"","LDOJNLPBFFO","GameControllerCampaign/LDOJNLPBFFO","System.Object"
1018987961,"","NCEKIFIDMCF","GameControllerCampaign/NCEKIFIDMCF","System.Object"
1897198337,"","GameControllerCoop","GameControllerCoop","GameControllerOnline"
-656047085,"","MGAAEFEKILD","GameControllerCoop/MGAAEFEKILD","System.Object"
1018987961,"","NCEKIFIDMCF","GameControllerCoop/NCEKIFIDMCF","System.Object"
81876374,"","NHLGPCGCNKF","GameControllerCoop/NHLGPCGCNKF","System.Object"
-634435874,"","OILCCDFMJEJ","GameControllerCoop/OILCCDFMJEJ","System.Object"
575449101,"","GameControllerDeathMatch","GameControllerDeathMatch","GameControllerPVP"
-2009779128,"","GameControllerDeathMatchOffline","GameControllerDeathMatchOffline","IGameController"
1054872966,"","LIMGNABNMEG","GameControllerDeathMatchOffline/LIMGNABNMEG","System.Object"
574414974,"","PBFOPDADAJH","GameControllerDeathMatchOffline/PBFOPDADAJH","System.Object"
-815288839,"","GameControllerOnline","GameControllerOnline","IGameController"
174845142,"","HCHKLFDHPFJ","GameControllerOnline/HCHKLFDHPFJ","System.Object"
585040213,"","LDOJNLPBFFO","GameControllerOnline/LDOJNLPBFFO","System.Object"
1018987961,"","NCEKIFIDMCF","GameControllerOnline/NCEKIFIDMCF","System.Object"
644099424,"","GameControllerPVP","GameControllerPVP","GameControllerOnline"
1018987961,"","NCEKIFIDMCF","GameControllerPVP/NCEKIFIDMCF","System.Object"
-24542651,"","GameControllerTutorial","GameControllerTutorial","IGameController"
622839090,"","IMDALEGJCDN","GameControllerTutorial/IMDALEGJCDN","System.Object"
1054872966,"","LIMGNABNMEG","GameControllerTutorial/LIMGNABNMEG","System.Object"
574414974,"","PBFOPDADAJH","GameControllerTutorial/PBFOPDADAJH","System.Object"
425682029,"","GameControllerWarArena","GameControllerWarArena","GameControllerPVP"
1018987961,"","NCEKIFIDMCF","GameControllerWarArena/NCEKIFIDMCF","System.Object"
-1488463561,"","GameGuiCard","GameGuiCard","PoolableObject"
-196477097,"","JFEEHJPPBBE","GameGuiCard/JFEEHJPPBBE","System.Object"
-1145423864,"","KLFMHBNPGFM","GameGuiCard/KLFMHBNPGFM","System.Object"
-3215223,"","IPLCCJEMLOA","GameGuiCard/KLFMHBNPGFM/IPLCCJEMLOA","System.Object"
-130418651,"","GameLauncher","GameLauncher","Core_BaseScript"
-270924909,"","EDJCKHBMGAB","GameLauncher/EDJCKHBMGAB","System.Object"
1132133615,"","JNAGDDONNMO","GameLauncher/JNAGDDONNMO","System.Object"
792781101,"","KMFGCDAJHHA","GameLauncher/KMFGCDAJHHA","System.Object"
1593535041,"","LogoScale","GameLauncher/LogoScale","System.Object"
826287691,"","GameLoginManager","GameLoginManager","InGameSerializedObjectGeneric`1<GameLoginManager/LoginData>"
-276485504,"","BFLDHOLADMC","GameLoginManager/BFLDHOLADMC","System.Object"
843514763,"","EnvironmentData","GameLoginManager/EnvironmentData","System.Object"
372020565,"","HNIDECFHCGF","GameLoginManager/HNIDECFHCGF","System.Object"
-191031911,"","LoginData","GameLoginManager/LoginData","System.Object"
824656098,"","PlayerAccount","GameLoginManager/PlayerAccount","System.Object"
-221057392,"","GameModesContent","GameModesContent","Core_BaseScript"
-1061656481,"","GameOverScreen","GameOverScreen","GuiScreenSingle`1<GameOverScreen>"
1126040580,"","FNPHBIPGLMO","GameOverScreen/FNPHBIPGLMO","System.Object"
-1440216478,"","IGJLCIBEHAB","GameOverScreen/IGJLCIBEHAB","System.Enum"
-2017733303,"","KPPFCFDEJHP","GameOverScreen/KPPFCFDEJHP","System.Object"
-1741924799,"","NFPHJEHMGMG","GameOverScreen/NFPHJEHMGMG","System.Object"
1486458547,"","OKLDKDMGIBF","GameOverScreen/OKLDKDMGIBF","System.Object"
1125919792,"","GameReward","GameReward","System.Object"
1374070044,"","GameRewardData","GameRewardData","System.Object"
8804250,"","GameRewardEliteParts","GameRewardEliteParts","GameReward"
-1694007736,"","GameRewardGold","GameRewardGold","GameReward"
-2034645443,"","GameRewardPlayerVisual","GameRewardPlayerVisual","GameReward"
537071388,"","GameRewardScraps","GameRewardScraps","GameReward"
-2138321947,"","GameRewardTickets","GameRewardTickets","GameReward"
298776686,"","GameRewardWarbucks","GameRewardWarbucks","GameReward"
2048456106,"","GameShootableEntity","GameShootableEntity","Core_BaseScript"
1659922659,"","EJLJIPACCMJ","GameShootableEntity/EJLJIPACCMJ","System.Enum"
-587330030,"","LAAAMBBNIJO","GameShootableEntity/LAAAMBBNIJO","System.Enum"
-1641893657,"","ShotTarget","GameShootableEntity/ShotTarget","System.Object"
301085198,"","GameShootableEntityPlayer","GameShootableEntityPlayer","GameShootableEntity"
-1422024798,"","GameStartScreen","GameStartScreen","GuiScreenSingle`1<GameStartScreen>"
1660042244,"","GameTypeDependObject","GameTypeDependObject","Core_BaseScript"
-1145155779,"","GameVariables","GameVariables","Singleton`1<GameVariables>"
1242592078,"","GameWatcher","GameWatcher","UnityEngine.MonoBehaviour"
1516957595,"","GameWeaponModel","GameWeaponModel","UnityEngine.MonoBehaviour"
738163543,"","GeneratedGameObject","GeneratedGameObject","PoolableObject"
-1603196145,"","GeneratedObjectManager","GeneratedObjectManager","Core_BaseScript"
-901334308,"","Glass","Glass","Core_BaseScript"
-1063992475,"","GoldButtonRecord","GoldButtonRecord","Core_BaseScript"
1795062673,"","GoldDailyButtonRecord","GoldDailyButtonRecord","GoldButtonRecord"
-287002619,"Google.Developers","JavaInterfaceProxy","Google.Developers.JavaInterfaceProxy","UnityEngine.AndroidJavaProxy"
-209281689,"Google.Developers","JavaObjWrapper","Google.Developers.JavaObjWrapper","System.Object"
-1293870806,"","GooglePlayGameService","GooglePlayGameService","Singleton`1<GooglePlayGameService>"
-1598397674,"GooglePlayGames.Android","AndroidClient","GooglePlayGames.Android.AndroidClient","System.Object"
-1093523396,"","<CreatePlatformConfiguration>c__AnonStorey0","GooglePlayGames.Android.AndroidClient/<CreatePlatformConfiguration>c__AnonStorey0","System.Object"
-196137504,"","<GetPlayerStats>c__AnonStorey1","GooglePlayGames.Android.AndroidClient/<GetPlayerStats>c__AnonStorey1","System.Object"
-2048250676,"","StatsResultCallback","GooglePlayGames.Android.AndroidClient/StatsResultCallback","Com.Google.Android.Gms.Common.Api.HBHAGEHGEED<Com.Google.Android.Gms.Games.Stats.CKOMHHKHDEB>"
1772645605,"GooglePlayGames.Android","AndroidTokenClient","GooglePlayGames.Android.AndroidTokenClient","System.Object"
-1595900782,"","<DoFetchToken>c__AnonStorey1","GooglePlayGames.Android.AndroidTokenClient/<DoFetchToken>c__AnonStorey1","System.Object"
1516780104,"","<FetchTokens>c__AnonStorey0","GooglePlayGames.Android.AndroidTokenClient/<FetchTokens>c__AnonStorey0","System.Object"
-1573463972,"","<GetAnotherServerAuthCode>c__AnonStorey2","GooglePlayGames.Android.AndroidTokenClient/<GetAnotherServerAuthCode>c__AnonStorey2","System.Object"
-1955973116,"GooglePlayGames.Android","TokenResult","GooglePlayGames.Android.TokenResult","Google.Developers.JavaObjWrapper"
247223768,"GooglePlayGames.Android","TokenResultCallback","GooglePlayGames.Android.TokenResultCallback","Com.Google.Android.Gms.Common.Api.HBHAGEHGEED<GooglePlayGames.Android.TokenResult>"
1602428235,"GooglePlayGames.BasicApi","Achievement","GooglePlayGames.BasicApi.Achievement","System.Object"
1153131245,"GooglePlayGames.BasicApi","CommonStatusCodes","GooglePlayGames.BasicApi.CommonStatusCodes","System.Enum"
-323974143,"GooglePlayGames.BasicApi","CommonTypesUtil","GooglePlayGames.BasicApi.CommonTypesUtil","System.Object"
-1103189833,"GooglePlayGames.BasicApi","DataSource","GooglePlayGames.BasicApi.DataSource","System.Enum"
-1079872777,"GooglePlayGames.BasicApi","DummyClient","GooglePlayGames.BasicApi.DummyClient","System.Object"
676283296,"GooglePlayGames.BasicApi.Events","EventVisibility","GooglePlayGames.BasicApi.Events.EventVisibility","System.Enum"
-2128722042,"GooglePlayGames.BasicApi.Events","IEvent","GooglePlayGames.BasicApi.Events.IEvent",""
-487883686,"GooglePlayGames.BasicApi.Events","IEventsClient","GooglePlayGames.BasicApi.Events.IEventsClient",""
-1019608857,"GooglePlayGames.BasicApi","Gravity","GooglePlayGames.BasicApi.Gravity","System.Enum"
-1186251575,"GooglePlayGames.BasicApi","IPlayGamesClient","GooglePlayGames.BasicApi.IPlayGamesClient",""
-1955481012,"GooglePlayGames.BasicApi","InvitationReceivedDelegate","GooglePlayGames.BasicApi.InvitationReceivedDelegate","System.MulticastDelegate"
1487129415,"GooglePlayGames.BasicApi","LeaderboardCollection","GooglePlayGames.BasicApi.LeaderboardCollection","System.Enum"
-22584369,"GooglePlayGames.BasicApi","LeaderboardScoreData","GooglePlayGames.BasicApi.LeaderboardScoreData","System.Object"
1127795528,"GooglePlayGames.BasicApi","LeaderboardStart","GooglePlayGames.BasicApi.LeaderboardStart","System.Enum"
-2040000139,"GooglePlayGames.BasicApi","LeaderboardTimeSpan","GooglePlayGames.BasicApi.LeaderboardTimeSpan","System.Enum"
53965046,"GooglePlayGames.BasicApi.Multiplayer","IRealTimeMultiplayerClient","GooglePlayGames.BasicApi.Multiplayer.IRealTimeMultiplayerClient",""
1916813200,"GooglePlayGames.BasicApi.Multiplayer","ITurnBasedMultiplayerClient","GooglePlayGames.BasicApi.Multiplayer.ITurnBasedMultiplayerClient",""
546836612,"GooglePlayGames.BasicApi.Multiplayer","Invitation","GooglePlayGames.BasicApi.Multiplayer.Invitation","System.Object"
1064571042,"","InvType","GooglePlayGames.BasicApi.Multiplayer.Invitation/InvType","System.Enum"
-215597598,"GooglePlayGames.BasicApi.Multiplayer","MatchDelegate","GooglePlayGames.BasicApi.Multiplayer.MatchDelegate","System.MulticastDelegate"
-1409460867,"GooglePlayGames.BasicApi.Multiplayer","MatchOutcome","GooglePlayGames.BasicApi.Multiplayer.MatchOutcome","System.Object"
-2078799092,"","ParticipantResult","GooglePlayGames.BasicApi.Multiplayer.MatchOutcome/ParticipantResult","System.Enum"
2096947523,"GooglePlayGames.BasicApi.Multiplayer","Participant","GooglePlayGames.BasicApi.Multiplayer.Participant","System.Object"
-1351738864,"","ParticipantStatus","GooglePlayGames.BasicApi.Multiplayer.Participant/ParticipantStatus","System.Enum"
-686398083,"GooglePlayGames.BasicApi.Multiplayer","Player","GooglePlayGames.BasicApi.Multiplayer.Player","GooglePlayGames.PlayGamesUserProfile"
-2066701486,"GooglePlayGames.BasicApi.Multiplayer","RealTimeMultiplayerListener","GooglePlayGames.BasicApi.Multiplayer.RealTimeMultiplayerListener",""
-503128757,"GooglePlayGames.BasicApi.Multiplayer","TurnBasedMatch","GooglePlayGames.BasicApi.Multiplayer.TurnBasedMatch","System.Object"
-543169564,"","MatchStatus","GooglePlayGames.BasicApi.Multiplayer.TurnBasedMatch/MatchStatus","System.Enum"
1209562053,"","MatchTurnStatus","GooglePlayGames.BasicApi.Multiplayer.TurnBasedMatch/MatchTurnStatus","System.Enum"
-1825398902,"GooglePlayGames.BasicApi.Nearby","AdvertisingResult","GooglePlayGames.BasicApi.Nearby.AdvertisingResult","System.ValueType"
-766149093,"GooglePlayGames.BasicApi.Nearby","ConnectionRequest","GooglePlayGames.BasicApi.Nearby.ConnectionRequest","System.ValueType"
1184727721,"GooglePlayGames.BasicApi.Nearby","ConnectionResponse","GooglePlayGames.BasicApi.Nearby.ConnectionResponse","System.ValueType"
1008982439,"","Status","GooglePlayGames.BasicApi.Nearby.ConnectionResponse/Status","System.Enum"
-1546921357,"GooglePlayGames.BasicApi.Nearby","DummyNearbyConnectionClient","GooglePlayGames.BasicApi.Nearby.DummyNearbyConnectionClient","System.Object"
-2144450039,"GooglePlayGames.BasicApi.Nearby","EndpointDetails","GooglePlayGames.BasicApi.Nearby.EndpointDetails","System.ValueType"
-2087405856,"GooglePlayGames.BasicApi.Nearby","IDiscoveryListener","GooglePlayGames.BasicApi.Nearby.IDiscoveryListener",""
-1419542722,"GooglePlayGames.BasicApi.Nearby","IMessageListener","GooglePlayGames.BasicApi.Nearby.IMessageListener",""
161345473,"GooglePlayGames.BasicApi.Nearby","INearbyConnectionClient","GooglePlayGames.BasicApi.Nearby.INearbyConnectionClient",""
-1360040327,"GooglePlayGames.BasicApi.Nearby","InitializationStatus","GooglePlayGames.BasicApi.Nearby.InitializationStatus","System.Enum"
-641659159,"GooglePlayGames.BasicApi.Nearby","NearbyConnectionConfiguration","GooglePlayGames.BasicApi.Nearby.NearbyConnectionConfiguration","System.ValueType"
-338225944,"GooglePlayGames.BasicApi","PlayGamesClientConfiguration","GooglePlayGames.BasicApi.PlayGamesClientConfiguration","System.ValueType"
-307030712,"","Builder","GooglePlayGames.BasicApi.PlayGamesClientConfiguration/Builder","System.Object"
-1100451518,"GooglePlayGames.BasicApi","PlayerStats","GooglePlayGames.BasicApi.PlayerStats","System.Object"
-262617641,"GooglePlayGames.BasicApi.Quests","IQuest","GooglePlayGames.BasicApi.Quests.IQuest",""
145669229,"GooglePlayGames.BasicApi.Quests","IQuestMilestone","GooglePlayGames.BasicApi.Quests.IQuestMilestone",""
-218668673,"GooglePlayGames.BasicApi.Quests","IQuestsClient","GooglePlayGames.BasicApi.Quests.IQuestsClient",""
-770220812,"GooglePlayGames.BasicApi.Quests","MilestoneState","GooglePlayGames.BasicApi.Quests.MilestoneState","System.Enum"
-286773984,"GooglePlayGames.BasicApi.Quests","QuestAcceptStatus","GooglePlayGames.BasicApi.Quests.QuestAcceptStatus","System.Enum"
1491150459,"GooglePlayGames.BasicApi.Quests","QuestClaimMilestoneStatus","GooglePlayGames.BasicApi.Quests.QuestClaimMilestoneStatus","System.Enum"
-1365110854,"GooglePlayGames.BasicApi.Quests","QuestFetchFlags","GooglePlayGames.BasicApi.Quests.QuestFetchFlags","System.Enum"
-800737532,"GooglePlayGames.BasicApi.Quests","QuestState","GooglePlayGames.BasicApi.Quests.QuestState","System.Enum"
1820212383,"GooglePlayGames.BasicApi.Quests","QuestUiResult","GooglePlayGames.BasicApi.Quests.QuestUiResult","System.Enum"
1233066035,"GooglePlayGames.BasicApi","ResponseStatus","GooglePlayGames.BasicApi.ResponseStatus","System.Enum"
678334403,"GooglePlayGames.BasicApi.SavedGame","ConflictCallback","GooglePlayGames.BasicApi.SavedGame.ConflictCallback","System.MulticastDelegate"
-2138300488,"GooglePlayGames.BasicApi.SavedGame","ConflictResolutionStrategy","GooglePlayGames.BasicApi.SavedGame.ConflictResolutionStrategy","System.Enum"
-1140374015,"GooglePlayGames.BasicApi.SavedGame","IConflictResolver","GooglePlayGames.BasicApi.SavedGame.IConflictResolver",""
1327802021,"GooglePlayGames.BasicApi.SavedGame","ISavedGameClient","GooglePlayGames.BasicApi.SavedGame.ISavedGameClient",""
-833260758,"GooglePlayGames.BasicApi.SavedGame","ISavedGameMetadata","GooglePlayGames.BasicApi.SavedGame.ISavedGameMetadata",""
73876524,"GooglePlayGames.BasicApi.SavedGame","SavedGameMetadataUpdate","GooglePlayGames.BasicApi.SavedGame.SavedGameMetadataUpdate","System.ValueType"
-307030712,"","Builder","GooglePlayGames.BasicApi.SavedGame.SavedGameMetadataUpdate/Builder","System.ValueType"
238355163,"GooglePlayGames.BasicApi.SavedGame","SavedGameRequestStatus","GooglePlayGames.BasicApi.SavedGame.SavedGameRequestStatus","System.Enum"
2037398973,"GooglePlayGames.BasicApi.SavedGame","SelectUIStatus","GooglePlayGames.BasicApi.SavedGame.SelectUIStatus","System.Enum"
404871344,"GooglePlayGames.BasicApi","ScorePageToken","GooglePlayGames.BasicApi.ScorePageToken","System.Object"
-817335487,"GooglePlayGames.BasicApi","UIStatus","GooglePlayGames.BasicApi.UIStatus","System.Enum"
-345503224,"GooglePlayGames.BasicApi.Video","CaptureOverlayStateListener","GooglePlayGames.BasicApi.Video.CaptureOverlayStateListener",""
371143906,"GooglePlayGames.BasicApi.Video","IVideoClient","GooglePlayGames.BasicApi.Video.IVideoClient",""
-1895376302,"GooglePlayGames.BasicApi.Video","VideoCapabilities","GooglePlayGames.BasicApi.Video.VideoCapabilities","System.Object"
482406962,"GooglePlayGames.BasicApi.Video","VideoCaptureState","GooglePlayGames.BasicApi.Video.VideoCaptureState","System.Object"
-1268034219,"GooglePlayGames.BasicApi","VideoCaptureMode","GooglePlayGames.BasicApi.VideoCaptureMode","System.Enum"
-1115437687,"GooglePlayGames.BasicApi","VideoCaptureOverlayState","GooglePlayGames.BasicApi.VideoCaptureOverlayState","System.Enum"
514138415,"GooglePlayGames.BasicApi","VideoQualityLevel","GooglePlayGames.BasicApi.VideoQualityLevel","System.Enum"
-1242040250,"GooglePlayGames","GameInfo","GooglePlayGames.GameInfo","System.Object"
577534479,"GooglePlayGames","IClientImpl","GooglePlayGames.IClientImpl",""
-950374148,"GooglePlayGames.Native","CallbackUtils","GooglePlayGames.Native.CallbackUtils","System.Object"
1609997879,"","<ToOnGameThread>c__AnonStorey0`1","GooglePlayGames.Native.CallbackUtils/<ToOnGameThread>c__AnonStorey0`1","System.Object"
1874392206,"","<ToOnGameThread>c__AnonStorey1","GooglePlayGames.Native.CallbackUtils/<ToOnGameThread>c__AnonStorey0`1/<ToOnGameThread>c__AnonStorey1","System.Object"
667414724,"","<ToOnGameThread>c__AnonStorey2`2","GooglePlayGames.Native.CallbackUtils/<ToOnGameThread>c__AnonStorey2`2","System.Object"
-2046577359,"","<ToOnGameThread>c__AnonStorey3","GooglePlayGames.Native.CallbackUtils/<ToOnGameThread>c__AnonStorey2`2/<ToOnGameThread>c__AnonStorey3","System.Object"
-647284216,"","<ToOnGameThread>c__AnonStorey4`3","GooglePlayGames.Native.CallbackUtils/<ToOnGameThread>c__AnonStorey4`3","System.Object"
-1415500584,"","<ToOnGameThread>c__AnonStorey5","GooglePlayGames.Native.CallbackUtils/<ToOnGameThread>c__AnonStorey4`3/<ToOnGameThread>c__AnonStorey5","System.Object"
1306856398,"GooglePlayGames.Native","ConversionUtils","GooglePlayGames.Native.ConversionUtils","System.Object"
-273849785,"GooglePlayGames.Native.Cwrapper","Achievement","GooglePlayGames.Native.Cwrapper.Achievement","System.Object"
623392327,"GooglePlayGames.Native.Cwrapper","AchievementManager","GooglePlayGames.Native.Cwrapper.AchievementManager","System.Object"
-845021400,"","FetchAllCallback","GooglePlayGames.Native.Cwrapper.AchievementManager/FetchAllCallback","System.MulticastDelegate"
-563347783,"","FetchCallback","GooglePlayGames.Native.Cwrapper.AchievementManager/FetchCallback","System.MulticastDelegate"
-26892385,"","ShowAllUICallback","GooglePlayGames.Native.Cwrapper.AchievementManager/ShowAllUICallback","System.MulticastDelegate"
89922834,"GooglePlayGames.Native.Cwrapper","AndroidPlatformConfiguration","GooglePlayGames.Native.Cwrapper.AndroidPlatformConfiguration","System.Object"
1838038587,"","IntentHandler","GooglePlayGames.Native.Cwrapper.AndroidPlatformConfiguration/IntentHandler","System.MulticastDelegate"
-1220973994,"","OnLaunchedWithQuestCallback","GooglePlayGames.Native.Cwrapper.AndroidPlatformConfiguration/OnLaunchedWithQuestCallback","System.MulticastDelegate"
-1103184682,"","OnLaunchedWithSnapshotCallback","GooglePlayGames.Native.Cwrapper.AndroidPlatformConfiguration/OnLaunchedWithSnapshotCallback","System.MulticastDelegate"
1971954320,"GooglePlayGames.Native.Cwrapper","Builder","GooglePlayGames.Native.Cwrapper.Builder","System.Object"
2123295594,"","OnAuthActionFinishedCallback","GooglePlayGames.Native.Cwrapper.Builder/OnAuthActionFinishedCallback","System.MulticastDelegate"
99668643,"","OnAuthActionStartedCallback","GooglePlayGames.Native.Cwrapper.Builder/OnAuthActionStartedCallback","System.MulticastDelegate"
781789989,"","OnLogCallback","GooglePlayGames.Native.Cwrapper.Builder/OnLogCallback","System.MulticastDelegate"
-1895447505,"","OnMultiplayerInvitationEventCallback","GooglePlayGames.Native.Cwrapper.Builder/OnMultiplayerInvitationEventCallback","System.MulticastDelegate"
-621718787,"","OnQuestCompletedCallback","GooglePlayGames.Native.Cwrapper.Builder/OnQuestCompletedCallback","System.MulticastDelegate"
1196497363,"","OnTurnBasedMatchEventCallback","GooglePlayGames.Native.Cwrapper.Builder/OnTurnBasedMatchEventCallback","System.MulticastDelegate"
-380915376,"GooglePlayGames.Native.Cwrapper","CaptureOverlayStateListenerHelper","GooglePlayGames.Native.Cwrapper.CaptureOverlayStateListenerHelper","System.Object"
1759477533,"","OnCaptureOverlayStateChangedCallback","GooglePlayGames.Native.Cwrapper.CaptureOverlayStateListenerHelper/OnCaptureOverlayStateChangedCallback","System.MulticastDelegate"
765445274,"GooglePlayGames.Native.Cwrapper","CommonErrorStatus","GooglePlayGames.Native.Cwrapper.CommonErrorStatus","System.Object"
183621318,"","AuthStatus","GooglePlayGames.Native.Cwrapper.CommonErrorStatus/AuthStatus","System.Enum"
386662285,"","FlushStatus","GooglePlayGames.Native.Cwrapper.CommonErrorStatus/FlushStatus","System.Enum"
-726119441,"","MultiplayerStatus","GooglePlayGames.Native.Cwrapper.CommonErrorStatus/MultiplayerStatus","System.Enum"
1034229294,"","QuestAcceptStatus","GooglePlayGames.Native.Cwrapper.CommonErrorStatus/QuestAcceptStatus","System.Enum"
768992806,"","QuestClaimMilestoneStatus","GooglePlayGames.Native.Cwrapper.CommonErrorStatus/QuestClaimMilestoneStatus","System.Enum"
-960118127,"","ResponseStatus","GooglePlayGames.Native.Cwrapper.CommonErrorStatus/ResponseStatus","System.Enum"
-2072025269,"","SnapshotOpenStatus","GooglePlayGames.Native.Cwrapper.CommonErrorStatus/SnapshotOpenStatus","System.Enum"
1917493330,"","UIStatus","GooglePlayGames.Native.Cwrapper.CommonErrorStatus/UIStatus","System.Enum"
1928213904,"GooglePlayGames.Native.Cwrapper","EndpointDiscoveryListenerHelper","GooglePlayGames.Native.Cwrapper.EndpointDiscoveryListenerHelper","System.Object"
-1764911346,"","OnEndpointFoundCallback","GooglePlayGames.Native.Cwrapper.EndpointDiscoveryListenerHelper/OnEndpointFoundCallback","System.MulticastDelegate"
1890509753,"","OnEndpointLostCallback","GooglePlayGames.Native.Cwrapper.EndpointDiscoveryListenerHelper/OnEndpointLostCallback","System.MulticastDelegate"
-830116258,"GooglePlayGames.Native.Cwrapper","Event","GooglePlayGames.Native.Cwrapper.Event","System.Object"
1559659506,"GooglePlayGames.Native.Cwrapper","EventManager","GooglePlayGames.Native.Cwrapper.EventManager","System.Object"
-845021400,"","FetchAllCallback","GooglePlayGames.Native.Cwrapper.EventManager/FetchAllCallback","System.MulticastDelegate"
-563347783,"","FetchCallback","GooglePlayGames.Native.Cwrapper.EventManager/FetchCallback","System.MulticastDelegate"
1901168872,"GooglePlayGames.Native.Cwrapper","GameServices","GooglePlayGames.Native.Cwrapper.GameServices","System.Object"
-1489506913,"","FlushCallback","GooglePlayGames.Native.Cwrapper.GameServices/FlushCallback","System.MulticastDelegate"
-2131619043,"GooglePlayGames.Native.Cwrapper","InternalHooks","GooglePlayGames.Native.Cwrapper.InternalHooks","System.Object"
-1139357658,"GooglePlayGames.Native.Cwrapper","IosPlatformConfiguration","GooglePlayGames.Native.Cwrapper.IosPlatformConfiguration","System.Object"
307643757,"GooglePlayGames.Native.Cwrapper","Leaderboard","GooglePlayGames.Native.Cwrapper.Leaderboard","System.Object"
-1459622738,"GooglePlayGames.Native.Cwrapper","LeaderboardManager","GooglePlayGames.Native.Cwrapper.LeaderboardManager","System.Object"
-845021400,"","FetchAllCallback","GooglePlayGames.Native.Cwrapper.LeaderboardManager/FetchAllCallback","System.MulticastDelegate"
2137145810,"","FetchAllScoreSummariesCallback","GooglePlayGames.Native.Cwrapper.LeaderboardManager/FetchAllScoreSummariesCallback","System.MulticastDelegate"
-563347783,"","FetchCallback","GooglePlayGames.Native.Cwrapper.LeaderboardManager/FetchCallback","System.MulticastDelegate"
-1620937309,"","FetchScorePageCallback","GooglePlayGames.Native.Cwrapper.LeaderboardManager/FetchScorePageCallback","System.MulticastDelegate"
-278987154,"","FetchScoreSummaryCallback","GooglePlayGames.Native.Cwrapper.LeaderboardManager/FetchScoreSummaryCallback","System.MulticastDelegate"
-26892385,"","ShowAllUICallback","GooglePlayGames.Native.Cwrapper.LeaderboardManager/ShowAllUICallback","System.MulticastDelegate"
-2098515528,"","ShowUICallback","GooglePlayGames.Native.Cwrapper.LeaderboardManager/ShowUICallback","System.MulticastDelegate"
1136528364,"GooglePlayGames.Native.Cwrapper","MessageListenerHelper","GooglePlayGames.Native.Cwrapper.MessageListenerHelper","System.Object"
-1581397629,"","OnDisconnectedCallback","GooglePlayGames.Native.Cwrapper.MessageListenerHelper/OnDisconnectedCallback","System.MulticastDelegate"
-988497524,"","OnMessageReceivedCallback","GooglePlayGames.Native.Cwrapper.MessageListenerHelper/OnMessageReceivedCallback","System.MulticastDelegate"
-968470187,"GooglePlayGames.Native.Cwrapper","MultiplayerInvitation","GooglePlayGames.Native.Cwrapper.MultiplayerInvitation","System.Object"
-1430713252,"GooglePlayGames.Native.Cwrapper","MultiplayerParticipant","GooglePlayGames.Native.Cwrapper.MultiplayerParticipant","System.Object"
588890192,"GooglePlayGames.Native.Cwrapper","NearbyConnectionTypes","GooglePlayGames.Native.Cwrapper.NearbyConnectionTypes","System.Object"
444007290,"","ConnectionRequestCallback","GooglePlayGames.Native.Cwrapper.NearbyConnectionTypes/ConnectionRequestCallback","System.MulticastDelegate"
1438049551,"","ConnectionResponseCallback","GooglePlayGames.Native.Cwrapper.NearbyConnectionTypes/ConnectionResponseCallback","System.MulticastDelegate"
1170906771,"","ConnectionResponse_ResponseCode","GooglePlayGames.Native.Cwrapper.NearbyConnectionTypes/ConnectionResponse_ResponseCode","System.Enum"
-533070140,"","StartAdvertisingCallback","GooglePlayGames.Native.Cwrapper.NearbyConnectionTypes/StartAdvertisingCallback","System.MulticastDelegate"
-1799610629,"GooglePlayGames.Native.Cwrapper","NearbyConnections","GooglePlayGames.Native.Cwrapper.NearbyConnections","System.Object"
-1150860784,"GooglePlayGames.Native.Cwrapper","NearbyConnectionsBuilder","GooglePlayGames.Native.Cwrapper.NearbyConnectionsBuilder","System.Object"
-419048768,"","OnInitializationFinishedCallback","GooglePlayGames.Native.Cwrapper.NearbyConnectionsBuilder/OnInitializationFinishedCallback","System.MulticastDelegate"
781789989,"","OnLogCallback","GooglePlayGames.Native.Cwrapper.NearbyConnectionsBuilder/OnLogCallback","System.MulticastDelegate"
-1526503660,"GooglePlayGames.Native.Cwrapper","NearbyConnectionsStatus","GooglePlayGames.Native.Cwrapper.NearbyConnectionsStatus","System.Object"
613719755,"","InitializationStatus","GooglePlayGames.Native.Cwrapper.NearbyConnectionsStatus/InitializationStatus","System.Enum"
369231648,"GooglePlayGames.Native.Cwrapper","ParticipantResults","GooglePlayGames.Native.Cwrapper.ParticipantResults","System.Object"
2007985838,"GooglePlayGames.Native.Cwrapper","Player","GooglePlayGames.Native.Cwrapper.Player","System.Object"
-1483151254,"GooglePlayGames.Native.Cwrapper","PlayerManager","GooglePlayGames.Native.Cwrapper.PlayerManager","System.Object"
-563347783,"","FetchCallback","GooglePlayGames.Native.Cwrapper.PlayerManager/FetchCallback","System.MulticastDelegate"
-168690416,"","FetchListCallback","GooglePlayGames.Native.Cwrapper.PlayerManager/FetchListCallback","System.MulticastDelegate"
-337740077,"","FetchSelfCallback","GooglePlayGames.Native.Cwrapper.PlayerManager/FetchSelfCallback","System.MulticastDelegate"
-908404077,"GooglePlayGames.Native.Cwrapper","PlayerStats","GooglePlayGames.Native.Cwrapper.PlayerStats","System.Object"
-101036367,"GooglePlayGames.Native.Cwrapper","Quest","GooglePlayGames.Native.Cwrapper.Quest","System.Object"
-2088419268,"GooglePlayGames.Native.Cwrapper","QuestManager","GooglePlayGames.Native.Cwrapper.QuestManager","System.Object"
-1898643021,"","AcceptCallback","GooglePlayGames.Native.Cwrapper.QuestManager/AcceptCallback","System.MulticastDelegate"
592575123,"","ClaimMilestoneCallback","GooglePlayGames.Native.Cwrapper.QuestManager/ClaimMilestoneCallback","System.MulticastDelegate"
-563347783,"","FetchCallback","GooglePlayGames.Native.Cwrapper.QuestManager/FetchCallback","System.MulticastDelegate"
-168690416,"","FetchListCallback","GooglePlayGames.Native.Cwrapper.QuestManager/FetchListCallback","System.MulticastDelegate"
719664797,"","QuestUICallback","GooglePlayGames.Native.Cwrapper.QuestManager/QuestUICallback","System.MulticastDelegate"
1939379739,"GooglePlayGames.Native.Cwrapper","QuestMilestone","GooglePlayGames.Native.Cwrapper.QuestMilestone","System.Object"
701008127,"GooglePlayGames.Native.Cwrapper","RealTimeEventListenerHelper","GooglePlayGames.Native.Cwrapper.RealTimeEventListenerHelper","System.Object"
-606312124,"","OnDataReceivedCallback","GooglePlayGames.Native.Cwrapper.RealTimeEventListenerHelper/OnDataReceivedCallback","System.MulticastDelegate"
-1349424565,"","OnP2PConnectedCallback","GooglePlayGames.Native.Cwrapper.RealTimeEventListenerHelper/OnP2PConnectedCallback","System.MulticastDelegate"
549368335,"","OnP2PDisconnectedCallback","GooglePlayGames.Native.Cwrapper.RealTimeEventListenerHelper/OnP2PDisconnectedCallback","System.MulticastDelegate"
1488020199,"","OnParticipantStatusChangedCallback","GooglePlayGames.Native.Cwrapper.RealTimeEventListenerHelper/OnParticipantStatusChangedCallback","System.MulticastDelegate"
1351657411,"","OnRoomConnectedSetChangedCallback","GooglePlayGames.Native.Cwrapper.RealTimeEventListenerHelper/OnRoomConnectedSetChangedCallback","System.MulticastDelegate"
-182303799,"","OnRoomStatusChangedCallback","GooglePlayGames.Native.Cwrapper.RealTimeEventListenerHelper/OnRoomStatusChangedCallback","System.MulticastDelegate"
-1748424751,"GooglePlayGames.Native.Cwrapper","RealTimeMultiplayerManager","GooglePlayGames.Native.Cwrapper.RealTimeMultiplayerManager","System.Object"
845981923,"","FetchInvitationsCallback","GooglePlayGames.Native.Cwrapper.RealTimeMultiplayerManager/FetchInvitationsCallback","System.MulticastDelegate"
-1857699493,"","LeaveRoomCallback","GooglePlayGames.Native.Cwrapper.RealTimeMultiplayerManager/LeaveRoomCallback","System.MulticastDelegate"
-1858055230,"","PlayerSelectUICallback","GooglePlayGames.Native.Cwrapper.RealTimeMultiplayerManager/PlayerSelectUICallback","System.MulticastDelegate"
-231396491,"","RealTimeRoomCallback","GooglePlayGames.Native.Cwrapper.RealTimeMultiplayerManager/RealTimeRoomCallback","System.MulticastDelegate"
1282483269,"","RoomInboxUICallback","GooglePlayGames.Native.Cwrapper.RealTimeMultiplayerManager/RoomInboxUICallback","System.MulticastDelegate"
-1641954275,"","SendReliableMessageCallback","GooglePlayGames.Native.Cwrapper.RealTimeMultiplayerManager/SendReliableMessageCallback","System.MulticastDelegate"
-1307567771,"","WaitingRoomUICallback","GooglePlayGames.Native.Cwrapper.RealTimeMultiplayerManager/WaitingRoomUICallback","System.MulticastDelegate"
-1719293329,"GooglePlayGames.Native.Cwrapper","RealTimeRoom","GooglePlayGames.Native.Cwrapper.RealTimeRoom","System.Object"
-1327848109,"GooglePlayGames.Native.Cwrapper","RealTimeRoomConfig","GooglePlayGames.Native.Cwrapper.RealTimeRoomConfig","System.Object"
1902477356,"GooglePlayGames.Native.Cwrapper","RealTimeRoomConfigBuilder","GooglePlayGames.Native.Cwrapper.RealTimeRoomConfigBuilder","System.Object"
-1633514252,"GooglePlayGames.Native.Cwrapper","Score","GooglePlayGames.Native.Cwrapper.Score","System.Object"
-33011388,"GooglePlayGames.Native.Cwrapper","ScorePage","GooglePlayGames.Native.Cwrapper.ScorePage","System.Object"
727096392,"GooglePlayGames.Native.Cwrapper","ScoreSummary","GooglePlayGames.Native.Cwrapper.ScoreSummary","System.Object"
952826732,"GooglePlayGames.Native.Cwrapper","Sentinels","GooglePlayGames.Native.Cwrapper.Sentinels","System.Object"
-386546792,"GooglePlayGames.Native.Cwrapper","SnapshotManager","GooglePlayGames.Native.Cwrapper.SnapshotManager","System.Object"
-386483045,"","CommitCallback","GooglePlayGames.Native.Cwrapper.SnapshotManager/CommitCallback","System.MulticastDelegate"
-845021400,"","FetchAllCallback","GooglePlayGames.Native.Cwrapper.SnapshotManager/FetchAllCallback","System.MulticastDelegate"
1689086709,"","OpenCallback","GooglePlayGames.Native.Cwrapper.SnapshotManager/OpenCallback","System.MulticastDelegate"
-121182739,"","ReadCallback","GooglePlayGames.Native.Cwrapper.SnapshotManager/ReadCallback","System.MulticastDelegate"
509567206,"","SnapshotSelectUICallback","GooglePlayGames.Native.Cwrapper.SnapshotManager/SnapshotSelectUICallback","System.MulticastDelegate"
-793534386,"GooglePlayGames.Native.Cwrapper","SnapshotMetadata","GooglePlayGames.Native.Cwrapper.SnapshotMetadata","System.Object"
-794127121,"GooglePlayGames.Native.Cwrapper","SnapshotMetadataChange","GooglePlayGames.Native.Cwrapper.SnapshotMetadataChange","System.Object"
1335572898,"GooglePlayGames.Native.Cwrapper","SnapshotMetadataChangeBuilder","GooglePlayGames.Native.Cwrapper.SnapshotMetadataChangeBuilder","System.Object"
-1372525348,"GooglePlayGames.Native.Cwrapper","StatsManager","GooglePlayGames.Native.Cwrapper.StatsManager","System.Object"
-267727415,"","FetchForPlayerCallback","GooglePlayGames.Native.Cwrapper.StatsManager/FetchForPlayerCallback","System.MulticastDelegate"
361347900,"GooglePlayGames.Native.Cwrapper","Status","GooglePlayGames.Native.Cwrapper.Status","System.Object"
183621318,"","AuthStatus","GooglePlayGames.Native.Cwrapper.Status/AuthStatus","System.Enum"
257847236,"","CommonErrorStatus","GooglePlayGames.Native.Cwrapper.Status/CommonErrorStatus","System.Enum"
386662285,"","FlushStatus","GooglePlayGames.Native.Cwrapper.Status/FlushStatus","System.Enum"
-726119441,"","MultiplayerStatus","GooglePlayGames.Native.Cwrapper.Status/MultiplayerStatus","System.Enum"
1034229294,"","QuestAcceptStatus","GooglePlayGames.Native.Cwrapper.Status/QuestAcceptStatus","System.Enum"
768992806,"","QuestClaimMilestoneStatus","GooglePlayGames.Native.Cwrapper.Status/QuestClaimMilestoneStatus","System.Enum"
-960118127,"","ResponseStatus","GooglePlayGames.Native.Cwrapper.Status/ResponseStatus","System.Enum"
-2072025269,"","SnapshotOpenStatus","GooglePlayGames.Native.Cwrapper.Status/SnapshotOpenStatus","System.Enum"
1917493330,"","UIStatus","GooglePlayGames.Native.Cwrapper.Status/UIStatus","System.Enum"
-1206738645,"GooglePlayGames.Native.Cwrapper","SymbolLocation","GooglePlayGames.Native.Cwrapper.SymbolLocation","System.Object"
-816138012,"GooglePlayGames.Native.Cwrapper","TurnBasedMatch","GooglePlayGames.Native.Cwrapper.TurnBasedMatch","System.Object"
964717024,"GooglePlayGames.Native.Cwrapper","TurnBasedMatchConfig","GooglePlayGames.Native.Cwrapper.TurnBasedMatchConfig","System.Object"
-452075299,"GooglePlayGames.Native.Cwrapper","TurnBasedMatchConfigBuilder","GooglePlayGames.Native.Cwrapper.TurnBasedMatchConfigBuilder","System.Object"
1051161045,"GooglePlayGames.Native.Cwrapper","TurnBasedMultiplayerManager","GooglePlayGames.Native.Cwrapper.TurnBasedMultiplayerManager","System.Object"
2099225299,"","MatchInboxUICallback","GooglePlayGames.Native.Cwrapper.TurnBasedMultiplayerManager/MatchInboxUICallback","System.MulticastDelegate"
1763167544,"","MultiplayerStatusCallback","GooglePlayGames.Native.Cwrapper.TurnBasedMultiplayerManager/MultiplayerStatusCallback","System.MulticastDelegate"
-1858055230,"","PlayerSelectUICallback","GooglePlayGames.Native.Cwrapper.TurnBasedMultiplayerManager/PlayerSelectUICallback","System.MulticastDelegate"
-90827811,"","TurnBasedMatchCallback","GooglePlayGames.Native.Cwrapper.TurnBasedMultiplayerManager/TurnBasedMatchCallback","System.MulticastDelegate"
1704164585,"","TurnBasedMatchesCallback","GooglePlayGames.Native.Cwrapper.TurnBasedMultiplayerManager/TurnBasedMatchesCallback","System.MulticastDelegate"
-1118485191,"GooglePlayGames.Native.Cwrapper","Types","GooglePlayGames.Native.Cwrapper.Types","System.Object"
1319894422,"","AchievementState","GooglePlayGames.Native.Cwrapper.Types/AchievementState","System.Enum"
950423349,"","AchievementType","GooglePlayGames.Native.Cwrapper.Types/AchievementType","System.Enum"
-335190475,"","AuthOperation","GooglePlayGames.Native.Cwrapper.Types/AuthOperation","System.Enum"
-525090131,"","DataSource","GooglePlayGames.Native.Cwrapper.Types/DataSource","System.Enum"
1464366418,"","EventVisibility","GooglePlayGames.Native.Cwrapper.Types/EventVisibility","System.Enum"
1908398920,"","ImageResolution","GooglePlayGames.Native.Cwrapper.Types/ImageResolution","System.Enum"
-779688121,"","LeaderboardCollection","GooglePlayGames.Native.Cwrapper.Types/LeaderboardCollection","System.Enum"
-40360727,"","LeaderboardOrder","GooglePlayGames.Native.Cwrapper.Types/LeaderboardOrder","System.Enum"
1978430519,"","LeaderboardStart","GooglePlayGames.Native.Cwrapper.Types/LeaderboardStart","System.Enum"
-308151005,"","LeaderboardTimeSpan","GooglePlayGames.Native.Cwrapper.Types/LeaderboardTimeSpan","System.Enum"
990711830,"","LogLevel","GooglePlayGames.Native.Cwrapper.Types/LogLevel","System.Enum"
593160601,"","MatchResult","GooglePlayGames.Native.Cwrapper.Types/MatchResult","System.Enum"
-543169564,"","MatchStatus","GooglePlayGames.Native.Cwrapper.Types/MatchStatus","System.Enum"
2074302327,"","MultiplayerEvent","GooglePlayGames.Native.Cwrapper.Types/MultiplayerEvent","System.Enum"
675015840,"","MultiplayerInvitationType","GooglePlayGames.Native.Cwrapper.Types/MultiplayerInvitationType","System.Enum"
-1351738864,"","ParticipantStatus","GooglePlayGames.Native.Cwrapper.Types/ParticipantStatus","System.Enum"
862849174,"","QuestMilestoneState","GooglePlayGames.Native.Cwrapper.Types/QuestMilestoneState","System.Enum"
1772991165,"","QuestState","GooglePlayGames.Native.Cwrapper.Types/QuestState","System.Enum"
161584404,"","RealTimeRoomStatus","GooglePlayGames.Native.Cwrapper.Types/RealTimeRoomStatus","System.Enum"
1482909157,"","SnapshotConflictPolicy","GooglePlayGames.Native.Cwrapper.Types/SnapshotConflictPolicy","System.Enum"
-2130223845,"","VideoCaptureMode","GooglePlayGames.Native.Cwrapper.Types/VideoCaptureMode","System.Enum"
1792409271,"","VideoCaptureOverlayState","GooglePlayGames.Native.Cwrapper.Types/VideoCaptureOverlayState","System.Enum"
-1484520096,"","VideoQualityLevel","GooglePlayGames.Native.Cwrapper.Types/VideoQualityLevel","System.Enum"
-572995867,"GooglePlayGames.Native.Cwrapper","VideoCapabilities","GooglePlayGames.Native.Cwrapper.VideoCapabilities","System.Object"
1100013249,"GooglePlayGames.Native.Cwrapper","VideoCaptureState","GooglePlayGames.Native.Cwrapper.VideoCaptureState","System.Object"
-704431545,"GooglePlayGames.Native.Cwrapper","VideoManager","GooglePlayGames.Native.Cwrapper.VideoManager","System.Object"
-693454041,"","CaptureCapabilitiesCallback","GooglePlayGames.Native.Cwrapper.VideoManager/CaptureCapabilitiesCallback","System.MulticastDelegate"
1686407722,"","CaptureStateCallback","GooglePlayGames.Native.Cwrapper.VideoManager/CaptureStateCallback","System.MulticastDelegate"
1634867335,"","IsCaptureAvailableCallback","GooglePlayGames.Native.Cwrapper.VideoManager/IsCaptureAvailableCallback","System.MulticastDelegate"
-2126616247,"GooglePlayGames.Native","JavaUtils","GooglePlayGames.Native.JavaUtils","System.Object"
984576923,"GooglePlayGames.Native","NativeClient","GooglePlayGames.Native.NativeClient","System.Object"
51393823,"","<AsOnGameThreadCallback>c__AnonStorey0`1","GooglePlayGames.Native.NativeClient/<AsOnGameThreadCallback>c__AnonStorey0`1","System.Object"
-1209924679,"","<GetPlayerStats>c__AnonStorey7","GooglePlayGames.Native.NativeClient/<GetPlayerStats>c__AnonStorey7","System.Object"
1396414174,"","<HandleAuthTransition>c__AnonStorey5","GooglePlayGames.Native.NativeClient/<HandleAuthTransition>c__AnonStorey5","System.Object"
-31804683,"","<HandleInvitation>c__AnonStorey3","GooglePlayGames.Native.NativeClient/<HandleInvitation>c__AnonStorey3","System.Object"
-294912530,"","<IncrementAchievement>c__AnonStoreyE","GooglePlayGames.Native.NativeClient/<IncrementAchievement>c__AnonStoreyE","System.Object"
454992692,"","<InvokeCallbackOnGameThread>c__AnonStorey1`2","GooglePlayGames.Native.NativeClient/<InvokeCallbackOnGameThread>c__AnonStorey1`2","System.Object"
-1438067273,"","<InvokeCallbackOnGameThread>c__AnonStorey2`1","GooglePlayGames.Native.NativeClient/<InvokeCallbackOnGameThread>c__AnonStorey2`1","System.Object"
-2015180687,"","<LoadAchievements>c__AnonStoreyA","GooglePlayGames.Native.NativeClient/<LoadAchievements>c__AnonStoreyA","System.Object"
2050923963,"","<LoadFriends>c__AnonStorey4","GooglePlayGames.Native.NativeClient/<LoadFriends>c__AnonStorey4","System.Object"
2074961330,"","<LoadUsers>c__AnonStorey8","GooglePlayGames.Native.NativeClient/<LoadUsers>c__AnonStorey8","System.Object"
-94798128,"","<LoadUsers>c__AnonStorey9","GooglePlayGames.Native.NativeClient/<LoadUsers>c__AnonStorey8/<LoadUsers>c__AnonStorey9","System.Object"
-992933828,"","<RegisterInvitationDelegate>c__AnonStorey12","GooglePlayGames.Native.NativeClient/<RegisterInvitationDelegate>c__AnonStorey12","System.Object"
-1350182359,"","<RevealAchievement>c__AnonStoreyC","GooglePlayGames.Native.NativeClient/<RevealAchievement>c__AnonStoreyC","System.Object"
-721917730,"","<SetGravityForPopups>c__AnonStorey6","GooglePlayGames.Native.NativeClient/<SetGravityForPopups>c__AnonStorey6","System.Object"
-1458933236,"","<SetStepsAtLeast>c__AnonStoreyF","GooglePlayGames.Native.NativeClient/<SetStepsAtLeast>c__AnonStoreyF","System.Object"
-1534546939,"","<ShowAchievementsUI>c__AnonStorey10","GooglePlayGames.Native.NativeClient/<ShowAchievementsUI>c__AnonStorey10","System.Object"
-323158624,"","<ShowLeaderboardUI>c__AnonStorey11","GooglePlayGames.Native.NativeClient/<ShowLeaderboardUI>c__AnonStorey11","System.Object"
-2109350662,"","<UnlockAchievement>c__AnonStoreyB","GooglePlayGames.Native.NativeClient/<UnlockAchievement>c__AnonStoreyB","System.Object"
-916262297,"","<UpdateAchievement>c__AnonStoreyD","GooglePlayGames.Native.NativeClient/<UpdateAchievement>c__AnonStoreyD","System.Object"
-2089951607,"","AuthState","GooglePlayGames.Native.NativeClient/AuthState","System.Enum"
1165820790,"GooglePlayGames.Native","NativeEventClient","GooglePlayGames.Native.NativeEventClient","System.Object"
1857681500,"","<FetchAllEvents>c__AnonStorey0","GooglePlayGames.Native.NativeEventClient/<FetchAllEvents>c__AnonStorey0","System.Object"
347075784,"","<FetchEvent>c__AnonStorey1","GooglePlayGames.Native.NativeEventClient/<FetchEvent>c__AnonStorey1","System.Object"
674223041,"GooglePlayGames.Native","NativeNearbyConnectionClientFactory","GooglePlayGames.Native.NativeNearbyConnectionClientFactory","System.Object"
338007878,"GooglePlayGames.Native","NativeNearbyConnectionsClient","GooglePlayGames.Native.NativeNearbyConnectionsClient","System.Object"
2044988737,"","<SendConnectionRequest>c__AnonStorey1","GooglePlayGames.Native.NativeNearbyConnectionsClient/<SendConnectionRequest>c__AnonStorey1","System.Object"
-1665637435,"","<StartAdvertising>c__AnonStorey0","GooglePlayGames.Native.NativeNearbyConnectionsClient/<StartAdvertising>c__AnonStorey0","System.Object"
579822255,"","<ToDiscoveryListener>c__AnonStorey3","GooglePlayGames.Native.NativeNearbyConnectionsClient/<ToDiscoveryListener>c__AnonStorey3","System.Object"
152347461,"","<ToMessageListener>c__AnonStorey2","GooglePlayGames.Native.NativeNearbyConnectionsClient/<ToMessageListener>c__AnonStorey2","System.Object"
970051909,"","OnGameThreadDiscoveryListener","GooglePlayGames.Native.NativeNearbyConnectionsClient/OnGameThreadDiscoveryListener","System.Object"
-83396845,"","<OnEndpointFound>c__AnonStorey0","GooglePlayGames.Native.NativeNearbyConnectionsClient/OnGameThreadDiscoveryListener/<OnEndpointFound>c__AnonStorey0","System.Object"
1291824492,"","<OnEndpointLost>c__AnonStorey1","GooglePlayGames.Native.NativeNearbyConnectionsClient/OnGameThreadDiscoveryListener/<OnEndpointLost>c__AnonStorey1","System.Object"
-247531597,"","OnGameThreadMessageListener","GooglePlayGames.Native.NativeNearbyConnectionsClient/OnGameThreadMessageListener","System.Object"
1086364592,"","<OnMessageReceived>c__AnonStorey0","GooglePlayGames.Native.NativeNearbyConnectionsClient/OnGameThreadMessageListener/<OnMessageReceived>c__AnonStorey0","System.Object"
1852166651,"","<OnRemoteEndpointDisconnected>c__AnonStorey1","GooglePlayGames.Native.NativeNearbyConnectionsClient/OnGameThreadMessageListener/<OnRemoteEndpointDisconnected>c__AnonStorey1","System.Object"
-747422474,"GooglePlayGames.Native","NativeQuestClient","GooglePlayGames.Native.NativeQuestClient","System.Object"
954576212,"","<Accept>c__AnonStorey3","GooglePlayGames.Native.NativeQuestClient/<Accept>c__AnonStorey3","System.Object"
1821218404,"","<ClaimMilestone>c__AnonStorey4","GooglePlayGames.Native.NativeQuestClient/<ClaimMilestone>c__AnonStorey4","System.Object"
1804175458,"","<Fetch>c__AnonStorey0","GooglePlayGames.Native.NativeQuestClient/<Fetch>c__AnonStorey0","System.Object"
80474421,"","<FetchMatchingState>c__AnonStorey1","GooglePlayGames.Native.NativeQuestClient/<FetchMatchingState>c__AnonStorey1","System.Object"
-1952175905,"","<FromQuestUICallback>c__AnonStorey2","GooglePlayGames.Native.NativeQuestClient/<FromQuestUICallback>c__AnonStorey2","System.Object"
156528560,"GooglePlayGames.Native","NativeRealtimeMultiplayerClient","GooglePlayGames.Native.NativeRealtimeMultiplayerClient","System.Object"
-411170708,"","<AcceptFromInbox>c__AnonStorey9","GooglePlayGames.Native.NativeRealtimeMultiplayerClient/<AcceptFromInbox>c__AnonStorey9","System.Object"
-1350284308,"","<AcceptFromInbox>c__AnonStoreyA","GooglePlayGames.Native.NativeRealtimeMultiplayerClient/<AcceptFromInbox>c__AnonStorey9/<AcceptFromInbox>c__AnonStoreyA","System.Object"
-292002322,"","<AcceptFromInbox>c__AnonStoreyB","GooglePlayGames.Native.NativeRealtimeMultiplayerClient/<AcceptFromInbox>c__AnonStorey9/<AcceptFromInbox>c__AnonStoreyB","System.Object"
-1208184895,"","<AcceptInvitation>c__AnonStoreyC","GooglePlayGames.Native.NativeRealtimeMultiplayerClient/<AcceptInvitation>c__AnonStoreyC","System.Object"
-756009101,"","<AcceptInvitation>c__AnonStoreyE","GooglePlayGames.Native.NativeRealtimeMultiplayerClient/<AcceptInvitation>c__AnonStoreyC/<AcceptInvitation>c__AnonStoreyE","System.Object"
905884212,"","<AcceptInvitation>c__AnonStoreyF","GooglePlayGames.Native.NativeRealtimeMultiplayerClient/<AcceptInvitation>c__AnonStoreyC/<AcceptInvitation>c__AnonStoreyF","System.Object"
-2111001242,"","<AcceptInvitation>c__AnonStoreyD","GooglePlayGames.Native.NativeRealtimeMultiplayerClient/<AcceptInvitation>c__AnonStoreyD","System.Object"
-1810791962,"","<CreateQuickGame>c__AnonStorey0","GooglePlayGames.Native.NativeRealtimeMultiplayerClient/<CreateQuickGame>c__AnonStorey0","System.Object"
-866503514,"","<CreateQuickGame>c__AnonStorey1","GooglePlayGames.Native.NativeRealtimeMultiplayerClient/<CreateQuickGame>c__AnonStorey1","System.Object"
-308459295,"","<CreateQuickGame>c__AnonStorey2","GooglePlayGames.Native.NativeRealtimeMultiplayerClient/<CreateQuickGame>c__AnonStorey2","System.Object"
2061955650,"","<CreateWithInvitationScreen>c__AnonStorey4","GooglePlayGames.Native.NativeRealtimeMultiplayerClient/<CreateWithInvitationScreen>c__AnonStorey4","System.Object"
828058989,"","<CreateWithInvitationScreen>c__AnonStorey6","GooglePlayGames.Native.NativeRealtimeMultiplayerClient/<CreateWithInvitationScreen>c__AnonStorey4/<CreateWithInvitationScreen>c__AnonStorey6","System.Object"
1047141658,"","<CreateWithInvitationScreen>c__AnonStorey7","GooglePlayGames.Native.NativeRealtimeMultiplayerClient/<CreateWithInvitationScreen>c__AnonStorey4/<CreateWithInvitationScreen>c__AnonStorey7","System.Object"
-1555095971,"","<CreateWithInvitationScreen>c__AnonStorey5","GooglePlayGames.Native.NativeRealtimeMultiplayerClient/<CreateWithInvitationScreen>c__AnonStorey5","System.Object"
-619485906,"","<DeclineInvitation>c__AnonStorey10","GooglePlayGames.Native.NativeRealtimeMultiplayerClient/<DeclineInvitation>c__AnonStorey10","System.Object"
-863132788,"","<GetAllInvitations>c__AnonStorey8","GooglePlayGames.Native.NativeRealtimeMultiplayerClient/<GetAllInvitations>c__AnonStorey8","System.Object"
142002246,"","<HelperForSession>c__AnonStorey3","GooglePlayGames.Native.NativeRealtimeMultiplayerClient/<HelperForSession>c__AnonStorey3","System.Object"
-1875265909,"","AbortingRoomCreationState","GooglePlayGames.Native.NativeRealtimeMultiplayerClient/AbortingRoomCreationState","GooglePlayGames.Native.NativeRealtimeMultiplayerClient/State"
1917516679,"","ActiveState","GooglePlayGames.Native.NativeRealtimeMultiplayerClient/ActiveState","GooglePlayGames.Native.NativeRealtimeMultiplayerClient/MessagingEnabledState"
1321153151,"","<HandleConnectedSetChanged>c__AnonStorey0","GooglePlayGames.Native.NativeRealtimeMultiplayerClient/ActiveState/<HandleConnectedSetChanged>c__AnonStorey0","System.Object"
-332842044,"","BeforeRoomCreateStartedState","GooglePlayGames.Native.NativeRealtimeMultiplayerClient/BeforeRoomCreateStartedState","GooglePlayGames.Native.NativeRealtimeMultiplayerClient/State"
1594707147,"","ConnectingState","GooglePlayGames.Native.NativeRealtimeMultiplayerClient/ConnectingState","GooglePlayGames.Native.NativeRealtimeMultiplayerClient/MessagingEnabledState"
1901164599,"","LeavingRoom","GooglePlayGames.Native.NativeRealtimeMultiplayerClient/LeavingRoom","GooglePlayGames.Native.NativeRealtimeMultiplayerClient/State"
1400423102,"","MessagingEnabledState","GooglePlayGames.Native.NativeRealtimeMultiplayerClient/MessagingEnabledState","GooglePlayGames.Native.NativeRealtimeMultiplayerClient/State"
296247175,"","NoopListener","GooglePlayGames.Native.NativeRealtimeMultiplayerClient/NoopListener","System.Object"
1434016260,"","OnGameThreadForwardingListener","GooglePlayGames.Native.NativeRealtimeMultiplayerClient/OnGameThreadForwardingListener","System.Object"
88984848,"","<ParticipantLeft>c__AnonStorey5","GooglePlayGames.Native.NativeRealtimeMultiplayerClient/OnGameThreadForwardingListener/<ParticipantLeft>c__AnonStorey5","System.Object"
-288600670,"","<PeersConnected>c__AnonStorey2","GooglePlayGames.Native.NativeRealtimeMultiplayerClient/OnGameThreadForwardingListener/<PeersConnected>c__AnonStorey2","System.Object"
1865940199,"","<PeersDisconnected>c__AnonStorey3","GooglePlayGames.Native.NativeRealtimeMultiplayerClient/OnGameThreadForwardingListener/<PeersDisconnected>c__AnonStorey3","System.Object"
522276788,"","<RealTimeMessageReceived>c__AnonStorey4","GooglePlayGames.Native.NativeRealtimeMultiplayerClient/OnGameThreadForwardingListener/<RealTimeMessageReceived>c__AnonStorey4","System.Object"
1063623551,"","<RoomConnected>c__AnonStorey1","GooglePlayGames.Native.NativeRealtimeMultiplayerClient/OnGameThreadForwardingListener/<RoomConnected>c__AnonStorey1","System.Object"
-2503041,"","<RoomSetupProgress>c__AnonStorey0","GooglePlayGames.Native.NativeRealtimeMultiplayerClient/OnGameThreadForwardingListener/<RoomSetupProgress>c__AnonStorey0","System.Object"
1292725059,"","RoomCreationPendingState","GooglePlayGames.Native.NativeRealtimeMultiplayerClient/RoomCreationPendingState","GooglePlayGames.Native.NativeRealtimeMultiplayerClient/State"
222668221,"","RoomSession","GooglePlayGames.Native.NativeRealtimeMultiplayerClient/RoomSession","System.Object"
-686729158,"","ShutdownState","GooglePlayGames.Native.NativeRealtimeMultiplayerClient/ShutdownState","GooglePlayGames.Native.NativeRealtimeMultiplayerClient/State"
-1363641036,"","State","GooglePlayGames.Native.NativeRealtimeMultiplayerClient/State","System.Object"
344914095,"GooglePlayGames.Native","NativeSavedGameClient","GooglePlayGames.Native.NativeSavedGameClient","System.Object"
1120338476,"","<CommitUpdate>c__AnonStorey7","GooglePlayGames.Native.NativeSavedGameClient/<CommitUpdate>c__AnonStorey7","System.Object"
1768510560,"","<FetchAllSavedGames>c__AnonStorey8","GooglePlayGames.Native.NativeSavedGameClient/<FetchAllSavedGames>c__AnonStorey8","System.Object"
658143490,"","<InternalManualOpen>c__AnonStorey3","GooglePlayGames.Native.NativeSavedGameClient/<InternalManualOpen>c__AnonStorey3","System.Object"
235220588,"","<InternalManualOpen>c__AnonStorey4","GooglePlayGames.Native.NativeSavedGameClient/<InternalManualOpen>c__AnonStorey3/<InternalManualOpen>c__AnonStorey4","System.Object"
1228881632,"","<OpenWithAutomaticConflictResolution>c__AnonStorey0","GooglePlayGames.Native.NativeSavedGameClient/<OpenWithAutomaticConflictResolution>c__AnonStorey0","System.Object"
-1201719507,"","<ReadBinaryData>c__AnonStorey5","GooglePlayGames.Native.NativeSavedGameClient/<ReadBinaryData>c__AnonStorey5","System.Object"
1163334112,"","<ShowSelectSavedGameUI>c__AnonStorey6","GooglePlayGames.Native.NativeSavedGameClient/<ShowSelectSavedGameUI>c__AnonStorey6","System.Object"
1874392206,"","<ToOnGameThread>c__AnonStorey1","GooglePlayGames.Native.NativeSavedGameClient/<ToOnGameThread>c__AnonStorey1","System.Object"
1526923213,"","<ToOnGameThread>c__AnonStorey2","GooglePlayGames.Native.NativeSavedGameClient/<ToOnGameThread>c__AnonStorey1/<ToOnGameThread>c__AnonStorey2","System.Object"
933496313,"","<ToOnGameThread>c__AnonStorey9`2","GooglePlayGames.Native.NativeSavedGameClient/<ToOnGameThread>c__AnonStorey9`2","System.Object"
1898189732,"","<ToOnGameThread>c__AnonStoreyA","GooglePlayGames.Native.NativeSavedGameClient/<ToOnGameThread>c__AnonStorey9`2/<ToOnGameThread>c__AnonStoreyA","System.Object"
68066655,"","NativeConflictResolver","GooglePlayGames.Native.NativeSavedGameClient/NativeConflictResolver","System.Object"
1943294811,"","Prefetcher","GooglePlayGames.Native.NativeSavedGameClient/Prefetcher","System.Object"
590275603,"GooglePlayGames.Native","NativeTurnBasedMultiplayerClient","GooglePlayGames.Native.NativeTurnBasedMultiplayerClient","System.Object"
-790521346,"","<AcceptFromInbox>c__AnonStorey7","GooglePlayGames.Native.NativeTurnBasedMultiplayerClient/<AcceptFromInbox>c__AnonStorey7","System.Object"
-825964906,"","<AcceptInvitation>c__AnonStorey8","GooglePlayGames.Native.NativeTurnBasedMultiplayerClient/<AcceptInvitation>c__AnonStorey8","System.Object"
1093275967,"","<AcknowledgeFinished>c__AnonStorey10","GooglePlayGames.Native.NativeTurnBasedMultiplayerClient/<AcknowledgeFinished>c__AnonStorey10","System.Object"
-1174423474,"","<BridgeMatchToUserCallback>c__AnonStorey6","GooglePlayGames.Native.NativeTurnBasedMultiplayerClient/<BridgeMatchToUserCallback>c__AnonStorey6","System.Object"
874394359,"","<Cancel>c__AnonStorey13","GooglePlayGames.Native.NativeTurnBasedMultiplayerClient/<Cancel>c__AnonStorey13","System.Object"
1214239899,"","<CreateQuickMatch>c__AnonStorey1","GooglePlayGames.Native.NativeTurnBasedMultiplayerClient/<CreateQuickMatch>c__AnonStorey1","System.Object"
-350247428,"","<CreateWithInvitationScreen>c__AnonStorey2","GooglePlayGames.Native.NativeTurnBasedMultiplayerClient/<CreateWithInvitationScreen>c__AnonStorey2","System.Object"
49356936,"","<CreateWithInvitationScreen>c__AnonStorey3","GooglePlayGames.Native.NativeTurnBasedMultiplayerClient/<CreateWithInvitationScreen>c__AnonStorey3","System.Object"
1522733972,"","<FindEqualVersionMatch>c__AnonStoreyD","GooglePlayGames.Native.NativeTurnBasedMultiplayerClient/<FindEqualVersionMatch>c__AnonStoreyD","System.Object"
-316157564,"","<FindEqualVersionMatchWithParticipant>c__AnonStoreyE","GooglePlayGames.Native.NativeTurnBasedMultiplayerClient/<FindEqualVersionMatchWithParticipant>c__AnonStoreyE","System.Object"
-498756015,"","<FindInvitationWithId>c__AnonStorey9","GooglePlayGames.Native.NativeTurnBasedMultiplayerClient/<FindInvitationWithId>c__AnonStorey9","System.Object"
1636994477,"","<Finish>c__AnonStoreyF","GooglePlayGames.Native.NativeTurnBasedMultiplayerClient/<Finish>c__AnonStoreyF","System.Object"
1140607543,"","<GetAllInvitations>c__AnonStorey4","GooglePlayGames.Native.NativeTurnBasedMultiplayerClient/<GetAllInvitations>c__AnonStorey4","System.Object"
203451829,"","<GetAllMatches>c__AnonStorey5","GooglePlayGames.Native.NativeTurnBasedMultiplayerClient/<GetAllMatches>c__AnonStorey5","System.Object"
1777013111,"","<HandleMatchEvent>c__AnonStoreyB","GooglePlayGames.Native.NativeTurnBasedMultiplayerClient/<HandleMatchEvent>c__AnonStoreyB","System.Object"
1538305320,"","<Leave>c__AnonStorey11","GooglePlayGames.Native.NativeTurnBasedMultiplayerClient/<Leave>c__AnonStorey11","System.Object"
-1414531581,"","<LeaveDuringTurn>c__AnonStorey12","GooglePlayGames.Native.NativeTurnBasedMultiplayerClient/<LeaveDuringTurn>c__AnonStorey12","System.Object"
-1189333331,"","<RegisterMatchDelegate>c__AnonStoreyA","GooglePlayGames.Native.NativeTurnBasedMultiplayerClient/<RegisterMatchDelegate>c__AnonStoreyA","System.Object"
-2080995779,"","<Rematch>c__AnonStorey14","GooglePlayGames.Native.NativeTurnBasedMultiplayerClient/<Rematch>c__AnonStorey14","System.Object"
-1566370048,"","<TakeTurn>c__AnonStoreyC","GooglePlayGames.Native.NativeTurnBasedMultiplayerClient/<TakeTurn>c__AnonStoreyC","System.Object"
159970366,"","<WaitForLogin>c__Iterator0","GooglePlayGames.Native.NativeTurnBasedMultiplayerClient/<WaitForLogin>c__Iterator0","System.Object"
560534045,"GooglePlayGames.Native","NativeVideoClient","GooglePlayGames.Native.NativeVideoClient","System.Object"
1442359805,"","<GetCaptureCapabilities>c__AnonStorey0","GooglePlayGames.Native.NativeVideoClient/<GetCaptureCapabilities>c__AnonStorey0","System.Object"
2020512730,"","<GetCaptureState>c__AnonStorey1","GooglePlayGames.Native.NativeVideoClient/<GetCaptureState>c__AnonStorey1","System.Object"
-1943963807,"","<IsCaptureAvailable>c__AnonStorey2","GooglePlayGames.Native.NativeVideoClient/<IsCaptureAvailable>c__AnonStorey2","System.Object"
1780614175,"","<RegisterCaptureOverlayStateChangedListener>c__AnonStorey3","GooglePlayGames.Native.NativeVideoClient/<RegisterCaptureOverlayStateChangedListener>c__AnonStorey3","System.Object"
-805426196,"GooglePlayGames.Native.PInvoke","AchievementManager","GooglePlayGames.Native.PInvoke.AchievementManager","System.Object"
-676191172,"","FetchAllResponse","GooglePlayGames.Native.PInvoke.AchievementManager/FetchAllResponse","GooglePlayGames.Native.PInvoke.BaseReferenceHolder"
2073650542,"","FetchResponse","GooglePlayGames.Native.PInvoke.AchievementManager/FetchResponse","GooglePlayGames.Native.PInvoke.BaseReferenceHolder"
185647588,"GooglePlayGames.Native.PInvoke","AndroidPlatformConfiguration","GooglePlayGames.Native.PInvoke.AndroidPlatformConfiguration","GooglePlayGames.Native.PInvoke.PlatformConfiguration"
2094911245,"","IntentHandlerInternal","GooglePlayGames.Native.PInvoke.AndroidPlatformConfiguration/IntentHandlerInternal","System.MulticastDelegate"
-368713996,"GooglePlayGames.Native.PInvoke","BaseReferenceHolder","GooglePlayGames.Native.PInvoke.BaseReferenceHolder","System.Object"
190913353,"GooglePlayGames.Native.PInvoke","Callbacks","GooglePlayGames.Native.PInvoke.Callbacks","System.Object"
223530683,"","<AsOnGameThreadCallback>c__AnonStorey2`1","GooglePlayGames.Native.PInvoke.Callbacks/<AsOnGameThreadCallback>c__AnonStorey2`1","System.Object"
-882636074,"","<AsOnGameThreadCallback>c__AnonStorey3","GooglePlayGames.Native.PInvoke.Callbacks/<AsOnGameThreadCallback>c__AnonStorey2`1/<AsOnGameThreadCallback>c__AnonStorey3","System.Object"
988770122,"","<AsOnGameThreadCallback>c__AnonStorey4`2","GooglePlayGames.Native.PInvoke.Callbacks/<AsOnGameThreadCallback>c__AnonStorey4`2","System.Object"
-1246742802,"","<AsOnGameThreadCallback>c__AnonStorey5","GooglePlayGames.Native.PInvoke.Callbacks/<AsOnGameThreadCallback>c__AnonStorey4`2/<AsOnGameThreadCallback>c__AnonStorey5","System.Object"
-1337016898,"","<ToIntPtr>c__AnonStorey0`1","GooglePlayGames.Native.PInvoke.Callbacks/<ToIntPtr>c__AnonStorey0`1","System.Object"
-899457140,"","<ToIntPtr>c__AnonStorey1`2","GooglePlayGames.Native.PInvoke.Callbacks/<ToIntPtr>c__AnonStorey1`2","System.Object"
-2145307857,"","ShowUICallbackInternal","GooglePlayGames.Native.PInvoke.Callbacks/ShowUICallbackInternal","System.MulticastDelegate"
-1007737468,"","Type","GooglePlayGames.Native.PInvoke.Callbacks/Type","System.Enum"
-818234697,"GooglePlayGames.Native.PInvoke","CaptureOverlayStateListenerHelper","GooglePlayGames.Native.PInvoke.CaptureOverlayStateListenerHelper","GooglePlayGames.Native.PInvoke.BaseReferenceHolder"
-963036895,"GooglePlayGames.Native.PInvoke","EventManager","GooglePlayGames.Native.PInvoke.EventManager","System.Object"
-676191172,"","FetchAllResponse","GooglePlayGames.Native.PInvoke.EventManager/FetchAllResponse","GooglePlayGames.Native.PInvoke.BaseReferenceHolder"
2073650542,"","FetchResponse","GooglePlayGames.Native.PInvoke.EventManager/FetchResponse","GooglePlayGames.Native.PInvoke.BaseReferenceHolder"
916840271,"GooglePlayGames.Native.PInvoke","FetchResponse","GooglePlayGames.Native.PInvoke.FetchResponse","GooglePlayGames.Native.PInvoke.BaseReferenceHolder"
-1588187861,"GooglePlayGames.Native.PInvoke","FetchScorePageResponse","GooglePlayGames.Native.PInvoke.FetchScorePageResponse","GooglePlayGames.Native.PInvoke.BaseReferenceHolder"
-1761653018,"GooglePlayGames.Native.PInvoke","FetchScoreSummaryResponse","GooglePlayGames.Native.PInvoke.FetchScoreSummaryResponse","GooglePlayGames.Native.PInvoke.BaseReferenceHolder"
193980050,"GooglePlayGames.Native.PInvoke","GameServices","GooglePlayGames.Native.PInvoke.GameServices","GooglePlayGames.Native.PInvoke.BaseReferenceHolder"
10326329,"GooglePlayGames.Native.PInvoke","GameServicesBuilder","GooglePlayGames.Native.PInvoke.GameServicesBuilder","GooglePlayGames.Native.PInvoke.BaseReferenceHolder"
508910521,"","AuthFinishedCallback","GooglePlayGames.Native.PInvoke.GameServicesBuilder/AuthFinishedCallback","System.MulticastDelegate"
-1838215193,"","AuthStartedCallback","GooglePlayGames.Native.PInvoke.GameServicesBuilder/AuthStartedCallback","System.MulticastDelegate"
-1053277155,"GooglePlayGames.Native.PInvoke","GetCaptureCapabilitiesResponse","GooglePlayGames.Native.PInvoke.GetCaptureCapabilitiesResponse","GooglePlayGames.Native.PInvoke.BaseReferenceHolder"
-1462232735,"GooglePlayGames.Native.PInvoke","GetCaptureStateResponse","GooglePlayGames.Native.PInvoke.GetCaptureStateResponse","GooglePlayGames.Native.PInvoke.BaseReferenceHolder"
-519463053,"GooglePlayGames.Native.PInvoke","IosPlatformConfiguration","GooglePlayGames.Native.PInvoke.IosPlatformConfiguration","GooglePlayGames.Native.PInvoke.PlatformConfiguration"
-1571597138,"GooglePlayGames.Native.PInvoke","IsCaptureAvailableResponse","GooglePlayGames.Native.PInvoke.IsCaptureAvailableResponse","GooglePlayGames.Native.PInvoke.BaseReferenceHolder"
1103500357,"GooglePlayGames.Native.PInvoke","LeaderboardManager","GooglePlayGames.Native.PInvoke.LeaderboardManager","System.Object"
-104135054,"","<HandleFetch>c__AnonStorey1","GooglePlayGames.Native.PInvoke.LeaderboardManager/<HandleFetch>c__AnonStorey1","System.Object"
-841484555,"","<LoadLeaderboardData>c__AnonStorey0","GooglePlayGames.Native.PInvoke.LeaderboardManager/<LoadLeaderboardData>c__AnonStorey0","System.Object"
-1582268612,"","<LoadScorePage>c__AnonStorey2","GooglePlayGames.Native.PInvoke.LeaderboardManager/<LoadScorePage>c__AnonStorey2","System.Object"
-1537902428,"GooglePlayGames.Native.PInvoke","MultiplayerInvitation","GooglePlayGames.Native.PInvoke.MultiplayerInvitation","GooglePlayGames.Native.PInvoke.BaseReferenceHolder"
949533728,"GooglePlayGames.Native.PInvoke","MultiplayerParticipant","GooglePlayGames.Native.PInvoke.MultiplayerParticipant","GooglePlayGames.Native.PInvoke.BaseReferenceHolder"
-942377907,"GooglePlayGames.Native.PInvoke","NativeAchievement","GooglePlayGames.Native.PInvoke.NativeAchievement","GooglePlayGames.Native.PInvoke.BaseReferenceHolder"
1018374493,"GooglePlayGames.Native.PInvoke","NativeAppIdentifier","GooglePlayGames.Native.PInvoke.NativeAppIdentifier","GooglePlayGames.Native.PInvoke.BaseReferenceHolder"
-1304029642,"GooglePlayGames.Native.PInvoke","NativeConnectionRequest","GooglePlayGames.Native.PInvoke.NativeConnectionRequest","GooglePlayGames.Native.PInvoke.BaseReferenceHolder"
-1007588755,"GooglePlayGames.Native.PInvoke","NativeConnectionResponse","GooglePlayGames.Native.PInvoke.NativeConnectionResponse","GooglePlayGames.Native.PInvoke.BaseReferenceHolder"
-1934450117,"GooglePlayGames.Native.PInvoke","NativeEndpointDetails","GooglePlayGames.Native.PInvoke.NativeEndpointDetails","GooglePlayGames.Native.PInvoke.BaseReferenceHolder"
-1750441974,"GooglePlayGames.Native.PInvoke","NativeEndpointDiscoveryListenerHelper","GooglePlayGames.Native.PInvoke.NativeEndpointDiscoveryListenerHelper","GooglePlayGames.Native.PInvoke.BaseReferenceHolder"
2046104071,"GooglePlayGames.Native.PInvoke","NativeEvent","GooglePlayGames.Native.PInvoke.NativeEvent","GooglePlayGames.Native.PInvoke.BaseReferenceHolder"
1684157241,"GooglePlayGames.Native.PInvoke","NativeLeaderboard","GooglePlayGames.Native.PInvoke.NativeLeaderboard","GooglePlayGames.Native.PInvoke.BaseReferenceHolder"
921559285,"GooglePlayGames.Native.PInvoke","NativeMessageListenerHelper","GooglePlayGames.Native.PInvoke.NativeMessageListenerHelper","GooglePlayGames.Native.PInvoke.BaseReferenceHolder"
1126551574,"","OnMessageReceived","GooglePlayGames.Native.PInvoke.NativeMessageListenerHelper/OnMessageReceived","System.MulticastDelegate"
1330803252,"GooglePlayGames.Native.PInvoke","NativePlayer","GooglePlayGames.Native.PInvoke.NativePlayer","GooglePlayGames.Native.PInvoke.BaseReferenceHolder"
1871726928,"GooglePlayGames.Native.PInvoke","NativePlayerStats","GooglePlayGames.Native.PInvoke.NativePlayerStats","GooglePlayGames.Native.PInvoke.BaseReferenceHolder"
1073491341,"GooglePlayGames.Native.PInvoke","NativeQuest","GooglePlayGames.Native.PInvoke.NativeQuest","GooglePlayGames.Native.PInvoke.BaseReferenceHolder"
-1474951883,"GooglePlayGames.Native.PInvoke","NativeQuestMilestone","GooglePlayGames.Native.PInvoke.NativeQuestMilestone","GooglePlayGames.Native.PInvoke.BaseReferenceHolder"
-676931830,"GooglePlayGames.Native.PInvoke","NativeRealTimeRoom","GooglePlayGames.Native.PInvoke.NativeRealTimeRoom","GooglePlayGames.Native.PInvoke.BaseReferenceHolder"
-924015383,"GooglePlayGames.Native.PInvoke","NativeScore","GooglePlayGames.Native.PInvoke.NativeScore","GooglePlayGames.Native.PInvoke.BaseReferenceHolder"
1450635439,"GooglePlayGames.Native.PInvoke","NativeScoreEntry","GooglePlayGames.Native.PInvoke.NativeScoreEntry","GooglePlayGames.Native.PInvoke.BaseReferenceHolder"
-571375857,"GooglePlayGames.Native.PInvoke","NativeScorePage","GooglePlayGames.Native.PInvoke.NativeScorePage","GooglePlayGames.Native.PInvoke.BaseReferenceHolder"
-1586023803,"GooglePlayGames.Native.PInvoke","NativeScorePageToken","GooglePlayGames.Native.PInvoke.NativeScorePageToken","GooglePlayGames.Native.PInvoke.BaseReferenceHolder"
-1968435155,"GooglePlayGames.Native.PInvoke","NativeScoreSummary","GooglePlayGames.Native.PInvoke.NativeScoreSummary","GooglePlayGames.Native.PInvoke.BaseReferenceHolder"
1952759571,"GooglePlayGames.Native.PInvoke","NativeSnapshotMetadata","GooglePlayGames.Native.PInvoke.NativeSnapshotMetadata","GooglePlayGames.Native.PInvoke.BaseReferenceHolder"
1538404364,"GooglePlayGames.Native.PInvoke","NativeSnapshotMetadataChange","GooglePlayGames.Native.PInvoke.NativeSnapshotMetadataChange","GooglePlayGames.Native.PInvoke.BaseReferenceHolder"
-307030712,"","Builder","GooglePlayGames.Native.PInvoke.NativeSnapshotMetadataChange/Builder","GooglePlayGames.Native.PInvoke.BaseReferenceHolder"
1116112716,"GooglePlayGames.Native.PInvoke","NativeStartAdvertisingResult","GooglePlayGames.Native.PInvoke.NativeStartAdvertisingResult","GooglePlayGames.Native.PInvoke.BaseReferenceHolder"
1676800724,"GooglePlayGames.Native.PInvoke","NativeTurnBasedMatch","GooglePlayGames.Native.PInvoke.NativeTurnBasedMatch","GooglePlayGames.Native.PInvoke.BaseReferenceHolder"
2095655599,"GooglePlayGames.Native.PInvoke","NativeVideoCapabilities","GooglePlayGames.Native.PInvoke.NativeVideoCapabilities","GooglePlayGames.Native.PInvoke.BaseReferenceHolder"
1062360570,"GooglePlayGames.Native.PInvoke","NativeVideoCaptureState","GooglePlayGames.Native.PInvoke.NativeVideoCaptureState","GooglePlayGames.Native.PInvoke.BaseReferenceHolder"
462372612,"GooglePlayGames.Native.PInvoke","NearbyConnectionsManager","GooglePlayGames.Native.PInvoke.NearbyConnectionsManager","GooglePlayGames.Native.PInvoke.BaseReferenceHolder"
1381108036,"GooglePlayGames.Native.PInvoke","NearbyConnectionsManagerBuilder","GooglePlayGames.Native.PInvoke.NearbyConnectionsManagerBuilder","GooglePlayGames.Native.PInvoke.BaseReferenceHolder"
-692857537,"GooglePlayGames.Native.PInvoke","PInvokeUtilities","GooglePlayGames.Native.PInvoke.PInvokeUtilities","System.Object"
1735597689,"","<ToEnumerable>c__Iterator0`1","GooglePlayGames.Native.PInvoke.PInvokeUtilities/<ToEnumerable>c__Iterator0`1","System.Object"
-120706851,"","OutMethod`1","GooglePlayGames.Native.PInvoke.PInvokeUtilities/OutMethod`1","System.MulticastDelegate"
-939839863,"","OutStringMethod","GooglePlayGames.Native.PInvoke.PInvokeUtilities/OutStringMethod","System.MulticastDelegate"
-1081570345,"GooglePlayGames.Native.PInvoke","ParticipantResults","GooglePlayGames.Native.PInvoke.ParticipantResults","GooglePlayGames.Native.PInvoke.BaseReferenceHolder"
-251900684,"GooglePlayGames.Native.PInvoke","PlatformConfiguration","GooglePlayGames.Native.PInvoke.PlatformConfiguration","GooglePlayGames.Native.PInvoke.BaseReferenceHolder"
1185200913,"GooglePlayGames.Native.PInvoke","PlayerManager","GooglePlayGames.Native.PInvoke.PlayerManager","System.Object"
-2109391210,"","<FetchFriends>c__AnonStorey1","GooglePlayGames.Native.PInvoke.PlayerManager/<FetchFriends>c__AnonStorey1","System.Object"
1157241630,"","<FetchList>c__AnonStorey0","GooglePlayGames.Native.PInvoke.PlayerManager/<FetchList>c__AnonStorey0","System.Object"
-154476537,"","FetchListResponse","GooglePlayGames.Native.PInvoke.PlayerManager/FetchListResponse","GooglePlayGames.Native.PInvoke.BaseReferenceHolder"
2073650542,"","FetchResponse","GooglePlayGames.Native.PInvoke.PlayerManager/FetchResponse","GooglePlayGames.Native.PInvoke.BaseReferenceHolder"
1684874340,"","FetchResponseCollector","GooglePlayGames.Native.PInvoke.PlayerManager/FetchResponseCollector","System.Object"
-406252012,"","FetchSelfResponse","GooglePlayGames.Native.PInvoke.PlayerManager/FetchSelfResponse","GooglePlayGames.Native.PInvoke.BaseReferenceHolder"
-1921673129,"GooglePlayGames.Native.PInvoke","PlayerSelectUIResponse","GooglePlayGames.Native.PInvoke.PlayerSelectUIResponse","GooglePlayGames.Native.PInvoke.BaseReferenceHolder"
-1473891930,"","<PlayerIdAtIndex>c__AnonStorey0","GooglePlayGames.Native.PInvoke.PlayerSelectUIResponse/<PlayerIdAtIndex>c__AnonStorey0","System.Object"
-1314368984,"GooglePlayGames.Native.PInvoke","QuestManager","GooglePlayGames.Native.PInvoke.QuestManager","System.Object"
-1388112767,"","AcceptResponse","GooglePlayGames.Native.PInvoke.QuestManager/AcceptResponse","GooglePlayGames.Native.PInvoke.BaseReferenceHolder"
-1743488871,"","ClaimMilestoneResponse","GooglePlayGames.Native.PInvoke.QuestManager/ClaimMilestoneResponse","GooglePlayGames.Native.PInvoke.BaseReferenceHolder"
-154476537,"","FetchListResponse","GooglePlayGames.Native.PInvoke.QuestManager/FetchListResponse","GooglePlayGames.Native.PInvoke.BaseReferenceHolder"
2073650542,"","FetchResponse","GooglePlayGames.Native.PInvoke.QuestManager/FetchResponse","GooglePlayGames.Native.PInvoke.BaseReferenceHolder"
-1971700187,"","QuestUIResponse","GooglePlayGames.Native.PInvoke.QuestManager/QuestUIResponse","GooglePlayGames.Native.PInvoke.BaseReferenceHolder"
-1111367028,"GooglePlayGames.Native.PInvoke","RealTimeEventListenerHelper","GooglePlayGames.Native.PInvoke.RealTimeEventListenerHelper","GooglePlayGames.Native.PInvoke.BaseReferenceHolder"
1903628005,"","<ToCallbackPointer>c__AnonStorey0","GooglePlayGames.Native.PInvoke.RealTimeEventListenerHelper/<ToCallbackPointer>c__AnonStorey0","System.Object"
729021991,"GooglePlayGames.Native.PInvoke","RealtimeManager","GooglePlayGames.Native.PInvoke.RealtimeManager","System.Object"
-38696745,"","FetchInvitationsResponse","GooglePlayGames.Native.PInvoke.RealtimeManager/FetchInvitationsResponse","GooglePlayGames.Native.PInvoke.BaseReferenceHolder"
260931181,"","RealTimeRoomResponse","GooglePlayGames.Native.PInvoke.RealtimeManager/RealTimeRoomResponse","GooglePlayGames.Native.PInvoke.BaseReferenceHolder"
1512092268,"","RoomInboxUIResponse","GooglePlayGames.Native.PInvoke.RealtimeManager/RoomInboxUIResponse","GooglePlayGames.Native.PInvoke.BaseReferenceHolder"
-693630329,"","WaitingRoomUIResponse","GooglePlayGames.Native.PInvoke.RealtimeManager/WaitingRoomUIResponse","GooglePlayGames.Native.PInvoke.BaseReferenceHolder"
1406211834,"GooglePlayGames.Native.PInvoke","RealtimeRoomConfig","GooglePlayGames.Native.PInvoke.RealtimeRoomConfig","GooglePlayGames.Native.PInvoke.BaseReferenceHolder"
184839769,"GooglePlayGames.Native.PInvoke","RealtimeRoomConfigBuilder","GooglePlayGames.Native.PInvoke.RealtimeRoomConfigBuilder","GooglePlayGames.Native.PInvoke.BaseReferenceHolder"
2047533878,"GooglePlayGames.Native.PInvoke","SnapshotManager","GooglePlayGames.Native.PInvoke.SnapshotManager","System.Object"
-1609884417,"","CommitResponse","GooglePlayGames.Native.PInvoke.SnapshotManager/CommitResponse","GooglePlayGames.Native.PInvoke.BaseReferenceHolder"
-676191172,"","FetchAllResponse","GooglePlayGames.Native.PInvoke.SnapshotManager/FetchAllResponse","GooglePlayGames.Native.PInvoke.BaseReferenceHolder"
1720252715,"","OpenResponse","GooglePlayGames.Native.PInvoke.SnapshotManager/OpenResponse","GooglePlayGames.Native.PInvoke.BaseReferenceHolder"
885316626,"","ReadResponse","GooglePlayGames.Native.PInvoke.SnapshotManager/ReadResponse","GooglePlayGames.Native.PInvoke.BaseReferenceHolder"
1492910408,"","SnapshotSelectUIResponse","GooglePlayGames.Native.PInvoke.SnapshotManager/SnapshotSelectUIResponse","GooglePlayGames.Native.PInvoke.BaseReferenceHolder"
-382923940,"GooglePlayGames.Native.PInvoke","StatsManager","GooglePlayGames.Native.PInvoke.StatsManager","System.Object"
1282771557,"","FetchForPlayerResponse","GooglePlayGames.Native.PInvoke.StatsManager/FetchForPlayerResponse","GooglePlayGames.Native.PInvoke.BaseReferenceHolder"
-973426016,"GooglePlayGames.Native.PInvoke","TurnBasedManager","GooglePlayGames.Native.PInvoke.TurnBasedManager","System.Object"
-724381949,"","MatchInboxUIResponse","GooglePlayGames.Native.PInvoke.TurnBasedManager/MatchInboxUIResponse","GooglePlayGames.Native.PInvoke.BaseReferenceHolder"
-90827811,"","TurnBasedMatchCallback","GooglePlayGames.Native.PInvoke.TurnBasedManager/TurnBasedMatchCallback","System.MulticastDelegate"
-735633162,"","TurnBasedMatchResponse","GooglePlayGames.Native.PInvoke.TurnBasedManager/TurnBasedMatchResponse","GooglePlayGames.Native.PInvoke.BaseReferenceHolder"
-100835630,"","TurnBasedMatchesResponse","GooglePlayGames.Native.PInvoke.TurnBasedManager/TurnBasedMatchesResponse","GooglePlayGames.Native.PInvoke.BaseReferenceHolder"
875493550,"GooglePlayGames.Native.PInvoke","TurnBasedMatchConfig","GooglePlayGames.Native.PInvoke.TurnBasedMatchConfig","GooglePlayGames.Native.PInvoke.BaseReferenceHolder"
-1473891930,"","<PlayerIdAtIndex>c__AnonStorey0","GooglePlayGames.Native.PInvoke.TurnBasedMatchConfig/<PlayerIdAtIndex>c__AnonStorey0","System.Object"
-224888177,"GooglePlayGames.Native.PInvoke","TurnBasedMatchConfigBuilder","GooglePlayGames.Native.PInvoke.TurnBasedMatchConfigBuilder","GooglePlayGames.Native.PInvoke.BaseReferenceHolder"
1968477740,"GooglePlayGames.Native.PInvoke","VideoManager","GooglePlayGames.Native.PInvoke.VideoManager","System.Object"
-1654197091,"GooglePlayGames.Native","UnsupportedSavedGamesClient","GooglePlayGames.Native.UnsupportedSavedGamesClient","System.Object"
-631374345,"GooglePlayGames","NearbyConnectionClientFactory","GooglePlayGames.NearbyConnectionClientFactory","System.Object"
-2082826226,"GooglePlayGames.OurUtils","Logger","GooglePlayGames.OurUtils.Logger","System.Object"
-1497919739,"","<d>c__AnonStorey0","GooglePlayGames.OurUtils.Logger/<d>c__AnonStorey0","System.Object"
-890751786,"","<e>c__AnonStorey2","GooglePlayGames.OurUtils.Logger/<e>c__AnonStorey2","System.Object"
-1417934123,"","<w>c__AnonStorey1","GooglePlayGames.OurUtils.Logger/<w>c__AnonStorey1","System.Object"
-564623944,"GooglePlayGames.OurUtils","Misc","GooglePlayGames.OurUtils.Misc","System.Object"
-1352404592,"GooglePlayGames.OurUtils","PlatformUtils","GooglePlayGames.OurUtils.PlatformUtils","System.Object"
-610605811,"GooglePlayGames.OurUtils","PlayGamesHelperObject","GooglePlayGames.OurUtils.PlayGamesHelperObject","UnityEngine.MonoBehaviour"
-1910234177,"","<RunCoroutine>c__AnonStorey0","GooglePlayGames.OurUtils.PlayGamesHelperObject/<RunCoroutine>c__AnonStorey0","System.Object"
-1420777777,"GooglePlayGames","PlayGamesAchievement","GooglePlayGames.PlayGamesAchievement","System.Object"
854621860,"GooglePlayGames","PlayGamesClientFactory","GooglePlayGames.PlayGamesClientFactory","System.Object"
-274020251,"GooglePlayGames","PlayGamesLeaderboard","GooglePlayGames.PlayGamesLeaderboard","System.Object"
1752832962,"GooglePlayGames","PlayGamesLocalUser","GooglePlayGames.PlayGamesLocalUser","GooglePlayGames.PlayGamesUserProfile"
-647598672,"","<GetStats>c__AnonStorey0","GooglePlayGames.PlayGamesLocalUser/<GetStats>c__AnonStorey0","System.Object"
-1690614117,"GooglePlayGames","PlayGamesPlatform","GooglePlayGames.PlayGamesPlatform","System.Object"
1696938301,"","<Authenticate>c__AnonStorey1","GooglePlayGames.PlayGamesPlatform/<Authenticate>c__AnonStorey1","System.Object"
-1573463972,"","<GetAnotherServerAuthCode>c__AnonStorey2","GooglePlayGames.PlayGamesPlatform/<GetAnotherServerAuthCode>c__AnonStorey2","System.Object"
1111559043,"","<HandleLoadingScores>c__AnonStorey7","GooglePlayGames.PlayGamesPlatform/<HandleLoadingScores>c__AnonStorey7","System.Object"
-1636644060,"","<InitializeNearby>c__AnonStorey0","GooglePlayGames.PlayGamesPlatform/<InitializeNearby>c__AnonStorey0","System.Object"
-1930079132,"","<LoadAchievementDescriptions>c__AnonStorey3","GooglePlayGames.PlayGamesPlatform/<LoadAchievementDescriptions>c__AnonStorey3","System.Object"
1744340768,"","<LoadAchievements>c__AnonStorey4","GooglePlayGames.PlayGamesPlatform/<LoadAchievements>c__AnonStorey4","System.Object"
-2146460296,"","<LoadScores>c__AnonStorey5","GooglePlayGames.PlayGamesPlatform/<LoadScores>c__AnonStorey5","System.Object"
1323308449,"","<LoadScores>c__AnonStorey6","GooglePlayGames.PlayGamesPlatform/<LoadScores>c__AnonStorey6","System.Object"
1965194333,"GooglePlayGames","PlayGamesScore","GooglePlayGames.PlayGamesScore","System.Object"
-27630816,"GooglePlayGames","PlayGamesUserProfile","GooglePlayGames.PlayGamesUserProfile","System.Object"
373362821,"","<LoadImage>c__Iterator0","GooglePlayGames.PlayGamesUserProfile/<LoadImage>c__Iterator0","System.Object"
-1307199573,"GooglePlayGames","PluginVersion","GooglePlayGames.PluginVersion","System.Object"
-1337677856,"GooglePlayGames","ReportProgress","GooglePlayGames.ReportProgress","System.MulticastDelegate"
551571588,"GooglePlayGames","TokenClient","GooglePlayGames.TokenClient",""
-856042337,"","Grenade","Grenade","PhysicalAmmoWeapon"
1670963139,"","GrenadeAmmo","GrenadeAmmo","GrenadeAmmoContent"
109033741,"","GrenadeAmmoBase","GrenadeAmmoBase","PhysicalAmmo"
1018684193,"","LNOCLBOKLBN","GrenadeAmmoBase/LNOCLBOKLBN","System.Enum"
95558243,"","GrenadeAmmoBaseSetup","GrenadeAmmoBaseSetup","ExplosiveSetup"
-2100564888,"","GrenadeAmmoContent","GrenadeAmmoContent","Core_BaseScript"
-1226274423,"","GrenadeAmmoEnemy","GrenadeAmmoEnemy","GrenadeAmmo"
-273704603,"","GrenadeAmmoSetup","GrenadeAmmoSetup","GrenadeAmmoBaseSetup"
-983214835,"","GrenadeLauncher","GrenadeLauncher","Grenade"
1422450401,"","GrenadeLevelsSetup","GrenadeLevelsSetup","WeaponLevelsSetup"
-246030376,"","GuiElement","GuiElement","SwitchableGui"
2673289,"","EOIIIFAEGIB","GuiElement/EOIIIFAEGIB","System.Object"
-1849893891,"","KNHFFFOGDPM","GuiElement/KNHFFFOGDPM","System.Object"
592557218,"","GuiElementSingle`1","GuiElementSingle`1","GuiElement"
35273328,"","GuiFocusManager","GuiFocusManager","UnityEngine.MonoBehaviour"
-214880415,"","GuiManager","GuiManager","Singleton`1<GuiManager>"
657863304,"","MCKEAHHPGPO","GuiManager/MCKEAHHPGPO","System.Object"
-258697617,"","GuiReflectionManaging","GuiReflectionManaging","Core_BaseScript"
368505539,"","NKHJBLBAAEB","GuiReflectionManaging/NKHJBLBAAEB","System.Enum"
-1962124141,"","Reflection","GuiReflectionManaging/Reflection","System.Object"
-1391753250,"","GuiRoot","GuiRoot","Core_BaseScript"
138969097,"","MKAOFKMDNBK","GuiRoot/MKAOFKMDNBK","System.Object"
1961253309,"","GuiScreen","GuiScreen","SwitchableGui"
-547737561,"","MNICBHKMMBN","GuiScreen/MNICBHKMMBN","System.Enum"
-1896963646,"","GuiScreenSingle`1","GuiScreenSingle`1","GuiScreen"
-747403376,"","GuiTexureAssets","GuiTexureAssets","Singleton`1<GuiTexureAssets>"
1662383224,"","Gun","Gun","Weapon"
-1896348753,"","GyroController","GyroController","UnityEngine.MonoBehaviour"
1902230989,"","HABEAKEEJKK","HABEAKEEJKK","PKCDJCBCCDL"
1105646245,"","HADLIENNCEA","HADLIENNCEA","System.Object"
217356276,"","ILMIFBEGMDB","HADLIENNCEA/ILMIFBEGMDB","System.Object"
2121040809,"","HBLGKIIDIPK","HBLGKIIDIPK","HHFHFANGCEJ"
-1498436717,"","HEHOOLGCCOK","HEHOOLGCCOK","LAHOBMBEDKE<DailyMissionSurvive>"
-1325408844,"","HEOOEHGBLEN","HEOOEHGBLEN","HHFHFANGCEJ"
-1771288347,"","HGJIMJHLCPL","HGJIMJHLCPL","System.Object"
-1122690862,"","HHCFJMCCDAP","HHCFJMCCDAP","HHFHFANGCEJ"
-627732222,"","HHFHFANGCEJ","HHFHFANGCEJ","System.Object"
368505539,"","NKHJBLBAAEB","HHFHFANGCEJ/NKHJBLBAAEB","System.Enum"
1685468920,"","HIJBBEBAJCO","HIJBBEBAJCO","System.Enum"
1595112088,"","HINJJOAJAOA","HINJJOAJAOA","System.Enum"
522383953,"","HKNKJFBJJBH","HKNKJFBJJBH","System.Enum"
683092365,"","HLHBMMCBHJF","HLHBMMCBHJF","HHFHFANGCEJ"
1480114761,"","HMGAMEMMGBH","HMGAMEMMGBH","System.Object"
1811652387,"","HMPJJMGLMPM","HMPJJMGLMPM","WeaponFeature"
1153973912,"","HNCFFIIAKKJ","HNCFFIIAKKJ","HHFHFANGCEJ"
-443512160,"","HODMKPGAPAF","HODMKPGAPAF","HHFHFANGCEJ"
1937470841,"","HeadSizeSetter","HeadSizeSetter","UnityEngine.MonoBehaviour"
-760346736,"","HeaderButton","HeaderButton","GuiElement"
-495879009,"","LPAFOAEAIPN","HeaderButton/LPAFOAEAIPN","System.Enum"
253187007,"","HeaderDogtagButton","HeaderDogtagButton","GuiElementSingle`1<HeaderDogtagButton>"
486870071,"","HeaderEventButton","HeaderEventButton","GuiElementSingle`1<HeaderEventButton>"
1976704757,"","HeaderLeagueButton","HeaderLeagueButton","GuiElementSingle`1<HeaderLeagueButton>"
1656784186,"","HeaderTicketsButton","HeaderTicketsButton","GuiElementSingle`1<HeaderTicketsButton>"
-1766105740,"","HealthBarManager","HealthBarManager","GeneratedObjectManager"
97242516,"","Healthbar","Healthbar","GeneratedGameObject"
-1398879406,"","NGLEBBHJCJG","Healthbar/NGLEBBHJCJG","System.Enum"
1738693310,"","HeavyTurret","HeavyTurret","TurretBase`2<HeavyTurretBehaviour,HeavyTurretBehaviourDefinititon>"
-2096403047,"","HeavyTurretBehaviour","HeavyTurretBehaviour","TurretBaseBehaviourG`1<HeavyTurretBehaviourDefinititon>"
945331620,"","HeavyTurretBehaviourDefinititon","HeavyTurretBehaviourDefinititon","VehicleBehaviourDefinititon"
-1496781133,"","Helicopter","Helicopter","Vehicle`1<HelicopterBehaviour>"
-722907948,"","AAJPDPBMHJO","Helicopter/AAJPDPBMHJO","System.Object"
-1332155476,"","HelicopterBehaviour","HelicopterBehaviour","HelicopterBehaviourG`1<HelicopterBehaviourDefinititon>"
-1633678864,"","HelicopterBehaviourDefinititon","HelicopterBehaviourDefinititon","VehicleBehaviourDefinititon"
-774270551,"","HelicopterBehaviourG`1","HelicopterBehaviourG`1","VehicleBehaviour"
1405143001,"","HeroicButton","HeroicButton","Core_BaseScript"
-1388975059,"","CGNMKJJKHPN","HeroicButton/CGNMKJJKHPN","System.Object"
-8705963,"","HGCJHDEMAGG","HeroicButton/HGCJHDEMAGG","System.Object"
368505539,"","NKHJBLBAAEB","HeroicButton/NKHJBLBAAEB","System.Enum"
2113525295,"","HeroicRewardRecord","HeroicRewardRecord","Core_BaseScript"
1248939292,"","IEOOMJPMFAE","HeroicRewardRecord/IEOOMJPMFAE","System.Object"
1090892168,"","HeroicScreen","HeroicScreen","GuiScreenSingle`1<HeroicScreen>"
-2057306234,"","ECOBAHHPEFM","HeroicScreen/ECOBAHHPEFM","System.Object"
-1900245594,"","FIFOHGBPJOA","HeroicScreen/FIFOHGBPJOA","System.Object"
871025844,"","HexPackRecord","HexPackRecord","Core_BaseScript"
-321211274,"","HexRecord","HexRecord","Core_BaseScript"
1403855184,"","HitParticleSystem","HitParticleSystem","Singleton`1<HitParticleSystem>"
1317987042,"","HitParticles","HitParticles","Core_BaseScript"
-688388932,"","GENFOAIJFMM","HitParticles/GENFOAIJFMM","System.Object"
540521261,"","GMDDCJBLEBF","HitParticles/GMDDCJBLEBF","System.Object"
102342173,"","NNNKFFDDDGP","HitParticles/NNNKFFDDDGP","System.Enum"
-1787069217,"","HudFps","HudFps","UnityEngine.MonoBehaviour"
-1573851552,"","PFCEHPBADKG","HudFps/PFCEHPBADKG","System.Object"
-558665505,"","HudObjectIndicator","HudObjectIndicator","Core_BaseScript"
153316757,"","BKPMPBDJBDJ","HudObjectIndicator/BKPMPBDJBDJ","System.Object"
-1689237692,"","FHOJNIDPDPP","HudObjectIndicator/FHOJNIDPDPP","System.Object"
1617387194,"","MPCMGIMIFBK","HudObjectIndicator/MPCMGIMIFBK","System.Object"
-346450548,"","NPPEJJKFCON","HudObjectIndicator/NPPEJJKFCON","System.Enum"
-1937474786,"","OCNCLOOPFNE","HudObjectIndicator/OCNCLOOPFNE","System.Object"
717502474,"","OJJPMIGPFCE","HudObjectIndicator/OJJPMIGPFCE","System.Object"
-756423751,"","HudObjectIndicator2D","HudObjectIndicator2D","PoolableObject"
98769958,"","HudScreen","HudScreen","GuiScreenSingle`1<HudScreen>"
-272435688,"","BFHIDLMIECD","HudScreen/BFHIDLMIECD","System.Object"
-99495819,"","IEAKCFAMPGB","HudScreen/IEAKCFAMPGB","System.Object"
1535230628,"","KODDNENIFIF","HudScreen/KODDNENIFIF","System.Object"
2132469216,"","OIBHHPFGPPG","HudScreen/OIBHHPFGPPG","System.Object"
1621215271,"","IBPMPPJBBFG","IBPMPPJBBFG","HHFHFANGCEJ"
-2011144661,"","ICFCHEHNHEN","ICFCHEHNHEN","HHFHFANGCEJ"
1110049616,"","NHBOAPLIPNP","ICFCHEHNHEN/NHBOAPLIPNP","System.Object"
124483783,"","IFBNMHNJFPD","IFBNMHNJFPD","HHFHFANGCEJ"
963405561,"","IGAAGFOBKMO","IGAAGFOBKMO","HHFHFANGCEJ"
-727704818,"","IGHFNDHLCAF","IGHFNDHLCAF","HHFHFANGCEJ"
-1448576126,"","IGameController","IGameController","Core_BaseScript"
-744693132,"","IHFDGLMHHBE","IHFDGLMHHBE","System.Enum"
260428117,"","IHKHFKHENEJ","IHKHFKHENEJ","HHFHFANGCEJ"
459893892,"","IIGFODGJBFA","IIGFODGJBFA","System.Object"
523973043,"","IIPKANOGHOA","IIPKANOGHOA","HHFHFANGCEJ"
92653583,"","IJEAJGCCHEF","IJEAJGCCHEF","System.Enum"
-892936786,"","IKGCOGIODMO","IKGCOGIODMO","System.Object"
1149100265,"","IKHAGMECKOE","IKHAGMECKOE","HHFHFANGCEJ"
1692047398,"","IKNDOFHPKBC","IKNDOFHPKBC","HHFHFANGCEJ"
-1573815820,"","IKPLPPFFDNI","IKPLPPFFDNI","System.Object"
-947193611,"","CACDIELEJHK","IKPLPPFFDNI/CACDIELEJHK","System.Enum"
256071843,"","CIFMKGIKJFM","IKPLPPFFDNI/CIFMKGIKJFM","System.Object"
442923108,"","DNFADCEJOEH","IKPLPPFFDNI/DNFADCEJOEH","System.Enum"
-1921509684,"","MJPNFAKHHHI","IKPLPPFFDNI/MJPNFAKHHHI","System.Object"
-554027450,"","ILEOBPDCGJB","ILEOBPDCGJB","System.Object"
-1843411924,"","ILLFMAAOJPF","ILLFMAAOJPF","HHFHFANGCEJ"
1778715931,"","IMKNKBHECOD","IMKNKBHECOD","HHFHFANGCEJ"
47826130,"","IMLMKDEEPOD","IMLMKDEEPOD","System.Object"
-235530803,"","INJKDMBLOAE","INJKDMBLOAE","System.Object"
-759465818,"","IODMFDDEJOP","IODMFDDEJOP","HHFHFANGCEJ"
-321975986,"","InAppDataManager","InAppDataManager","DatabaseSerializedObjectGeneric`1<InAppDataManager/InAppData>"
-1619791939,"","ELPEFLLBGMG","InAppDataManager/ELPEFLLBGMG","System.Object"
237873530,"","InAppData","InAppDataManager/InAppData","System.Object"
-461988830,"","InAppInfo","InAppDataManager/InAppInfo","System.Object"
1306330316,"","InappDefinition","InAppDataManager/InappDefinition","System.Object"
-1755033620,"","InGameMessageDialog","InGameMessageDialog","GuiElementSingle`1<InGameMessageDialog>"
-1934579604,"","NGAOFHAPJJA","InGameMessageDialog/NGAOFHAPJJA","System.Enum"
607451005,"","OEAOAGBMEGO","InGameMessageDialog/OEAOAGBMEGO","System.Object"
745714754,"","InGameMessageReward","InGameMessageReward","Core_BaseScript"
27980765,"","InGameSerializedObject","InGameSerializedObject","Core_BaseScript"
819101838,"","InGameSerializedObjectGeneric`1","InGameSerializedObjectGeneric`1","InGameSerializedObject"
-1411482030,"","InappButton","InappButton","UnityEngine.MonoBehaviour"
1674074438,"","InappButtonSpecial","InappButtonSpecial","InappButton"
1696430213,"","InappCardPacks","InappCardPacks","Core_BaseScript"
-1138799212,"","HAJEIGIFBOO","InappCardPacks/HAJEIGIFBOO","System.Object"
-1468411083,"","InappGold","InappGold","Core_BaseScript"
-1138799212,"","HAJEIGIFBOO","InappGold/HAJEIGIFBOO","System.Object"
-256008794,"","InappLootboxes","InappLootboxes","Core_BaseScript"
-1138799212,"","HAJEIGIFBOO","InappLootboxes/HAJEIGIFBOO","System.Object"
1401973181,"","InappPacks","InappPacks","Core_BaseScript"
-1138799212,"","HAJEIGIFBOO","InappPacks/HAJEIGIFBOO","System.Object"
-656343978,"","InappScreen","InappScreen","GuiElementSingle`1<InappScreen>"
-517416689,"","MCDPFKAMNAN","InappScreen/MCDPFKAMNAN","System.Object"
-1944335793,"","MPJAFCCIOEO","InappScreen/MPJAFCCIOEO","System.Enum"
374567634,"","OEKOLCLCGIM","InappScreen/OEKOLCLCGIM","System.Object"
1337106383,"","InappSubscription","InappSubscription","Core_BaseScript"
-1138799212,"","HAJEIGIFBOO","InappSubscription/HAJEIGIFBOO","System.Object"
993816798,"","InappVIP","InappVIP","Core_BaseScript"
-1915373418,"","BIONCAPJBCO","InappVIP/BIONCAPJBCO","System.Object"
-1138799212,"","HAJEIGIFBOO","InappVIP/HAJEIGIFBOO","System.Object"
-1782258379,"","InappWarbucks","InappWarbucks","Core_BaseScript"
-1138799212,"","HAJEIGIFBOO","InappWarbucks/HAJEIGIFBOO","System.Object"
379702984,"","IncreaseSquadRankDialog","IncreaseSquadRankDialog","GuiElementSingle`1<IncreaseSquadRankDialog>"
388101951,"","InstantBattleAnimation","InstantBattleAnimation","Core_BaseScript"
1675293089,"","COODLABPHEE","InstantBattleAnimation/COODLABPHEE","System.Object"
-1989134618,"","EnemyDefinition","InstantBattleAnimation/EnemyDefinition","System.Object"
1936888558,"","GBBLMONGGIK","InstantBattleAnimation/GBBLMONGGIK","System.Object"
676248734,"","LNLNIBKBKOK","InstantBattleAnimation/LNLNIBKBKOK","System.Object"
-1409663973,"","InstantBattleButton","InstantBattleButton","Core_BaseScript"
-1355167682,"","InstantBattleConfirmDialog","InstantBattleConfirmDialog","GuiElementSingle`1<InstantBattleConfirmDialog>"
-906631018,"","InstantBattleManager","InstantBattleManager","Core_BaseScript"
-101382257,"","InstantBattleResultsDialog","InstantBattleResultsDialog","GuiElementSingle`1<InstantBattleResultsDialog>"
-1900245594,"","FIFOHGBPJOA","InstantBattleResultsDialog/FIFOHGBPJOA","System.Object"
-1875192150,"","InstantBattleResultsScreen","InstantBattleResultsScreen","GuiScreenSingle`1<InstantBattleResultsScreen>"
617488369,"","DBDPPNHCKLB","InstantBattleResultsScreen/DBDPPNHCKLB","System.Object"
-42468941,"","EIPCDJHIIHK","InstantBattleResultsScreen/EIPCDJHIIHK","System.Object"
1716138334,"","InstantBattleUnlockDialog","InstantBattleUnlockDialog","GuiElementSingle`1<InstantBattleUnlockDialog>"
-163434152,"","InternetConnection","InternetConnection","System.Enum"
1585391355,"","IntroductionDeals","IntroductionDeals","Core_BaseScript"
-1722233472,"","DPGECBFGBGI","IntroductionDeals/DPGECBFGBGI","System.Object"
-2024611235,"","IntroductionDealsArenaPromo","IntroductionDealsArenaPromo","IntroductionDealsItem"
-1023198804,"","ALALGMLIHDF","IntroductionDealsArenaPromo/ALALGMLIHDF","System.Object"
465052712,"","IntroductionDealsElitePack","IntroductionDealsElitePack","IntroductionDealsItem"
-1023198804,"","ALALGMLIHDF","IntroductionDealsElitePack/ALALGMLIHDF","System.Object"
-265021958,"","IntroductionDealsItem","IntroductionDealsItem","UnityEngine.MonoBehaviour"
-400418041,"","ENJNCINNAFG","IntroductionDealsItem/ENJNCINNAFG","System.Object"
129336304,"","JBOGKOPAPPN","IntroductionDealsItem/JBOGKOPAPPN","System.Object"
578150206,"","NAABLHNJHDD","IntroductionDealsItem/NAABLHNJHDD","System.Object"
1511966428,"","WidgetAlpha","IntroductionDealsItem/WidgetAlpha","System.Object"
-1845669118,"","IntroductionDealsMoneyPack","IntroductionDealsMoneyPack","IntroductionDealsItem"
-1023198804,"","ALALGMLIHDF","IntroductionDealsMoneyPack/ALALGMLIHDF","System.Object"
25105314,"","IntroductionDealsSpecialOffer","IntroductionDealsSpecialOffer","IntroductionDealsItem"
-1023198804,"","ALALGMLIHDF","IntroductionDealsSpecialOffer/ALALGMLIHDF","System.Object"
-407055075,"","NFFBOKIPNIH","IntroductionDealsSpecialOffer/NFFBOKIPNIH","System.Object"
-614941230,"","IntroductionDealsStarterAssignments","IntroductionDealsStarterAssignments","IntroductionDealsItem"
-1023198804,"","ALALGMLIHDF","IntroductionDealsStarterAssignments/ALALGMLIHDF","System.Object"
444805310,"","IntroductionDealsStarterPack","IntroductionDealsStarterPack","IntroductionDealsItem"
-1023198804,"","ALALGMLIHDF","IntroductionDealsStarterPack/ALALGMLIHDF","System.Object"
-1674197199,"","IntroductionDealsValuePack","IntroductionDealsValuePack","IntroductionDealsItem"
-454529053,"","IntroductionSquadButton","IntroductionSquadButton","Core_BaseScript"
-443503710,"","InventoryGuiElement","InventoryGuiElement","GuiElementSingle`1<InventoryGuiElement>"
-517642333,"","InventoryHintText","InventoryHintText","Core_BaseScript"
-250421493,"","DMHCEGCAFBK","InventoryHintText/DMHCEGCAFBK","System.Object"
-327506297,"","IEIMKAOBFHB","InventoryHintText/IEIMKAOBFHB","System.Object"
-1233340491,"","InventoryItem","InventoryItem","PoolableObject"
919187245,"","BLHLGAGNLCP","InventoryItem/BLHLGAGNLCP","System.Enum"
283259352,"","InvitationFailedDialog","InvitationFailedDialog","GuiElementSingle`1<InvitationFailedDialog>"
610718117,"","JAGLDFKMHHI","JAGLDFKMHHI","HHFHFANGCEJ"
-1378768045,"","JANNFNFOIEE","JANNFNFOIEE","System.Enum"
-1926153281,"","JBAGAHBOICJ","JBAGAHBOICJ","System.Enum"
768316899,"","JCIMACEGNNK","JCIMACEGNNK","HHFHFANGCEJ"
1273512708,"","JEJHNAPPOFN","JEJHNAPPOFN","HHFHFANGCEJ"
-798659111,"","JFNGDDOMPAE","JFNGDDOMPAE","System.Object"
-142148071,"","JGBBPCGNCPC","JGBBPCGNCPC","System.Object"
-1069812800,"","Content","JGBBPCGNCPC/Content","System.Object"
439455285,"","JJOMDCOJEOE","JGBBPCGNCPC/JJOMDCOJEOE","System.Object"
-345435124,"","NNDPOJCACLP","JGBBPCGNCPC/NNDPOJCACLP","System.Enum"
-1573509682,"","JGHICIBKJBL","JGHICIBKJBL","System.Object"
1581124815,"","JGJIKFCHKDH","JGJIKFCHKDH","HHFHFANGCEJ"
-1280573267,"","JHNPNPKOJMO","JHNPNPKOJMO","System.Enum"
-121260677,"","JMHLHIIMNIG","JMHLHIIMNIG","System.Object"
1916106833,"","GEBNJOCFLND","JMHLHIIMNIG/GEBNJOCFLND","System.Object"
-1190955941,"","JOMIECOADEB","JOMIECOADEB","WeaponFeature"
-905170051,"","JOPIPCDHOLF","JOPIPCDHOLF","System.Object"
-1724136648,"","JPCPNFFLMEH","JPCPNFFLMEH",""
1583611055,"","JPEPKDGPCAO","JPEPKDGPCAO","PHAMEDPLFLO"
715340065,"","JPILOMEHDLN","JPILOMEHDLN","System.Object"
-611664599,"","GOEFODHLMBC","JPILOMEHDLN/GOEFODHLMBC","System.Enum"
-2036542896,"","JPMLOCNCEGO","JPMLOCNCEGO","System.Object"
2099798240,"","JoinOrCreateSquadDialog","JoinOrCreateSquadDialog","GuiElementSingle`1<JoinOrCreateSquadDialog>"
-664042345,"","JoinSquadNowDialog","JoinSquadNowDialog","GuiElementSingle`1<JoinSquadNowDialog>"
1997561364,"","JoiningSquadDialog","JoiningSquadDialog","GuiElementSingle`1<JoiningSquadDialog>"
1337989173,"","KAKELCLPDDK","KAKELCLPDDK","System.Enum"
-787040839,"","KAOBIFPNEFE","KAOBIFPNEFE","System.Object"
375837429,"","KBABIPCFDBL","KBABIPCFDBL","System.Object"
-2021298642,"","KEGHCEANIDJ","KEGHCEANIDJ","HHFHFANGCEJ"
1384120628,"","KEHBKOMKLFN","KEHBKOMKLFN","WeaponFeature"
-1722047111,"","KFLKGGGJHIN","KFLKGGGJHIN","System.Object"
-2128270167,"","EBDBJAKJNLD","KFLKGGGJHIN/EBDBJAKJNLD","System.Object"
-1196895833,"","KGAJOCCBIDL","KGAJOCCBIDL","DHELGFIFMEH"
1628578966,"","KGALJDLJCEH","KGALJDLJCEH","HHFHFANGCEJ"
1541936897,"","KHAJKMKAHIC","KHAJKMKAHIC","System.Enum"
-948508370,"","KHJJFPPACBP","KHJJFPPACBP","System.Object"
422347767,"","KIGEPEJPEKB","KIGEPEJPEKB",""
133516203,"","KIMBLKJPMDC","KIMBLKJPMDC","LAHOBMBEDKE<DailyMissionBoss>"
595465220,"","KIPCEIMNKIK","KIPCEIMNKIK","System.Object"
1893096999,"","NEDLKCPPPPC","KIPCEIMNKIK/NEDLKCPPPPC","System.Enum"
-1279421664,"","KJMGFHMIBII","KJMGFHMIBII","System.Object"
-1130272912,"","KKFOLKGHOJE","KKFOLKGHOJE","System.Enum"
-167050238,"","KMEMIBHOCGF","KMEMIBHOCGF","WeaponFeature"
1422345610,"","KMHCMCBGFFC","KMHCMCBGFFC",""
-1580942814,"","KMNCIJPDFPJ","KMNCIJPDFPJ",""
-1265606518,"","KPJANALDHHP","KPJANALDHHP","HHFHFANGCEJ"
1116022352,"","Kevlar","Kevlar","Core_BaseScript"
1056343065,"","KillEnemiesUsingSpecificWeaponAssignment","KillEnemiesUsingSpecificWeaponAssignment","Assignment"
245218868,"","KillEnemyUnitsAssignment","KillEnemyUnitsAssignment","Assignment"
-2024254652,"","KillEnemyUnitsInOneBattleAssignment","KillEnemyUnitsInOneBattleAssignment","Assignment"
-830221619,"","KillSpecificEnemyUnits","KillSpecificEnemyUnits","Assignment"
1761254637,"","KillStreakBonus","KillStreakBonus","Core_BaseScript"
2107594063,"","KillStreakBonusAddAmmo","KillStreakBonusAddAmmo","KillStreakBonus"
-795840195,"","KillStreakBonusAddCredits","KillStreakBonusAddCredits","KillStreakBonus"
-1219638019,"","KillStreakBonusAddHealth","KillStreakBonusAddHealth","KillStreakBonus"
-1012996317,"","KillStreakBonusAddMoney","KillStreakBonusAddMoney","KillStreakBonus"
946875026,"","KillStreakBonusBoobyTrap","KillStreakBonusBoobyTrap","KillStreakBonus"
-903672765,"","KillStreakBonusBox","KillStreakBonusBox","PoolableObject"
1281541617,"","KillStreakBonusCard","KillStreakBonusCard","KillStreakBonus"
-159107354,"","KillStreakBonusGrenades","KillStreakBonusGrenades","KillStreakBonus"
-39843602,"","KNPOPJAKFGF","KillStreakBonusGrenades/KNPOPJAKFGF","System.Object"
131947301,"","DKMIPMALEJD","KillStreakBonusGrenades/KNPOPJAKFGF/DKMIPMALEJD","System.Object"
1004072050,"","KillStreakBonusKevlar","KillStreakBonusKevlar","KillStreakBonus"
1303702537,"","KillStreakBonusSlowMotion","KillStreakBonusSlowMotion","KillStreakBonus"
1891118684,"","KillStreakBonusTurret","KillStreakBonusTurret","KillStreakBonus"
1171976643,"","ACEMMMAPHIE","KillStreakBonusTurret/ACEMMMAPHIE","System.Object"
1866964380,"","KillStreakGuiElement","KillStreakGuiElement","GuiElementSingle`1<KillStreakGuiElement>"
-1429921246,"","KillStreakManager","KillStreakManager","Singleton`1<KillStreakManager>"
1570675955,"","CICJCPAHGHE","KillStreakManager/CICJCPAHGHE","System.Object"
270876313,"","IDAPDJFAFJJ","KillStreakManager/IDAPDJFAFJJ","System.Object"
726109809,"","KinematicRagdoll","KinematicRagdoll","UnityEngine.MonoBehaviour"
1221105256,"","KochavaManager","KochavaManager","UnityEngine.MonoBehaviour"
-694366083,"","LAHOBMBEDKE","LAHOBMBEDKE","BOPAGEMBFGD"
2106939804,"","LCPMMALIJCJ","LCPMMALIJCJ","PHAMEDPLFLO"
132203313,"","LDDEMALIBBK","LDDEMALIBBK","HHFHFANGCEJ"
-26225527,"","LDEBCOFIANK","LDEBCOFIANK","HHFHFANGCEJ"
-760849919,"","LEDNENKKDJM","LEDNENKKDJM","System.Object"
1496510065,"","JHOGFIPAAJH","LEDNENKKDJM/JHOGFIPAAJH","System.Object"
-91892927,"","PADJFKLJGHH","LEDNENKKDJM/PADJFKLJGHH","System.Object"
-1458553283,"","LENKEHOHBLB","LENKEHOHBLB","HHFHFANGCEJ"
-1097502858,"","LFKIJFPIAOM","LFKIJFPIAOM","System.Object"
-791724298,"","LGCDFAELDNL","LGCDFAELDNL","System.Enum"
-1118089139,"","LHAMEOKGBGJ","LHAMEOKGBGJ","PHAMEDPLFLO"
-1497905102,"","LHGHKOMJCDC","LHGHKOMJCDC","HHFHFANGCEJ"
-195405202,"","LHMCMJDDOHI","LHMCMJDDOHI","System.Object"
333907803,"","JLANLLEABDC","LHMCMJDDOHI/JLANLLEABDC","System.ValueType"
2047952202,"","LJPJDOJONDG","LJPJDOJONDG","HHFHFANGCEJ"
1099806241,"","LMMGHIFJBDC","LMMGHIFJBDC","HHFHFANGCEJ"
465252095,"","LOFGBPBFLPG","LOFGBPBFLPG","System.Object"
94899607,"","LPDEOBOCICH","LPDEOBOCICH","System.Object"
785829078,"","ADBKMBDIMNC","LPDEOBOCICH/ADBKMBDIMNC","System.Enum"
-101320180,"","IGAPNPNNBDD","LPDEOBOCICH/IGAPNPNNBDD","System.Object"
195794681,"","NAPKAHNMIIA","LPDEOBOCICH/NAPKAHNMIIA","System.Object"
775580622,"","LPENNFOMFPM","LPENNFOMFPM","PKCDJCBCCDL"
1551565461,"","LanguageDialog","LanguageDialog","GuiElementSingle`1<LanguageDialog>"
-976379669,"","GEMGAHKDAHE","LanguageDialog/GEMGAHKDAHE","System.Object"
56748972,"","Laser","Laser","Ammo"
1842048322,"","LastLoginSaver","LastLoginSaver","InGameSerializedObjectGeneric`1<LastLoginSaver/SaveData>"
-637193554,"","SaveData","LastLoginSaver/SaveData","System.Object"
-655278654,"","LayersCheckerFor2D","LayersCheckerFor2D","Core_BaseScript"
483916385,"","JEKDDAAKKNO","LayersCheckerFor2D/JEKDDAAKKNO","System.Object"
368505539,"","NKHJBLBAAEB","LayersCheckerFor2D/NKHJBLBAAEB","System.Enum"
-716742018,"","LeaderboardRecord","LeaderboardRecord","PoolableObject"
1620923061,"","League","League","System.Enum"
418445472,"","LeagueArcGuiElement","LeagueArcGuiElement","Core_BaseScript"
-1138799212,"","HAJEIGIFBOO","LeagueArcGuiElement/HAJEIGIFBOO","System.Object"
368505539,"","NKHJBLBAAEB","LeagueArcGuiElement/NKHJBLBAAEB","System.Enum"
81781648,"","LeagueArcManager","LeagueArcManager","Core_BaseScript"
1298765569,"","CFMPFFJPNGF","LeagueArcManager/CFMPFFJPNGF","System.Object"
-1018007927,"","LeagueButton","LeagueButton","SquadButton"
-1706201548,"","LeagueContent","LeagueContent","Core_BaseScript"
-1138799212,"","HAJEIGIFBOO","LeagueContent/HAJEIGIFBOO","System.Object"
678321569,"","KJNEDPOJJOC","LeagueContent/KJNEDPOJJOC","System.Object"
368505539,"","NKHJBLBAAEB","LeagueContent/NKHJBLBAAEB","System.Enum"
1943867798,"","LeagueDialog","LeagueDialog","GuiElementSingle`1<LeagueDialog>"
368505539,"","NKHJBLBAAEB","LeagueDialog/NKHJBLBAAEB","System.Enum"
2004313482,"","LeagueHintDialog","LeagueHintDialog","GuiElementSingle`1<LeagueHintDialog>"
1809280285,"","LeagueRepresentation","LeagueRepresentation","Core_BaseScript"
-1188339776,"","LeagueResultDialog","LeagueResultDialog","GuiElementSingle`1<LeagueResultDialog>"
368505539,"","NKHJBLBAAEB","LeagueResultDialog/NKHJBLBAAEB","System.Enum"
1642079458,"","LeaguesScreen","LeaguesScreen","GuiScreenSingle`1<LeaguesScreen>"
-517416689,"","MCDPFKAMNAN","LeaguesScreen/MCDPFKAMNAN","System.Object"
-1944335793,"","MPJAFCCIOEO","LeaguesScreen/MPJAFCCIOEO","System.Enum"
374567634,"","OEKOLCLCGIM","LeaguesScreen/OEKOLCLCGIM","System.Object"
56769892,"","LeftGoldenSuitcase","LeftGoldenSuitcase","Core_BaseScript"
1677312248,"","LPNAMBCJEOM","LeftGoldenSuitcase/LPNAMBCJEOM","System.Enum"
1309618849,"","LevelBehaviour","LevelBehaviour","Core_BaseScript"
345706614,"","BotProperties","LevelBehaviour/BotProperties","System.Object"
151083445,"","OKGIONBNKMI","LevelBehaviour/OKGIONBNKMI","System.Object"
-411791199,"","PNLNJGDJLPC","LevelBehaviour/PNLNJGDJLPC","System.Object"
-514514403,"","UnitType","LevelBehaviour/UnitType","System.Enum"
-1034298839,"","LevelBehaviourManager","LevelBehaviourManager","Singleton`1<LevelBehaviourManager>"
932675524,"","BehaviourEntry","LevelBehaviourManager/BehaviourEntry","System.Object"
-706957700,"","LevelLoader","LevelLoader","Core_BaseScript"
1720934229,"","LevelManager","LevelManager","DatabaseSerializedObjectGeneric`1<LevelManager/LevelManagerData>"
-378146261,"","GIIHICNDJLG","LevelManager/GIIHICNDJLG","System.Enum"
-1072464800,"","GameLevel","LevelManager/GameLevel","System.Object"
347775862,"","ItemDelivery","LevelManager/ItemDelivery","System.Object"
-387059980,"","LevelManagerData","LevelManager/LevelManagerData","System.Object"
-1686112873,"","SavedArmySlots","LevelManager/SavedArmySlots","System.Object"
-1455114951,"","SavedWeaponSlots","LevelManager/SavedWeaponSlots","System.Object"
-1482717165,"","LevelUpDialog","LevelUpDialog","GuiElementSingle`1<LevelUpDialog>"
487282634,"","ENIIOLKEPFP","LevelUpDialog/ENIIOLKEPFP","System.Object"
54878127,"","LevelUpInfo","LevelUpInfo","Core_BaseScript"
-1802197881,"","LevelUpItem","LevelUpItem","Core_BaseScript"
612566565,"","KNMOPDDNABI","LevelUpItem/KNMOPDDNABI","System.Object"
-1935924401,"","OLLHOAGGKLD","LevelUpItem/OLLHOAGGKLD","System.Object"
1286927081,"","LightMachinegun","LightMachinegun","AutomaticRifle"
-457121004,"","LineTrailRenderer","LineTrailRenderer","Core_BaseScript"
-921443891,"","LiveBroadcast","LiveBroadcast","GuiElement"
495530389,"","LoadingDialog","LoadingDialog","GuiElementSingle`1<LoadingDialog>"
1955345,"","FKNDKMKDLLA","LoadingDialog/FKNDKMKDLLA","System.Object"
283513251,"","LobbyHeader","LobbyHeader","Core_BaseScript"
-1598483662,"","ABGEAPBFGAF","LobbyHeader/ABGEAPBFGAF","System.Enum"
-1780025844,"","GHLGCMMMMNC","LobbyHeader/GHLGCMMMMNC","System.Object"
-1850301095,"","IKALJECMPIF","LobbyHeader/IKALJECMPIF","System.Object"
-392473868,"","LobbyPlayerPart","LobbyPlayerPart","Core_BaseScript"
744522124,"","BHDIOJBMBOK","LobbyPlayerPart/BHDIOJBMBOK","System.Object"
400648189,"","BPNOAPNPGGN","LobbyPlayerPart/BPNOAPNPGGN","System.Object"
1158089868,"","EABECBEFCEA","LobbyPlayerPart/EABECBEFCEA","System.Object"
1717543511,"","HDIJBANEFCB","LobbyPlayerPart/HDIJBANEFCB","System.Object"
783560350,"","MMJOIDEFJCG","LobbyPlayerPart/MMJOIDEFJCG","System.Object"
1525931236,"","LocalPersistenceManager","LocalPersistenceManager","UnityEngine.MonoBehaviour"
1025534334,"","LoginToFacebookDialog","LoginToFacebookDialog","GuiElementSingle`1<LoginToFacebookDialog>"
461188026,"","LootBoxCamera","LootBoxCamera","Singleton`1<LootBoxCamera>"
-953333328,"","LootBoxCameraArena","LootBoxCameraArena","Singleton`1<LootBoxCameraArena>"
-1942686870,"","ANMLHPBIDOL","LootBoxCameraArena/ANMLHPBIDOL","System.Object"
286338699,"","LootBoxCharacter","LootBoxCharacter","Core_BaseScript"
-1368790750,"","LootBoxDialog","LootBoxDialog","GuiElementSingle`1<LootBoxDialog>"
-1249605957,"","IIDOFJIBHMG","LootBoxDialog/IIDOFJIBHMG","System.Object"
-350787506,"","JIGOINFGCGG","LootBoxDialog/JIGOINFGCGG","System.Object"
1505218202,"","LootboxButtonRecord","LootboxButtonRecord","Core_BaseScript"
-1217490727,"","MAPGBEOOFLL","MAPGBEOOFLL","System.Object"
165359492,"","MAPKPFJHHEO","MAPKPFJHHEO","HHFHFANGCEJ"
706931802,"","MBACFNICJPL","MBACFNICJPL","HHFHFANGCEJ"
-895033794,"","MDNLFMNBNEG","MDNLFMNBNEG","System.Enum"
1233476690,"","MDPPHKCKBGH","MDPPHKCKBGH","System.Object"
-1501074202,"","MEJMLNDFDBP","MEJMLNDFDBP","System.Object"
-879597662,"","BNKJGFFGMLK","MEJMLNDFDBP/BNKJGFFGMLK","System.Object"
-518539061,"","DENPOHMAJHF","MEJMLNDFDBP/DENPOHMAJHF","System.Enum"
1781433805,"","KACMFDGEFPF","MEJMLNDFDBP/KACMFDGEFPF","System.Object"
-240525395,"","MFBHBFKKLFL","MFBHBFKKLFL","System.Object"
1439261957,"","MHEHGPLIFHF","MHEHGPLIFHF","System.Object"
-1395646439,"","MHNMOFPPKBN","MHNMOFPPKBN","System.Enum"
703639094,"","MIFGKEHBPOK","MIFGKEHBPOK","System.Object"
827696452,"","MIGCGPMDMAB","MIGCGPMDMAB","System.Object"
-792034140,"","MIHHJBEEOOG","MIHHJBEEOOG","HGJIMJHLCPL"
1493135087,"","MMKFEEGDFKN","MMKFEEGDFKN","HHFHFANGCEJ"
-1159955734,"","MNEHKEKBLMF","MNEHKEKBLMF","HABEAKEEJKK"
-1712937586,"","MNJGKPCFNHH","MNJGKPCFNHH","System.Enum"
837913176,"","MPHENJBAADA","MPHENJBAADA","HHFHFANGCEJ"
1877279450,"","MachineGunLevelSetup","MachineGunLevelSetup","RifleLevelsSetup"
-1106935720,"","MagneticObject","MagneticObject","Core_BaseScript"
-829643885,"","MainGameEntity","MainGameEntity","PoolableObject"
386922017,"","MainMenuSpriteStretch","MainMenuSpriteStretch","Core_BaseScript"
-129781995,"","MainScreen","MainScreen","GuiScreenSingle`1<MainScreen>"
1017861755,"","MainScreenAssignments","MainScreenAssignments","Core_BaseScript"
-930842262,"","MainScreenBlackMarketOffer","MainScreenBlackMarketOffer","Core_BaseScript"
-1981682531,"","MainScreenLeagueEnding","MainScreenLeagueEnding","Core_BaseScript"
824579119,"","GFAPHEMMCOO","MainScreenLeagueEnding/GFAPHEMMCOO","System.Object"
368505539,"","NKHJBLBAAEB","MainScreenLeagueEnding/NKHJBLBAAEB","System.Enum"
-540190697,"","MainScreenLeaguePlayers","MainScreenLeaguePlayers","Core_BaseScript"
-936654759,"","GOIJBOMEAAO","MainScreenLeaguePlayers/GOIJBOMEAAO","System.Object"
633085803,"","MainScreenLeagueRecord","MainScreenLeagueRecord","Core_BaseScript"
-193624740,"","MainScreenSocial","MainScreenSocial","Core_BaseScript"
1945711269,"","MapDefinition","MapDefinition","UnityEngine.MonoBehaviour"
1259610998,"","DefendPosition","MapDefinition/DefendPosition","System.Object"
1460051659,"","MapManager","MapManager","Singleton`1<MapManager>"
-1657353484,"","HECKCCCJDJN","MapManager/HECKCCCJDJN","System.Object"
-1264415612,"","MapEntry","MapManager/MapEntry","System.Object"
1365801442,"","MapSelectionContent","MapSelectionContent","Core_BaseScript"
1425734218,"","MapSelectionRecord","MapSelectionRecord","Core_BaseScript"
-1432959995,"","MatCapTextures","MatCapTextures","Singleton`1<MatCapTextures>"
-1145012640,"","MatchManager","MatchManager","Singleton`1<MatchManager>"
244316223,"","DKCCIOPAFKL","MatchManager/DKCCIOPAFKL","System.Object"
409228051,"","MatchStats","MatchStats","System.Object"
2001889846,"","MaterialAnimation","MaterialAnimation","UnityEngine.MonoBehaviour"
-123541142,"","MaterialSwitch","MaterialSwitch","UnityEngine.MonoBehaviour"
119228520,"","Mech","Mech","MechanicalUnit`1<MechBehaviour>"
-1883948285,"","LLEHEFACLDA","Mech/LLEHEFACLDA","System.Enum"
-1457762383,"","PBAIKHKBHBG","Mech/PBAIKHKBHBG","System.Object"
-987384714,"","MechAnimator","MechAnimator","UnityEngine.MonoBehaviour"
224714270,"","MechBehaviour","MechBehaviour","LevelBehaviour"
36404803,"","MechBehaviourDefinititon","MechBehaviourDefinititon","VehicleBehaviourDefinititon"
1472835542,"","MechanicalUnit`1","MechanicalUnit`1","AIObjectG`1<T>"
521875891,"","MegaRewardPart","MegaRewardPart","Core_BaseScript"
-78299067,"","MemberRecord","MemberRecord","PoolableObject"
938187865,"","APAKIKECLNB","MemberRecord/APAKIKECLNB","System.Object"
741073342,"","MFMMBNAODNM","MemberRecord/MFMMBNAODNM","System.Object"
695873173,"","MemberSelectRecord","MemberSelectRecord","PoolableObject"
1791262797,"","MenuHeader","MenuHeader","GuiElementSingle`1<MenuHeader>"
-475674849,"","MessageCenterFilterButton","MessageCenterFilterButton","Core_BaseScript"
-1107292512,"","MessageCenterPosition","MessageCenterPosition","Core_BaseScript"
-1378945691,"","MessageCenterRecord","MessageCenterRecord","PoolableObject"
2057437398,"","BHFAKHODOJG","MessageCenterRecord/BHFAKHODOJG","System.Object"
809618629,"","BNLPFLEJMCM","MessageCenterRecord/BNLPFLEJMCM","System.Enum"
991305739,"","CAJMKPINNMC","MessageCenterRecord/CAJMKPINNMC","System.Enum"
425956006,"","ONLFGLGMJKD","MessageCenterRecord/ONLFGLGMJKD","System.Object"
-750528517,"","MessageCenterTab","MessageCenterTab","Core_BaseScript"
295230422,"","EAFODKCNCHA","MessageCenterTab/EAFODKCNCHA","System.Object"
-1033677492,"","ELOAMMBPEGG","MessageCenterTab/ELOAMMBPEGG","System.Enum"
478049491,"","EPBLAOLKJDN","MessageCenterTab/EPBLAOLKJDN","System.Object"
1484502436,"","MessageManager","MessageManager","Singleton`1<MessageManager>"
292524222,"","GCFJEEBJKMJ","MessageManager/GCFJEEBJKMJ","System.Object"
1849653408,"","Mine","Mine","PhysicalAmmoWeapon"
-1001803600,"","MineAmmo","MineAmmo","PhysicalAmmo"
-653892156,"","MineAmmoSetup","MineAmmoSetup","RadiusWeaponSetup"
1690033827,"","MineLevelsSetup","MineLevelsSetup","WeaponLevelsSetup"
-2088800045,"","MiniDrone","MiniDrone","MainGameEntity"
-150810607,"","MinigunLevelsSetup","MinigunLevelsSetup","WeaponLevelsSetup"
1024976361,"","Missile","Missile","PhysicalAmmo"
-2129572585,"","MissileSetup","MissileSetup","ExplosiveSetup"
508702827,"","JANBEEJAKMD","MissileSetup/JANBEEJAKMD","System.Enum"
1673543021,"","MissionConfig","MissionConfig","System.Object"
-1837442665,"","MissionEnemyRecord","MissionEnemyRecord","PoolableObject"
1219912839,"","MissionSpawningSystem","MissionSpawningSystem","Core_BaseScript"
71535147,"","CMAKPBJBBOI","MissionSpawningSystem/CMAKPBJBBOI","System.Object"
-1771085545,"","DAINLCBKFDP","MissionSpawningSystem/DAINLCBKFDP","System.Object"
376923296,"","ECPJELBIMPA","MissionSpawningSystem/ECPJELBIMPA","System.Object"
758597176,"","MissionUnit","MissionUnit","System.Object"
-1835328168,"","MissionWaveGuiElement","MissionWaveGuiElement","GuiElement"
1568531287,"","BBOEHHFCBHC","MissionWaveGuiElement/BBOEHHFCBHC","System.Object"
518985479,"","DLJJOBMEEOF","MissionWaveGuiElement/DLJJOBMEEOF","System.Object"
2106390236,"","HIBJENKNKMM","MissionWaveGuiElement/HIBJENKNKMM","System.Object"
-1839919695,"","MobileAppTrackingManager","MobileAppTrackingManager","UnityEngine.MonoBehaviour"
-785285923,"","ModelAttachments","ModelAttachments","Core_BaseScript"
-1740993298,"","ModelAttachment","ModelAttachments/ModelAttachment","System.Object"
963486333,"","MolotovGrenadeAmmo","MolotovGrenadeAmmo","GrenadeAmmoContent"
-1382618042,"","Mortar","Mortar","PhysicalAmmoWeapon"
-661155126,"","Mudguard","Mudguard","UnityEngine.MonoBehaviour"
9359660,"","NCBHACJNDOI","NCBHACJNDOI","HHFHFANGCEJ"
1709184471,"","NCGEGMPCDBK","NCGEGMPCDBK","System.Object"
1033659223,"","NGBBILLMHEC","NGBBILLMHEC","HHFHFANGCEJ"
697788833,"","NGGINCOPKKJ","NGGINCOPKKJ","HHFHFANGCEJ"
-1721968030,"","NGNPIOOAHEH","NGNPIOOAHEH","System.Enum"
1060644484,"","NHKKDKJNMFL","NHKKDKJNMFL","HHFHFANGCEJ"
-1798961572,"","NHOGNBCNIEK","NHOGNBCNIEK","System.Object"
366766444,"","NKMKCCDCHCL","NKMKCCDCHCL",""
1865992034,"","NMNJDAANAOD","NMNJDAANAOD","HHFHFANGCEJ"
-1450054966,"","NNOFPAGLFMM","NNOFPAGLFMM","System.Object"
1239944846,"","NOIBBLPEDAG","NOIBBLPEDAG","HHFHFANGCEJ"
1243918468,"","NPILMLBGNID","NPILMLBGNID","Newtonsoft.Json.Converters.CustomCreationConverter`1<CodeStage.AntiCheat.ObscuredTypes.ObscuredInt>"
450599763,"","NPMPDDDPPCA","NPMPDDDPPCA","HHFHFANGCEJ"
-2052720705,"","NPNOIGHIALL","NPNOIGHIALL","System.Enum"
-1655538510,"","NameChangeReminderDialog","NameChangeReminderDialog","GuiElementSingle`1<NameChangeReminderDialog>"
-933036777,"","NameGuiRecord","NameGuiRecord","PoolableObject"
80486925,"","NavigationAgent","NavigationAgent","Core_BaseScript"
80876808,"","PMLJBOHCIHC","NavigationAgent/PMLJBOHCIHC","System.Object"
920477612,"","NavigationHelperCapsule","NavigationHelperCapsule","Core_BaseScript"
-157001080,"","NavigationTester","NavigationTester","Core_BaseScript"
121760974,"","NetworkObjectPool","NetworkObjectPool","ObjectPool"
1362688015,"","NewBehaviourScript","NewBehaviourScript","UnityEngine.MonoBehaviour"
1611099332,"","NewUnitDisplayerItem","NewUnitDisplayerItem","PoolableObject"
-1272703296,"","NewVersionDialog","NewVersionDialog","GuiElementSingle`1<NewVersionDialog>"
-1631018723,"","NoMoveIndikator","NoMoveIndikator","PoolableObject"
-327622385,"","NotEnoughDialog","NotEnoughDialog","GuiElementSingle`1<NotEnoughDialog>"
368505539,"","NKHJBLBAAEB","NotEnoughDialog/NKHJBLBAAEB","System.Enum"
109930171,"","NotEnoughMedalsDialog","NotEnoughMedalsDialog","GuiElementSingle`1<NotEnoughMedalsDialog>"
-1446238335,"","NotificationManager","NotificationManager","Singleton`1<NotificationManager>"
-105530405,"","ODMMMBPDLKF","ODMMMBPDLKF","KJMGFHMIBII"
-1206781583,"","OGLEHLIPEFM","OGLEHLIPEFM","System.Object"
-18759271,"","BDAJADMCBLN","OGLEHLIPEFM/BDAJADMCBLN","System.Object"
-1262537519,"","BHCMEPMHFMN","OGLEHLIPEFM/BHCMEPMHFMN","System.Object"
794402466,"","DFNGILBMEEI","OGLEHLIPEFM/DFNGILBMEEI","System.Object"
1925990921,"","FIPCAFCHKHM","OGLEHLIPEFM/FIPCAFCHKHM","System.Object"
-162315414,"","OIFCNEJNGJJ","OIFCNEJNGJJ","System.Object"
-987320474,"","OKLNJJBHAIH","OKLNJJBHAIH","HHFHFANGCEJ"
1695114901,"","OLDCFKEJDPA","OLDCFKEJDPA","System.Object"
-1825311177,"","OLMNPIGEKJD","OLMNPIGEKJD","WeaponFeature"
1085148412,"","OMEFJAEDPKO","OMEFJAEDPKO","HHFHFANGCEJ"
2002500324,"","ONFFKNJJJGC","ONFFKNJJJGC","PHAMEDPLFLO"
-190876556,"","ONLHLPBMJOL","ONLHLPBMJOL","System.Object"
-1203251128,"","OOJDIACPBED","OOJDIACPBED","System.Enum"
1199302471,"","ObjectHolderOnSceneChange","ObjectHolderOnSceneChange","UnityEngine.MonoBehaviour"
67220936,"","ObjectPerformanceActivator","ObjectPerformanceActivator","Core_BaseScript"
-2134637127,"","ObjectPerformanceActivatorEx","ObjectPerformanceActivatorEx","Core_BaseScript"
1100922519,"","ObjectPool","ObjectPool","Core_BaseScript"
1958001054,"","JPGIJBAENGG","ObjectPool/JPGIJBAENGG","System.Object"
374734171,"","ObjectPoolEntry","ObjectPool/ObjectPoolEntry","System.Object"
-958895507,"","ObjectPoolDatabase","ObjectPoolDatabase","Singleton`1<ObjectPoolDatabase>"
-1226392143,"","OfferManager","OfferManager","Singleton`1<OfferManager>"
684193377,"","OneShotRifle","OneShotRifle","Gun"
145033441,"","OneTimeOfferDialog","OneTimeOfferDialog","GuiElementSingle`1<OneTimeOfferDialog>"
-1578204611,"","LJCNLBMEENL","OneTimeOfferDialog/LJCNLBMEENL","System.Enum"
-1117362540,"","OtherUpgradeDialog","OtherUpgradeDialog","GuiElementSingle`1<OtherUpgradeDialog>"
-1293135108,"","ODGOMJNMKCJ","OtherUpgradeDialog/ODGOMJNMKCJ","System.Object"
492504643,"","OverallStats","OverallStats","Core_BaseScript"
-1138799212,"","HAJEIGIFBOO","OverallStats/HAJEIGIFBOO","System.Object"
-860764510,"","OAADFICHNJP","OverallStats/OAADFICHNJP","System.Object"
664984500,"","AAICHFHEIGB","OverallStats/OAADFICHNJP/AAICHFHEIGB","System.Enum"
313004239,"","Overtime","Overtime","GuiElementSingle`1<Overtime>"
-40040577,"","PAHHHDKNAMI","PAHHHDKNAMI","WeaponFeature"
1302402932,"","PAIIOKBBHBC","PAIIOKBBHBC",""
1770147515,"","PBMNFCPCGIE","PBMNFCPCGIE","DHELGFIFMEH"
1166435169,"","PCBGILMJNCE","PCBGILMJNCE","StarterAssignment"
1321758520,"","PCCGICJJINH","PCCGICJJINH","System.Enum"
-1394212775,"","PDIHEPGNPCA","PDIHEPGNPCA","HHFHFANGCEJ"
-1960074605,"","PDNPBLFEPJG","PDNPBLFEPJG","System.Enum"
1097650606,"","PFLBHBLJGKL","PFLBHBLJGKL","LAHOBMBEDKE<DailyMissionKillUnits>"
1629480613,"","PFPAMNODNPF","PFPAMNODNPF","System.Object"
-1845201182,"","EFJBIEMIKBB","PFPAMNODNPF/EFJBIEMIKBB","System.Object"
717719158,"","PHAMEDPLFLO","PHAMEDPLFLO","System.Object"
-877502080,"","PHOOCBJEKDA","PHOOCBJEKDA","System.Enum"
1431255974,"","PIJIAGFNHGN","PIJIAGFNHGN","StarterAssignment"
-905918886,"","PKCDJCBCCDL","PKCDJCBCCDL","JGHICIBKJBL"
-1099595268,"","PLFLIENFOHG","PLFLIENFOHG","HHFHFANGCEJ"
-122684752,"","PLGIEHJKMNP","PLGIEHJKMNP","System.Enum"
566268439,"","PLIABAOLHBE","PLIABAOLHBE","System.Object"
-785592968,"","KOPKBHKECDD","PLIABAOLHBE/KOPKBHKECDD","System.Enum"
-288579700,"","PMMGOAIBICG","PMMGOAIBICG","WeaponFeature"
2107453731,"","PNFCNJHKBBN","PNFCNJHKBBN","System.Enum"
-1749333123,"","PPOHICEELFI","PPOHICEELFI","System.Enum"
514299710,"","PPPKJFHMBPK","PPPKJFHMBPK","HHFHFANGCEJ"
-773112653,"","PackBoxContent","PackBoxContent","Core_BaseScript"
2024068568,"","PackContentDialog","PackContentDialog","GuiElementSingle`1<PackContentDialog>"
368505539,"","NKHJBLBAAEB","PackContentDialog/NKHJBLBAAEB","System.Enum"
80469992,"","PackContentRecord","PackContentRecord","Core_BaseScript"
-541547218,"","PackDetailsDialog","PackDetailsDialog","GuiElementSingle`1<PackDetailsDialog>"
818531760,"","Parachute","Parachute","PoolableObject"
-223657431,"","PauseScreen","PauseScreen","GuiElementSingle`1<PauseScreen>"
-526980176,"","PerformanceLoggerManager","PerformanceLoggerManager","Singleton`1<PerformanceLoggerManager>"
675350671,"","HCGIFHOPLPD","PerformanceLoggerManager/HCGIFHOPLPD","System.Object"
1956799158,"","KGAIFFICMNC","PerformanceLoggerManager/KGAIFFICMNC","System.Object"
-1778619073,"","PerformanceManager","PerformanceManager","Singleton`1<PerformanceManager>"
-48159735,"","PerkAffects","PerkAffects","System.ValueType"
-927833637,"","PhotonCachedRPC","PhotonCachedRPC","Core_BaseScript"
-908218540,"","AJPDOPBPEHE","PhotonCachedRPC/AJPDOPBPEHE","System.ValueType"
1867684133,"","PhotonConnectionManager","PhotonConnectionManager","Singleton`1<PhotonConnectionManager>"
1934148548,"","CKNCMDLLDNJ","PhotonConnectionManager/CKNCMDLLDNJ","System.Object"
-1923252201,"","FBDAGILIDKF","PhotonConnectionManager/FBDAGILIDKF","System.Object"
-1425435380,"","JHBAEMLIENO","PhotonConnectionManager/JHBAEMLIENO","System.Object"
1563822245,"","JHFPMFLGPEN","PhotonConnectionManager/JHFPMFLGPEN","System.Object"
1734340634,"","KCHJKJPPNNC","PhotonConnectionManager/KCHJKJPPNNC","System.Object"
-370627466,"","LCMNALMHBBH","PhotonConnectionManager/LCMNALMHBBH","System.Object"
1231753954,"","NHCFIGAJKKC","PhotonConnectionManager/NHCFIGAJKKC","System.Object"
-880012125,"","PhotonLevelIDChanger","PhotonLevelIDChanger","Core_BaseScript"
-943232202,"","PhotonLevelView","PhotonLevelView","Core_BaseScript"
-2008515726,"","PhysicalAmmo","PhysicalAmmo","Ammo"
-208642556,"","PhysicalAmmoWeapon","PhysicalAmmoWeapon","Weapon"
-785779626,"","PingShower","PingShower","UnityEngine.MonoBehaviour"
1333853773,"","Pistol","Pistol","AutomaticRifle"
-16537824,"","PistolLevelsSetup","PistolLevelsSetup","WeaponLevelsSetup"
741191024,"","PlayMultiplayerMatchesAssignment","PlayMultiplayerMatchesAssignment","Assignment"
736167753,"","PlaySpecificWarcardsAssignment","PlaySpecificWarcardsAssignment","Assignment"
833859589,"","PlayWarcardsAssignment","PlayWarcardsAssignment","Assignment"
2008179499,"","PlayerAnalytics","PlayerAnalytics","DatabaseSerializedObjectGeneric`1<PlayerAnalytics/PlayerAnalyticsData>"
1044024178,"","PlayerAnalyticsData","PlayerAnalytics/PlayerAnalyticsData","System.Object"
730607875,"","Transaction","PlayerAnalytics/Transaction","System.Object"
-1544162014,"","PlayerBot","PlayerBot","Core_BaseScript"
825887901,"","EMOIFPIMGDA","PlayerBot/EMOIFPIMGDA","System.Object"
1451400766,"","GFLLIKNLALP","PlayerBot/GFLLIKNLALP","System.Object"
-125694502,"","JIIKCBMKPJL","PlayerBot/JIIKCBMKPJL","System.Object"
-1076298298,"","POBAAOJMIAC","PlayerBot/POBAAOJMIAC","System.Object"
771226954,"","PlayerBotTutorial","PlayerBotTutorial","Core_BaseScript"
-1661684122,"","BJCNFGGMAOD","PlayerBotTutorial/BJCNFGGMAOD","System.Object"
2008051808,"","GFHEEFCLGHG","PlayerBotTutorial/GFHEEFCLGHG","System.Enum"
-1498997577,"","NDMNNPLNIEB","PlayerBotTutorial/NDMNNPLNIEB","System.Object"
563027956,"","PlayerBurstWeapon","PlayerBurstWeapon","PlayerWeapon"
-128452972,"","PlayerClickWeapon","PlayerClickWeapon","PlayerWeapon"
961855446,"","PlayerController","PlayerController","MainGameEntity"
-1408067287,"","CIPJHJJKJMF","PlayerController/CIPJHJJKJMF","System.Object"
853005038,"","KKPHPLOEACG","PlayerController/KKPHPLOEACG","System.Enum"
-1418811611,"","PlayerHealthBarGuiElement","PlayerHealthBarGuiElement","Core_BaseScript"
191028149,"","DEICAGGPEDD","PlayerHealthBarGuiElement/DEICAGGPEDD","System.Object"
884628848,"","FBFAAPEJNBB","PlayerHealthBarGuiElement/FBFAAPEJNBB","System.Object"
-65494382,"","FJHBNEKNKFB","PlayerHealthBarGuiElement/FJHBNEKNKFB","System.Object"
-1513154196,"","FNPAALMBOIF","PlayerHealthBarGuiElement/FNPAALMBOIF","System.Object"
-1540746141,"","NLFKOCOKPEE","PlayerHealthBarGuiElement/NLFKOCOKPEE","System.Object"
1419635230,"","OAMJNPNCIBK","PlayerHealthBarGuiElement/OAMJNPNCIBK","System.Object"
1272528528,"","PLDLDNEHMHE","PlayerHealthBarGuiElement/PLDLDNEHMHE","System.Object"
-44739796,"","PlayerHealthBars","PlayerHealthBars","GuiElementSingle`1<PlayerHealthBars>"
-1414721091,"","PlayerHoldWeapon","PlayerHoldWeapon","PlayerWeapon"
-569760577,"","BGGIHPIPBKP","PlayerHoldWeapon/BGGIHPIPBKP","System.Object"
791680332,"","PlayerIcon","PlayerIcon","Core_BaseScript"
-1401258816,"","PlayerInventory","PlayerInventory","DatabaseSerializedObjectGeneric`1<PlayerInventory/InventoryData>"
800519343,"","InventoryData","PlayerInventory/InventoryData","System.Object"
-329806166,"","InventorySlot","PlayerInventory/InventorySlot","System.Object"
-1164840264,"","JIMOKIIJHNA","PlayerInventory/JIMOKIIJHNA","System.Object"
-1959914758,"","SerializedSlotDetail","PlayerInventory/SerializedSlotDetail","System.Object"
1191211557,"","PlayerLeagueIcon","PlayerLeagueIcon","PoolableObject"
-56335831,"","PlayerLeagueLeftContent","PlayerLeagueLeftContent","Core_BaseScript"
-116840455,"","KHKFEJJJOIN","PlayerLeagueLeftContent/KHKFEJJJOIN","System.Object"
-1967573447,"","MPBIOPEIDBO","PlayerLeagueLeftContent/MPBIOPEIDBO","System.Enum"
-637824497,"","PlayerLeagueRecord","PlayerLeagueRecord","PoolableObject"
389645172,"","PlayerMinigunWeapon","PlayerMinigunWeapon","PlayerWeapon"
823276150,"","PlayerMinigunWeaponMotor","PlayerMinigunWeaponMotor","UnityEngine.MonoBehaviour"
333907803,"","JLANLLEABDC","PlayerMinigunWeaponMotor/JLANLLEABDC","System.Enum"
-132758238,"","PlayerPoint","PlayerPoint","Core_BaseScript"
409196324,"","PlayerProfileArmyRecord","PlayerProfileArmyRecord","Core_BaseScript"
1203503810,"","PlayerProfileDialog","PlayerProfileDialog","GuiElementSingle`1<PlayerProfileDialog>"
662626818,"","GBAALKLNOIC","PlayerProfileDialog/GBAALKLNOIC","System.Object"
-651062072,"","HKMFKGCGBGO","PlayerProfileDialog/HKMFKGCGBGO","System.Object"
-548568532,"","JKPJEGPGFAD","PlayerProfileDialog/JKPJEGPGFAD","System.Object"
1773873595,"","PlayerStatsScreen","PlayerStatsScreen","GuiScreenSingle`1<PlayerStatsScreen>"
-517416689,"","MCDPFKAMNAN","PlayerStatsScreen/MCDPFKAMNAN","System.Object"
-1944335793,"","MPJAFCCIOEO","PlayerStatsScreen/MPJAFCCIOEO","System.Enum"
374567634,"","OEKOLCLCGIM","PlayerStatsScreen/OEKOLCLCGIM","System.Object"
-662650279,"","PlayerStatsScreenRecord","PlayerStatsScreenRecord","PoolableObject"
561541954,"","PlayerStatus","PlayerStatus","System.Enum"
-967293821,"","PlayerSwipeWeapon","PlayerSwipeWeapon","PlayerWeapon"
-569760577,"","BGGIHPIPBKP","PlayerSwipeWeapon/BGGIHPIPBKP","System.Object"
-193229831,"","PlayerTexturePool","PlayerTexturePool","Singleton`1<PlayerTexturePool>"
-1715538019,"","DFJJOANIJID","PlayerTexturePool/DFJJOANIJID","System.Enum"
-1535664630,"","LBKLJCHDJMH","PlayerTexturePool/LBKLJCHDJMH","System.Object"
1763437732,"","MHOCDHIPMBI","PlayerTexturePool/MHOCDHIPMBI","System.Object"
-493215415,"","PlayerVisual","PlayerVisual","System.Object"
-29122737,"","EJHADIHBCBK","PlayerVisual/EJHADIHBCBK","System.Enum"
1703111365,"","GILPPKMICCF","PlayerVisual/GILPPKMICCF","System.Enum"
333907803,"","JLANLLEABDC","PlayerVisual/JLANLLEABDC","System.Enum"
520579555,"","PlayerVisualCategory","PlayerVisualCategory","Core_BaseScript"
1387257260,"","PlayerVisualCategoryCamos","PlayerVisualCategoryCamos","PlayerVisualCategoryGeneric`1<PlayerVisualCategoryCamos/PlayerVisualCamo>"
1753809277,"","PlayerVisualCamo","PlayerVisualCategoryCamos/PlayerVisualCamo","PlayerVisual"
586213360,"","PlayerVisualCategoryGeneric`1","PlayerVisualCategoryGeneric`1","PlayerVisualCategory"
-700345049,"","BPDPFLADPLN","PlayerVisualCategoryGeneric`1/BPDPFLADPLN","System.Object"
2021745273,"","PlayerVisualCategoryHeadAccesories","PlayerVisualCategoryHeadAccesories","PlayerVisualCategoryGeneric`1<PlayerVisualCategoryHeadAccesories/PlayerVisualHeadAccesory>"
-1877506881,"","PlayerVisualHeadAccesory","PlayerVisualCategoryHeadAccesories/PlayerVisualHeadAccesory","PlayerVisualHead"
-75851223,"","PlayerVisualCategoryHelmets","PlayerVisualCategoryHelmets","PlayerVisualCategoryGeneric`1<PlayerVisualCategoryHelmets/PlayerVisualHelmet>"
-927744113,"","PlayerVisualHelmet","PlayerVisualCategoryHelmets/PlayerVisualHelmet","PlayerVisualHead"
1285982206,"","PlayerVisualCategoryPowerBands","PlayerVisualCategoryPowerBands","PlayerVisualCategoryGeneric`1<PlayerVisualCategoryPowerBands/PlayerVisualPowerBand>"
-1560502518,"","PlayerVisualPowerBand","PlayerVisualCategoryPowerBands/PlayerVisualPowerBand","PlayerVisualHead"
-1386771575,"","PlayerVisualHead","PlayerVisualHead","PlayerVisual"
1385515291,"","CamoTransform","PlayerVisualHead/CamoTransform","System.Object"
2122391087,"","MGGMICILBMO","PlayerVisualHead/MGGMICILBMO","System.Enum"
493331038,"","PlayerVisualIcon","PlayerVisualIcon","Core_BaseScript"
711944106,"","PlayerVisualsCategoryButton","PlayerVisualsCategoryButton","PoolableObject"
1593570105,"","PlayerVsPlayerButton","PlayerVsPlayerButton","Core_BaseScript"
368505539,"","NKHJBLBAAEB","PlayerVsPlayerButton/NKHJBLBAAEB","System.Enum"
79943280,"","PlayerWeapon","PlayerWeapon","Core_BaseScript"
1645165049,"","FDFGELLNDDD","PlayerWeapon/FDFGELLNDDD","System.Object"
-385478008,"","PlayerZoomOnTouchWeapon","PlayerZoomOnTouchWeapon","PlayerWeapon"
2002372473,"","PoisonGrenadeAmmoSetup","PoisonGrenadeAmmoSetup","GrenadeAmmoBaseSetup"
565321229,"","PoolableObject","PoolableObject","Core_BaseScript"
-1800381868,"","AHFFGLNAGDH","PoolableObject/AHFFGLNAGDH","System.Object"
-1023732613,"","PrivacyDialog","PrivacyDialog","GuiElementSingle`1<PrivacyDialog>"
1464944685,"","ProgressBarArmyRecordRentalDialog","ProgressBarArmyRecordRentalDialog","Core_BaseScript"
-908491471,"","ProgressBarRecordRentalDialog","ProgressBarRecordRentalDialog","Core_BaseScript"
-1015266952,"","ProgressEventPart","ProgressEventPart","Core_BaseScript"
-1747514440,"","PurchaseProtection","PurchaseProtection","Singleton`1<PurchaseProtection>"
-1474148358,"","PushNotificationManager","PushNotificationManager","InGameSerializedObjectGeneric`1<PushNotificationManager/PushNotificationData>"
1818499973,"","BAIMJGGJNHF","PushNotificationManager/BAIMJGGJNHF","System.Enum"
-1164307093,"","LocalNotificationData","PushNotificationManager/LocalNotificationData","System.Object"
-1756840056,"","PushNotificationData","PushNotificationManager/PushNotificationData","System.Object"
-817040256,"","RadiusWeaponSetup","RadiusWeaponSetup","AmmoSetup"
-30780054,"","RandomCardRecord","RandomCardRecord","PoolableObject"
-620209643,"","HAPNJHJCOEA","RandomCardRecord/HAPNJHJCOEA","System.Object"
1694355055,"","RandomRotate","RandomRotate","UnityEngine.MonoBehaviour"
1738368178,"","RateAppDialog","RateAppDialog","GuiElementSingle`1<RateAppDialog>"
-629050953,"","ReconnectDialog","ReconnectDialog","GuiElementSingle`1<ReconnectDialog>"
1248552427,"","Recording","Recording","Singleton`1<Recording>"
-589628923,"","ReminderDialog","ReminderDialog","GuiElementSingle`1<ReminderDialog>"
1220628681,"","NCPDIPMLMJO","ReminderDialog/NCPDIPMLMJO","System.Enum"
797368633,"","ReminderManager","ReminderManager","InGameSerializedObjectGeneric`1<ReminderManager/SaveData>"
1844553737,"","ReminderType","ReminderManager/ReminderType","System.Enum"
-637193554,"","SaveData","ReminderManager/SaveData","System.Object"
-217936902,"","RenameDialog","RenameDialog","GuiElementSingle`1<RenameDialog>"
1941129843,"","RentalDialog","RentalDialog","GuiElementSingle`1<RentalDialog>"
-63147507,"","ReportUserDialog","ReportUserDialog","GuiElementSingle`1<ReportUserDialog>"
621631886,"","Request","Request","System.Object"
900214498,"","RequestBuffer","RequestBuffer","System.Object"
-866398613,"","PDPMFPGALHI","RequestBuffer/PDPMFPGALHI","System.Object"
-1367291429,"","RequestBufferManager","RequestBufferManager","InGameSerializedObjectGeneric`1<RequestBufferManager/RequestBufferData>"
417391341,"","RequestBufferData","RequestBufferManager/RequestBufferData","System.Object"
321283392,"","ResourceLoaderTexture2D","ResourceLoaderTexture2D","ResourcesLoader`1<UnityEngine.Texture2D>"
-1318460946,"","ResourcesLoader`1","ResourcesLoader`1","Core_BaseScript"
1127558560,"","GIILGEGBNHD","ResourcesLoader`1/GIILGEGBNHD","System.Object"
102496997,"","MGAMADKMKOL","ResourcesLoader`1/MGAMADKMKOL","System.Object"
318949009,"","ResultsCampaignContent","ResultsCampaignContent","Core_BaseScript"
495039844,"","ACCOCFFGOEK","ResultsCampaignContent/ACCOCFFGOEK","System.Object"
-1454992058,"","DDOMLKMFNAG","ResultsCampaignContent/DDOMLKMFNAG","System.Object"
-1625422540,"","FCNLILMJEDL","ResultsCampaignContent/FCNLILMJEDL","System.Object"
-854860407,"","FMBCFEOBAFK","ResultsCampaignContent/FMBCFEOBAFK","System.Object"
-2048646277,"","GHBJCMEJBOG","ResultsCampaignContent/GHBJCMEJBOG","System.Object"
1697924372,"","GPEIFMNACMG","ResultsCampaignContent/GPEIFMNACMG","System.Object"
676248734,"","LNLNIBKBKOK","ResultsCampaignContent/LNLNIBKBKOK","System.Object"
-2054093257,"","ResultsContent","ResultsContent","Core_BaseScript"
-1454992058,"","DDOMLKMFNAG","ResultsContent/DDOMLKMFNAG","System.Object"
-1625422540,"","FCNLILMJEDL","ResultsContent/FCNLILMJEDL","System.Object"
-854860407,"","FMBCFEOBAFK","ResultsContent/FMBCFEOBAFK","System.Object"
-2048646277,"","GHBJCMEJBOG","ResultsContent/GHBJCMEJBOG","System.Object"
-1076575936,"","GICBHJHPLGK","ResultsContent/GICBHJHPLGK","System.Object"
1697924372,"","GPEIFMNACMG","ResultsContent/GPEIFMNACMG","System.Object"
676248734,"","LNLNIBKBKOK","ResultsContent/LNLNIBKBKOK","System.Object"
1894606264,"","ResultsRewards","ResultsRewards","Core_BaseScript"
-1652974791,"","ResultsRewardsFlash","ResultsRewardsFlash","ResultsRewards"
2093440146,"","IIFHMKCKGAI","ResultsRewardsFlash/IIFHMKCKGAI","System.Object"
-1198330163,"","ResultsRewardsNA","ResultsRewardsNA","ResultsRewards"
974698944,"","RewardDialog","RewardDialog","GuiElementSingle`1<RewardDialog>"
-989968010,"","CFBAIONKKFH","RewardDialog/CFBAIONKKFH","System.Object"
695115141,"","RibbonsContent","RibbonsContent","Core_BaseScript"
2109029917,"","RifleLevelsSetup","RifleLevelsSetup","WeaponLevelsSetup"
2120368690,"","RotateCamera","RotateCamera","Core_BaseScript"
383205707,"","RuleData","RuleData","System.Object"
-1354070117,"","SavedMission","SavedMission","System.Object"
1619267141,"","SavingLastSelected","SavingLastSelected","InGameSerializedObjectGeneric`1<SavingLastSelected/SaveData>"
1742050195,"","CGHMODDLONI","SavingLastSelected/CGHMODDLONI","System.Object"
-637193554,"","SaveData","SavingLastSelected/SaveData","System.Object"
1567703950,"","ScoreManager","ScoreManager","Singleton`1<ScoreManager>"
-1542004671,"","IHNLPCBDGIE","ScoreManager/IHNLPCBDGIE","System.Object"
1107780965,"","ScorePointsAssignment","ScorePointsAssignment","Assignment"
-66789769,"","ScorePointsInOneBattleAssignment","ScorePointsInOneBattleAssignment","Assignment"
-1344550499,"","ScreenLoadButton","ScreenLoadButton","GuiElement"
-806403793,"","SelectFriendsButton","SelectFriendsButton","Core_BaseScript"
1374397755,"","SelectFriendsDialog","SelectFriendsDialog","GuiElementSingle`1<SelectFriendsDialog>"
-587437738,"","ABNBBOGDMIG","SelectFriendsDialog/ABNBBOGDMIG","System.Object"
867980786,"","BFOMOCEANBF","SelectFriendsDialog/BFOMOCEANBF","System.Object"
-2073146767,"","EEMLIKOKFHJ","SelectFriendsDialog/EEMLIKOKFHJ","System.Object"
1914301399,"","GEOEAKHBELJ","SelectFriendsDialog/GEOEAKHBELJ","System.Object"
89792337,"","IEAIENELLMK","SelectFriendsDialog/IEAIENELLMK","System.Object"
-2071988291,"","JIMPKFPPDJB","SelectFriendsDialog/JIMPKFPPDJB","System.Object"
-1944335793,"","MPJAFCCIOEO","SelectFriendsDialog/MPJAFCCIOEO","System.Enum"
368505539,"","NKHJBLBAAEB","SelectFriendsDialog/NKHJBLBAAEB","System.Enum"
1846197400,"","PLCAHHFOHML","SelectFriendsDialog/PLCAHHFOHML","System.Object"
790197876,"","PNGBGNMOIPO","SelectFriendsDialog/PNGBGNMOIPO","System.Object"
-450360380,"","SelectSquadLeaderDialog","SelectSquadLeaderDialog","GuiElementSingle`1<SelectSquadLeaderDialog>"
-1934931982,"","FCOHPKBKGJA","SelectSquadLeaderDialog/FCOHPKBKGJA","System.Object"
-660328992,"","SelectStatisticsButton","SelectStatisticsButton","Core_BaseScript"
487563450,"","ServerResultsCache","ServerResultsCache","Singleton`1<ServerResultsCache>"
-424565153,"","MNDGLBPLIFB","ServerResultsCache/MNDGLBPLIFB","System.Object"
1503057824,"","NJDPEACEMBJ","ServerResultsCache/NJDPEACEMBJ","System.Object"
1810363402,"","SessionManager","SessionManager","Singleton`1<SessionManager>"
-1655150238,"","JKKGFDMLHPC","SessionManager/JKKGFDMLHPC","System.Object"
-1932548424,"","MFGMKAJDCAI","SessionManager/MFGMKAJDCAI","System.Enum"
-2131107365,"","SetInstantBattleRewards","SetInstantBattleRewards","Core_BaseScript"
1707914131,"","BBFFDOOGPDP","SetInstantBattleRewards/BBFFDOOGPDP","System.Object"
-834295307,"","FGGJCFJNPJO","SetInstantBattleRewards/FGGJCFJNPJO","System.Object"
1985216495,"","PNLEDFKLOLN","SetInstantBattleRewards/PNLEDFKLOLN","System.Object"
1991055643,"","SettingsButton","SettingsButton","Core_BaseScript"
-1631678377,"","SettingsDebugCheckButton","SettingsDebugCheckButton","Core_BaseScript"
541199457,"","SettingsDebugContent","SettingsDebugContent","Core_BaseScript"
475688835,"","SettingsDialog","SettingsDialog","GuiElementSingle`1<SettingsDialog>"
682247399,"","PIDKPHFHCHP","SettingsDialog/PIDKPHFHCHP","System.Object"
-1816615882,"","SettingsGeneralContent","SettingsGeneralContent","Core_BaseScript"
1343377659,"","HAHGKOPJDGK","SettingsGeneralContent/HAHGKOPJDGK","System.Object"
1240745157,"","SettingsGuiContent","SettingsGuiContent","Core_BaseScript"
-1959216529,"","SettingsMainButton","SettingsMainButton","Core_BaseScript"
1108135773,"","SettingsManager","SettingsManager","DatabaseSerializedObjectGeneric`1<SettingsManager/Settings>"
-721420131,"","Settings","SettingsManager/Settings","System.Object"
1635934472,"","SettingsNotificationButton","SettingsNotificationButton","Core_BaseScript"
-1833310392,"","SettingsNotificationContent","SettingsNotificationContent","Core_BaseScript"
58156262,"","SettingsUserContent","SettingsUserContent","Core_BaseScript"
-1363671003,"","Shield","Shield","DestroyableObject"
1102360488,"","DLGLDOOFAOA","Shield/DLGLDOOFAOA","System.Enum"
-1301972800,"","ShootableBox","ShootableBox","PoolableObject"
1451386764,"","EOBFNHDMLHJ","ShootableBox/EOBFNHDMLHJ","System.Enum"
-1506005732,"","ShotGunBulletSetup","ShotGunBulletSetup","BulletSetup"
123445816,"","ShotTrail","ShotTrail","PoolableObject"
-293721232,"","ShotTrailRenderer","ShotTrailRenderer","Singleton`1<ShotTrailRenderer>"
1156131325,"","ShotgunLevelsSetup","ShotgunLevelsSetup","WeaponLevelsSetup"
-335298913,"","SkidTrail","SkidTrail","UnityEngine.MonoBehaviour"
1133304587,"","OEGFNCIEMIN","SkidTrail/OEGFNCIEMIN","System.Object"
-606635464,"","SkillShot","SkillShot","System.Object"
830289516,"","SkillShotType","SkillShot/SkillShotType","System.Enum"
1728755206,"","SkillShotController","SkillShotController","Core_BaseScript"
-1924937598,"","SkillShotControllerBonusBox","SkillShotControllerBonusBox","SkillShotController"
1199580952,"","SkillShotControllerPlayer","SkillShotControllerPlayer","Core_BaseScript"
2130627948,"","SkillShotDisplayer","SkillShotDisplayer","PoolableObject"
-705509783,"","OEDCMGHNIDF","SkillShotDisplayer/OEDCMGHNIDF","System.Object"
-504544862,"","SkillShotDisplayerItem","SkillShotDisplayerItem","PoolableObject"
-1377700084,"","SkillShotManager","SkillShotManager","Singleton`1<SkillShotManager>"
803004533,"","SkillShotItemDefinition","SkillShotManager/SkillShotItemDefinition","System.Object"
1972927451,"","SkillshotGuiRecord","SkillshotGuiRecord","PoolableObject"
236936203,"","SlowMotionManager","SlowMotionManager","Singleton`1<SlowMotionManager>"
1661537874,"","SmokeGrenadeAmmoSetup","SmokeGrenadeAmmoSetup","GrenadeAmmoBaseSetup"
1775263418,"","SniperRifleLevelsSetup","SniperRifleLevelsSetup","WeaponLevelsSetup"
618788543,"","SniperScope","SniperScope","Singleton`1<SniperScope>"
-604194665,"","Scope","SniperScope/Scope","System.Object"
2059557010,"","SoldierAnimationController","SoldierAnimationController","Core_BaseScript"
552923304,"","GBNNHKHOHMC","SoldierAnimationController/GBNNHKHOHMC","System.Enum"
670972604,"","SoldierBehaviour","SoldierBehaviour","LevelBehaviour"
151083445,"","OKGIONBNKMI","SoldierBehaviour/OKGIONBNKMI","System.Object"
-411791199,"","PNLNJGDJLPC","SoldierBehaviour/PNLNJGDJLPC","System.Object"
-171186047,"","SoldierBehaviourAssaulter","SoldierBehaviourAssaulter","SoldierBehaviourGeneric`1<SoldierBehaviourDefinititonBasicSoldier>"
-422477252,"","SoldierBehaviourBazooka","SoldierBehaviourBazooka","SoldierBehaviourGeneric`1<SoldierBehaviourDefinititonBazooka>"
-238457323,"","SoldierBehaviourBuddy","SoldierBehaviourBuddy","SoldierBehaviourRusher`1<SoldierBehaviourDefinititonBuddy>"
1926307638,"","PMCFMCKPFLG","SoldierBehaviourBuddy/PMCFMCKPFLG","System.Object"
1541877908,"","SoldierBehaviourCommando","SoldierBehaviourCommando","SoldierBehaviourRusher`1<SoldierBehaviourDefinititonFlamethrower>"
1926307638,"","PMCFMCKPFLG","SoldierBehaviourCommando/PMCFMCKPFLG","System.Object"
971317083,"","SoldierBehaviourDefinititon","SoldierBehaviourDefinititon","BehaviourDefinititon"
-2100286755,"","SoldierBehaviourDefinititonBasicSoldier","SoldierBehaviourDefinititonBasicSoldier","SoldierBehaviourDefinititon"
129382485,"","SoldierBehaviourDefinititonBazooka","SoldierBehaviourDefinititonBazooka","SoldierBehaviourDefinititon"
1405531914,"","SoldierBehaviourDefinititonBuddy","SoldierBehaviourDefinititonBuddy","SoldierBehaviourDefinititon"
1335780987,"","SoldierBehaviourDefinititonCommando","SoldierBehaviourDefinititonCommando","SoldierBehaviourDefinititon"
1726024008,"","SoldierBehaviourDefinititonEngineer","SoldierBehaviourDefinititonEngineer","SoldierBehaviourDefinititon"
983095892,"","SoldierBehaviourDefinititonFlamethrower","SoldierBehaviourDefinititonFlamethrower","SoldierBehaviourDefinititon"
-1691317274,"","SoldierBehaviourDefinititonGrennader","SoldierBehaviourDefinititonGrennader","SoldierBehaviourDefinititon"
-45405622,"","SoldierBehaviourDefinititonGunslinger","SoldierBehaviourDefinititonGunslinger","SoldierBehaviourDefinititon"
-73783664,"","SoldierBehaviourDefinititonMachineGunner","SoldierBehaviourDefinititonMachineGunner","SoldierBehaviourDefinititon"
-190074103,"","SoldierBehaviourDefinititonMinigunner","SoldierBehaviourDefinititonMinigunner","SoldierBehaviourDefinititon"
1747885378,"","SoldierBehaviourDefinititonMortar","SoldierBehaviourDefinititonMortar","SoldierBehaviourDefinititon"
922933337,"","SoldierBehaviourDefinititonParachuter","SoldierBehaviourDefinititonParachuter","SoldierBehaviourDefinititon"
-372619003,"","SoldierBehaviourDefinititonSciFi","SoldierBehaviourDefinititonSciFi","SoldierBehaviourDefinititon"
1175604229,"","SoldierBehaviourDefinititonSniper","SoldierBehaviourDefinititonSniper","SoldierBehaviourDefinititon"
1462080686,"","SoldierBehaviourDefinititonSwat","SoldierBehaviourDefinititonSwat","SoldierBehaviourDefinititon"
-1276392425,"","SoldierBehaviourEngineer","SoldierBehaviourEngineer","SoldierBehaviourGeneric`1<SoldierBehaviourDefinititonEngineer>"
-991601556,"","SoldierBehaviourFlamethrower","SoldierBehaviourFlamethrower","SoldierBehaviourRusher`1<SoldierBehaviourDefinititonFlamethrower>"
1926307638,"","PMCFMCKPFLG","SoldierBehaviourFlamethrower/PMCFMCKPFLG","System.Object"
-18926530,"","SoldierBehaviourGeneric`1","SoldierBehaviourGeneric`1","SoldierBehaviour"
-1849303758,"","SoldierBehaviourGrennader","SoldierBehaviourGrennader","SoldierBehaviourGeneric`1<SoldierBehaviourDefinititonGrennader>"
-64191718,"","SoldierBehaviourGunslinger","SoldierBehaviourGunslinger","SoldierBehaviourGeneric`1<SoldierBehaviourDefinititonGunslinger>"
-44348216,"","SoldierBehaviourMachineGunner","SoldierBehaviourMachineGunner","SoldierBehaviourGeneric`1<SoldierBehaviourDefinititonMachineGunner>"
836054093,"","SoldierBehaviourMinigunner","SoldierBehaviourMinigunner","SoldierBehaviourGeneric`1<SoldierBehaviourDefinititonMinigunner>"
1926307638,"","PMCFMCKPFLG","SoldierBehaviourMinigunner/PMCFMCKPFLG","System.Object"
121913624,"","SoldierBehaviourMortar","SoldierBehaviourMortar","SoldierBehaviourGeneric`1<SoldierBehaviourDefinititonMortar>"
-453200002,"","SoldierBehaviourParachuter","SoldierBehaviourParachuter","SoldierBehaviourRusher`1<SoldierBehaviourDefinititonParachuter>"
1029941351,"","SoldierBehaviourRusher`1","SoldierBehaviourRusher`1","SoldierBehaviourGeneric`1<T>"
-1116119758,"","SoldierBehaviourSciFi","SoldierBehaviourSciFi","SoldierBehaviourGeneric`1<SoldierBehaviourDefinititonSciFi>"
-783094031,"","SoldierBehaviourShotgunner","SoldierBehaviourShotgunner","SoldierBehaviourRusher`1<SoldierBehaviourDefinititonBasicSoldier>"
1926307638,"","PMCFMCKPFLG","SoldierBehaviourShotgunner/PMCFMCKPFLG","System.Object"
1435257754,"","SoldierBehaviourSniper","SoldierBehaviourSniper","SoldierBehaviourGeneric`1<SoldierBehaviourDefinititonSniper>"
1729149703,"","SoldierBehaviourSwat","SoldierBehaviourSwat","SoldierBehaviourRusher`1<SoldierBehaviourDefinititonSwat>"
1926307638,"","PMCFMCKPFLG","SoldierBehaviourSwat/PMCFMCKPFLG","System.Object"
1020407425,"","SoldierBehaviourWarper","SoldierBehaviourWarper","SoldierBehaviourRusher`1<SoldierBehaviourDefinititonFlamethrower>"
1926307638,"","PMCFMCKPFLG","SoldierBehaviourWarper/PMCFMCKPFLG","System.Object"
-1206457730,"","SoldierMeshChanger","SoldierMeshChanger","Core_BaseScript"
578557425,"","SoldierStyle","SoldierMeshChanger/SoldierStyle","System.Object"
-624538556,"","SoldierParts","SoldierParts","Core_BaseScript"
1705169291,"","SoundEntry","SoundEntry","System.Object"
-1464225290,"","SoundsManager","SoundsManager","InGameSerializedObjectGeneric`1<SoundsManager/SoundSettingsSerialized>"
-1644761798,"","BJNCMCLNONK","SoundsManager/BJNCMCLNONK","System.Object"
802485313,"","DIOIAJMAFJH","SoundsManager/DIOIAJMAFJH","System.Object"
414549244,"","FLBEAODJGOP","SoundsManager/FLBEAODJGOP","System.Object"
-476701829,"","KALJKDABPFH","SoundsManager/KALJKDABPFH","System.Object"
-580227232,"","KJGDNLHKPOG","SoundsManager/KJGDNLHKPOG","System.Enum"
786134675,"","LJNIJIFPHDB","SoundsManager/LJNIJIFPHDB","System.Object"
-2090908954,"","SoundEntry2D","SoundsManager/SoundEntry2D","SoundEntry"
804854690,"","SoundSettingsSerialized","SoundsManager/SoundSettingsSerialized","System.Object"
-1140229346,"","SoundsManager3D","SoundsManager3D","Singleton`1<SoundsManager3D>"
-352502094,"","SoundEntry3D","SoundsManager3D/SoundEntry3D","SoundEntry"
1772638693,"","SpawnDeathMatchGuiCardFixed","SpawnDeathMatchGuiCardFixed","DeathMatchGuiCard"
2077928183,"","SpawnPoint","SpawnPoint","Core_BaseScript"
-1018145623,"","PGMEFLECCPH","SpawnPoint/PGMEFLECCPH","System.Enum"
1210230930,"","SpawnPointCar","SpawnPointCar","SpawnPointVehicle"
949085079,"","SpawnPointDrone","SpawnPointDrone","SpawnPoint"
806973057,"","SpawnPointHelicopter","SpawnPointHelicopter","SpawnPoint"
1919478154,"","SpawnPointParachute","SpawnPointParachute","SpawnPoint"
1127271247,"","SpawnPointTank","SpawnPointTank","SpawnPointVehicle"
-549597010,"","SpawnPointVehicle","SpawnPointVehicle","SpawnPoint"
1285890002,"","SpawnPointsCollection","SpawnPointsCollection","Core_BaseScript"
1350373836,"","SpawnedUnitsIndicatorGuiElement","SpawnedUnitsIndicatorGuiElement","GuiElementSingle`1<SpawnedUnitsIndicatorGuiElement>"
-1213486926,"","SpawningManager","SpawningManager","Singleton`1<SpawningManager>"
-909855729,"","IEEJFDOAFJF","SpawningManager/IEEJFDOAFJF","System.Object"
842986358,"","SpawningManagerDeathMatch","SpawningManagerDeathMatch","Singleton`1<SpawningManagerDeathMatch>"
369828786,"","ArmyUnit","SpawningManagerDeathMatch/ArmyUnit","System.Object"
627799890,"","ArmyUnitDefinition","SpawningManagerDeathMatch/ArmyUnitDefinition","System.Object"
-1812711018,"","HNGNGOFCCJL","SpawningManagerDeathMatch/HNGNGOFCCJL","System.Object"
-2115916890,"","SpecialOfferDialog","SpecialOfferDialog","GuiElementSingle`1<SpecialOfferDialog>"
-1686674663,"","HGMFLNPGNEI","SpecialOfferDialog/HGMFLNPGNEI","System.Object"
-148483697,"","SpecialOfferRecord","SpecialOfferRecord","Core_BaseScript"
-6709279,"","SpecialPackBoxItem","SpecialPackBoxItem","Core_BaseScript"
-971760282,"","BBAILHGBFKC","SpecialPackBoxItem/BBAILHGBFKC","System.Object"
-102111592,"","SpecialPackRecord","SpecialPackRecord","PoolableObject"
1264097888,"","SpectateScreen","SpectateScreen","GuiScreenSingle`1<SpectateScreen>"
369993725,"","Splash","Splash","GuiElementSingle`1<Splash>"
1511535187,"","SpriteUseFinder","SpriteUseFinder","Core_BaseScript"
-1001437053,"","SpritesWorkAround","SpritesWorkAround","UnityEngine.MonoBehaviour"
288899181,"","SquadButton","SquadButton","Core_BaseScript"
1994896009,"","SquadButtonAchievement","SquadButtonAchievement","SquadButton"
2031375418,"","SquadButtonCardpool","SquadButtonCardpool","SquadButton"
-2126407231,"","SquadButtonSpecial","SquadButtonSpecial","SquadButton"
-11503593,"","SquadCardpoolContent","SquadCardpoolContent","Core_BaseScript"
-2090724666,"","SquadCreateEmblemRecord","SquadCreateEmblemRecord","PoolableObject"
-797054525,"","SquadCreateScreen","SquadCreateScreen","GuiScreenSingle`1<SquadCreateScreen>"
1115308608,"","SquadDetailsDialog","SquadDetailsDialog","GuiElementSingle`1<SquadDetailsDialog>"
1601567736,"","JKFPJAFNCIG","SquadDetailsDialog/JKFPJAFNCIG","System.Object"
405798425,"","SquadDetailsMemberGridElement","SquadDetailsMemberGridElement","PoolableObject"
83657713,"","SquadEmblemRecord","SquadEmblemRecord","PoolableObject"
-1515828257,"","SquadEventContent","SquadEventContent","Core_BaseScript"
641723365,"","HJIHBPDIPMA","SquadEventContent/HJIHBPDIPMA","System.Object"
366493726,"","SquadEventDialog","SquadEventDialog","GuiElementSingle`1<SquadEventDialog>"
-1298629557,"","SquadEventRecord","SquadEventRecord","PoolableObject"
-236275566,"","SquadFindResults","SquadFindResults","Core_BaseScript"
-718425169,"","SquadFindScreen","SquadFindScreen","GuiScreenSingle`1<SquadFindScreen>"
-517416689,"","MCDPFKAMNAN","SquadFindScreen/MCDPFKAMNAN","System.Object"
-1944335793,"","MPJAFCCIOEO","SquadFindScreen/MPJAFCCIOEO","System.Enum"
374567634,"","OEKOLCLCGIM","SquadFindScreen/OEKOLCLCGIM","System.Object"
782030150,"","OHHMIBJHACJ","SquadFindScreen/OHHMIBJHACJ","System.Enum"
2057475064,"","SquadIconContent","SquadIconContent","Core_BaseScript"
-673432648,"","BONFDJFHAIH","SquadIconContent/BONFDJFHAIH","System.Object"
1223566773,"","MGCGPFEFKGA","SquadIconContent/MGCGPFEFKGA","System.Enum"
1687237677,"","SquadInformationContent","SquadInformationContent","Core_BaseScript"
-1770605481,"","SquadMemberContent","SquadMemberContent","Core_BaseScript"
-587437738,"","ABNBBOGDMIG","SquadMemberContent/ABNBBOGDMIG","System.Object"
-941127980,"","GBOBPBPIINP","SquadMemberContent/GBOBPBPIINP","System.Object"
-419311328,"","HLOPEJGKBKI","SquadMemberContent/HLOPEJGKBKI","System.Object"
1619326421,"","HNKGNMGKMPH","SquadMemberContent/HNKGNMGKMPH","System.Object"
2132310418,"","PANBDDEEANM","SquadMemberContent/PANBDDEEANM","System.Object"
933466871,"","SquadPlayerRecord","SquadPlayerRecord","PoolableObject"
723358255,"","SquadRank","SquadRank","System.Enum"
1599299858,"","SquadRecord","SquadRecord","PoolableObject"
1843935268,"","SquadScreen","SquadScreen","GuiScreenSingle`1<SquadScreen>"
-967731539,"","ILKOLBHGAMN","SquadScreen/ILKOLBHGAMN","System.Object"
-1752207072,"","LMLBAEALJOF","SquadScreen/LMLBAEALJOF","System.Object"
-1944335793,"","MPJAFCCIOEO","SquadScreen/MPJAFCCIOEO","System.Enum"
-1546814939,"","NFFDKDNHOAN","SquadScreen/NFFDKDNHOAN","System.Object"
1277116948,"","SquadStatsContent","SquadStatsContent","Core_BaseScript"
501676639,"","KKEGNGNLNMD","SquadStatsContent/KKEGNGNLNMD","System.Object"
664984500,"","AAICHFHEIGB","SquadStatsContent/KKEGNGNLNMD/AAICHFHEIGB","System.Enum"
50626563,"","SquadStatsRecord","SquadStatsRecord","PoolableObject"
-993069526,"","SquadWarEndDialog","SquadWarEndDialog","GuiElementSingle`1<SquadWarEndDialog>"
150743319,"","SquadWarEndMemberRecord","SquadWarEndMemberRecord","PoolableObject"
-784554708,"","SquadWarHintDialog","SquadWarHintDialog","GuiElementSingle`1<SquadWarHintDialog>"
-292497147,"","SquadWarManager","SquadWarManager","Core_BaseScript"
-1934931982,"","FCOHPKBKGJA","SquadWarManager/FCOHPKBKGJA","System.Object"
1665896743,"","SquadWarsContent","SquadWarsContent","Core_BaseScript"
-219404811,"","DHABLIIJANL","SquadWarsContent/DHABLIIJANL","System.Object"
-1138799212,"","HAJEIGIFBOO","SquadWarsContent/HAJEIGIFBOO","System.Object"
-374184126,"","IAIOAHOIDOF","SquadWarsContent/IAIOAHOIDOF","System.Object"
-1159442477,"","SquadWarsRecord","SquadWarsRecord","PoolableObject"
-270942927,"","StarterAssignment","StarterAssignment","System.Object"
-1866734180,"","StarterAssignmentComplete","StarterAssignmentComplete","Core_BaseScript"
-1354886932,"","StarterAssignmentCraftCard","StarterAssignmentCraftCard","StarterAssignment"
-604567492,"","StarterAssignmentDeployUnit","StarterAssignmentDeployUnit","StarterAssignment"
378586814,"","StarterAssignmentGainWeeklyMedals","StarterAssignmentGainWeeklyMedals","StarterAssignment"
1090744747,"","StarterAssignmentGetSquadPoint","StarterAssignmentGetSquadPoint","StarterAssignment"
-679849204,"","StarterAssignmentPart","StarterAssignmentPart","Core_BaseScript"
-2013514287,"","StarterAssignmentPlayWarcard","StarterAssignmentPlayWarcard","StarterAssignment"
-904175168,"","StarterAssignmentReachRankFifth","StarterAssignmentReachRankFifth","PCBGILMJNCE"
-1648901780,"","StarterAssignmentReachRankSix","StarterAssignmentReachRankSix","PCBGILMJNCE"
-782150895,"","StarterAssignmentRecord","StarterAssignmentRecord","Core_BaseScript"
1038588028,"","MGCBEFOIKCP","StarterAssignmentRecord/MGCBEFOIKCP","System.Object"
54150980,"","MIPPIDOPGHN","StarterAssignmentRecord/MIPPIDOPGHN","System.Object"
-1108184227,"","StarterAssignmentRewardDialog","StarterAssignmentRewardDialog","GuiElementSingle`1<StarterAssignmentRewardDialog>"
-1148162395,"","StarterAssignmentUpgradeWeapon","StarterAssignmentUpgradeWeapon","StarterAssignment"
-1511309857,"","StarterAssignmentWinMissionFirst","StarterAssignmentWinMissionFirst","PIJIAGFNHGN"
-655887286,"","StarterAssignmentWinPVPBattle","StarterAssignmentWinPVPBattle","StarterAssignment"
-1911838184,"","StarterAssignmentsContent","StarterAssignmentsContent","Core_BaseScript"
-1293135108,"","ODGOMJNMKCJ","StarterAssignmentsContent/ODGOMJNMKCJ","System.Object"
-1821312538,"","StarterAssignmentsManager","StarterAssignmentsManager","DatabaseSerializedObjectGeneric`1<StarterAssignmentsManager/StarterAssignmentsData>"
-1637632278,"","StarterAssignmentsData","StarterAssignmentsManager/StarterAssignmentsData","System.Object"
1754122094,"","StarterAssignmentData","StarterAssignmentsManager/StarterAssignmentsData/StarterAssignmentData","System.Object"
-42447943,"","StatsManager","StatsManager","DatabaseSerializedObjectGeneric`1<StatsManager/StatisticsData>"
-1395948389,"","StatisticsData","StatsManager/StatisticsData","System.Object"
976323594,"","StrikethroughPrize","StrikethroughPrize","Core_BaseScript"
-643551605,"","SubmitVideoDialog","SubmitVideoDialog","GuiElementSingle`1<SubmitVideoDialog>"
151737958,"","SubscriptionConfirmDialog","SubscriptionConfirmDialog","GuiElementSingle`1<SubscriptionConfirmDialog>"
1456133711,"","SubscriptionDetailsDialog","SubscriptionDetailsDialog","GuiElementSingle`1<SubscriptionDetailsDialog>"
-1453161828,"","SubscriptionManager","SubscriptionManager","DatabaseSerializedObjectGeneric`1<SubscriptionManager/Subscription>"
360046809,"","Subscription","SubscriptionManager/Subscription","System.Object"
-370046115,"","Suspension","Suspension","UnityEngine.MonoBehaviour"
1749076622,"","SwitchableGui","SwitchableGui","Core_BaseScript"
948046179,"","HJPGAGODCOA","SwitchableGui/HJPGAGODCOA","System.Enum"
505057509,"","SystemMaintenanceDialog","SystemMaintenanceDialog","GuiElementSingle`1<SystemMaintenanceDialog>"
-1724623891,"","JKDHCJJJOIO","SystemMaintenanceDialog/JKDHCJJJOIO","System.Object"
-163584801,"","T4MBillBObjSC","T4MBillBObjSC","UnityEngine.MonoBehaviour"
-1045694210,"","T4MLodObjSC","T4MLodObjSC","UnityEngine.MonoBehaviour"
-547322266,"","T4MObjSC","T4MObjSC","UnityEngine.MonoBehaviour"
-1204115082,"","T4MPartSC","T4MPartSC","UnityEngine.MonoBehaviour"
-13904482,"","T4MPlantObjSC","T4MPlantObjSC","UnityEngine.MonoBehaviour"
1383395801,"","TagsAndLayers","TagsAndLayers","Singleton`1<TagsAndLayers>"
-76862598,"","Tank","Tank","Vehicle`1<TankBehaviour>"
-475427702,"","TankBehaviour","TankBehaviour","TankBehaviourG`1<TankBehaviourDefinititon>"
524704928,"","TankBehaviourDefinititon","TankBehaviourDefinititon","VehicleBehaviourDefinititon"
1784105587,"","TankBehaviourG`1","TankBehaviourG`1","VehicleBehaviour"
500802824,"","TechnologyVisualDefinition","TechnologyVisualDefinition","System.Object"
148634281,"","FNEKFANEKEL","TechnologyVisualDefinition/FNEKFANEKEL","System.Object"
1580463792,"","GLJBAJNIMKP","TechnologyVisualDefinition/GLJBAJNIMKP","System.Object"
-1209302652,"","TimeAndProgressHudGuiElement","TimeAndProgressHudGuiElement","GuiElementSingle`1<TimeAndProgressHudGuiElement>"
1657574791,"","TimeManager","TimeManager","Core_BaseScript"
-1600238635,"","HICMJEBLEDA","TimeManager/HICMJEBLEDA","System.Enum"
720579896,"","Train","Train","Core_BaseScript"
-1077631908,"","TrainLoad","Train/TrainLoad","System.Object"
-1303499838,"","TranslationIdFinder","TranslationIdFinder","Core_BaseScript"
1136064009,"","TranslationRecord","TranslationIdFinder/TranslationRecord","System.Object"
-142682535,"","TransporterTurret","TransporterTurret","TurretWeaponBasic"
956510097,"","INCEJCIGFKP","TransporterTurret/INCEJCIGFKP","System.Object"
31748506,"","OKJBJFOCBOI","TransporterTurret/OKJBJFOCBOI","System.Object"
1527123582,"TuneSDK","BGEPAMNBJCE","TuneSDK.BGEPAMNBJCE","System.Object"
2115939964,"TuneSDK","DFIBCINAEMO","TuneSDK.DFIBCINAEMO","TuneSDK.JMHLFPLHJHC"
1636958868,"TuneSDK","FALEFGOPNKL","TuneSDK.FALEFGOPNKL","System.ValueType"
-1747218804,"TuneSDK","FAOPKIDIODH","TuneSDK.FAOPKIDIODH","System.Object"
212812871,"TuneSDK","GGOFOCDJIFM","TuneSDK.GGOFOCDJIFM","System.ValueType"
-871991891,"TuneSDK","HENFBBGJCMK","TuneSDK.HENFBBGJCMK","System.ValueType"
1222464448,"TuneSDK","JMHLFPLHJHC","TuneSDK.JMHLFPLHJHC","System.Object"
1220374876,"TuneSDK","KIHINHPLIEC","TuneSDK.KIHINHPLIEC","TuneSDK.JMHLFPLHJHC"
-20467724,"TuneSDK","KMGHMNDLOBD","TuneSDK.KMGHMNDLOBD","System.Object"
139403985,"TuneSDK","LNDDLFFNHHO","TuneSDK.LNDDLFFNHHO","System.Object"
-2003770046,"TuneSDK","NDMMHFNNODA","TuneSDK.NDMMHFNNODA","System.ValueType"
1745625239,"TuneSDK","OIGOLMMEFKH","TuneSDK.OIGOLMMEFKH","System.ValueType"
-273167020,"TuneSDK","Tune","TuneSDK.Tune","UnityEngine.MonoBehaviour"
-175262052,"TuneSDK","TuneExperimentDetailsIos","TuneSDK.TuneExperimentDetailsIos","System.Object"
-344592546,"TuneSDK","TuneInAppMessageExperimentDetailsIos","TuneSDK.TuneInAppMessageExperimentDetailsIos","TuneSDK.TuneExperimentDetailsIos"
1483256186,"TuneSDK","TuneListener","TuneSDK.TuneListener","UnityEngine.MonoBehaviour"
-515676829,"TuneSDK","TunePowerHookExperimentDetailsIos","TuneSDK.TunePowerHookExperimentDetailsIos","TuneSDK.TuneExperimentDetailsIos"
-493221067,"TuneSDK","TuneSerializableInAppMessageDictionaryIos","TuneSDK.TuneSerializableInAppMessageDictionaryIos","System.Object"
153955044,"TuneSDK","TuneSerializablePowerHookDictionaryIos","TuneSDK.TuneSerializablePowerHookDictionaryIos","System.Object"
-1742829365,"TuneSDK","Variation","TuneSDK.Variation","System.Object"
426810296,"","TuneSample","TuneSample","UnityEngine.MonoBehaviour"
576076454,"","Turret","Turret","TurretBase`2<TurretBehaviour,TurretBehaviourDefinititon>"
-1342695406,"","TurretBaseBehaviourG`1","TurretBaseBehaviourG`1","VehicleBehaviour"
2058391415,"","TurretBase`2","TurretBase`2","MechanicalUnit`1<T>"
-530394603,"","TurretBehaviour","TurretBehaviour","TurretBaseBehaviourG`1<TurretBehaviourDefinititon>"
-432219249,"","TurretBehaviourDefinititon","TurretBehaviourDefinititon","VehicleBehaviourDefinititon"
455646660,"","TurretPosition","TurretPosition","UnityEngine.MonoBehaviour"
-1780387353,"","TurretRockets","TurretRockets","TurretBase`2<TurretRocketsBehaviour,TurretRocketsBehaviourDefinititon>"
-1406967695,"","TurretRocketsBehaviour","TurretRocketsBehaviour","TurretBaseBehaviourG`1<TurretRocketsBehaviourDefinititon>"
-766850187,"","TurretRocketsBehaviourDefinititon","TurretRocketsBehaviourDefinititon","VehicleBehaviourDefinititon"
548679280,"","TurretWeaponBasic","TurretWeaponBasic","Core_BaseScript"
-2146374706,"","KKELCCCONNM","TurretWeaponBasic/KKELCCCONNM","System.Object"
-1121756759,"","TurretWeaponMultipleWeapons","TurretWeaponMultipleWeapons","TurretWeaponBasic"
956510097,"","INCEJCIGFKP","TurretWeaponMultipleWeapons/INCEJCIGFKP","System.Object"
787731006,"","TutorialCheckBox","TutorialCheckBox","UnityEngine.MonoBehaviour"
-114748947,"","TutorialClickOverlay","TutorialClickOverlay","GuiElementSingle`1<TutorialClickOverlay>"
-1930245123,"","TutorialDialog","TutorialDialog","GuiElementSingle`1<TutorialDialog>"
417111506,"","BKJIJOMNIPI","TutorialDialog/BKJIJOMNIPI","System.Enum"
-368044128,"","DODBDLEJOAM","TutorialDialog/DODBDLEJOAM","System.Enum"
2027820756,"","ONBFMLMBMON","TutorialDialog/ONBFMLMBMON","System.Object"
-626763590,"","TutorialFade","TutorialFade","GuiElementSingle`1<TutorialFade>"
1800901884,"","TutorialManagerBase","TutorialManagerBase","InGameSerializedObjectGeneric`1<TutorialManagerBase/TutorialData>"
1738003911,"","FPBHAMKKEBC","TutorialManagerBase/FPBHAMKKEBC","System.Object"
1587818551,"","IBFEBFPKBOD","TutorialManagerBase/IBFEBFPKBOD","System.Object"
-1112060924,"","TutorialData","TutorialManagerBase/TutorialData","System.Object"
-442311081,"","TutorialManagerPlayWarcards","TutorialManagerPlayWarcards","TutorialManagerBase"
-1601420852,"","BEOBPDLHFPH","TutorialManagerPlayWarcards/BEOBPDLHFPH","System.Object"
-1342172508,"","DBGNGDGLECF","TutorialManagerPlayWarcards/DBGNGDGLECF","System.Object"
1310462235,"","HFBKLMNHKKA","TutorialManagerPlayWarcards/HFBKLMNHKKA","System.Object"
914715235,"","KAAENBBKGGF","TutorialManagerPlayWarcards/KAAENBBKGGF","System.Object"
1667733350,"","MBOAFNJNLAC","TutorialManagerPlayWarcards/MBOAFNJNLAC","System.Object"
-1729644568,"","TutorialManagerStage1","TutorialManagerStage1","TutorialManagerBase"
-889614477,"","BIDOBKIGBFF","TutorialManagerStage1/BIDOBKIGBFF","System.Object"
520966741,"","BJBKPLNIEFI","TutorialManagerStage1/BJBKPLNIEFI","System.Object"
1552893948,"","DPMNDIJAPPF","TutorialManagerStage1/DPMNDIJAPPF","System.Object"
-114317961,"","HHNELJGDAAH","TutorialManagerStage1/HHNELJGDAAH","System.Object"
1675536156,"","HPBEGJLIJOK","TutorialManagerStage1/HPBEGJLIJOK","System.Object"
1006778353,"","IAKPMGGLGME","TutorialManagerStage1/IAKPMGGLGME","System.Object"
-1026029380,"","JEKMHPDPCPJ","TutorialManagerStage1/JEKMHPDPCPJ","System.Object"
914715235,"","KAAENBBKGGF","TutorialManagerStage1/KAAENBBKGGF","System.Object"
719807194,"","KNCJIMDLBLN","TutorialManagerStage1/KNCJIMDLBLN","System.Object"
-2135671630,"","KNIAPEILLLN","TutorialManagerStage1/KNIAPEILLLN","System.Object"
-217290850,"","LBPNLLIDIPB","TutorialManagerStage1/LBPNLLIDIPB","System.Object"
-259540177,"","LHAILMIJAIE","TutorialManagerStage1/LHAILMIJAIE","System.Object"
-375133132,"","LPELJDOFABA","TutorialManagerStage1/LPELJDOFABA","System.Object"
-1016574884,"","PBIMAIFCJJK","TutorialManagerStage1/LPELJDOFABA/PBIMAIFCJJK","System.Object"
211092628,"","MGMHJBIKHDN","TutorialManagerStage1/MGMHJBIKHDN","System.Object"
1874304402,"","NBBCNOBFDNI","TutorialManagerStage1/NBBCNOBFDNI","System.Object"
631730424,"","TutorialManagerStage2","TutorialManagerStage2","TutorialManagerBase"
1327200473,"","CCBNMMIKEHF","TutorialManagerStage2/CCBNMMIKEHF","System.Object"
1883040786,"","CMLLMGJMFKA","TutorialManagerStage2/CMLLMGJMFKA","System.Object"
347008888,"","CNMJNKEDIDL","TutorialManagerStage2/CNMJNKEDIDL","System.Object"
-638525715,"","EBHCHMCIKFO","TutorialManagerStage2/EBHCHMCIKFO","System.Object"
-1481535940,"","EEBKAGLDPHL","TutorialManagerStage2/EEBKAGLDPHL","System.Object"
1113745848,"","GHIEJKBFMGP","TutorialManagerStage2/GHIEJKBFMGP","System.Object"
746980345,"","LLMBOEIMOHG","TutorialManagerStage2/LLMBOEIMOHG","System.Object"
554006516,"","MGPEJCIIBGP","TutorialManagerStage2/MGPEJCIIBGP","System.Object"
85016686,"","MHHGEIJMPPB","TutorialManagerStage2/MHHGEIJMPPB","System.Object"
-1669313895,"","OJPPMELONDL","TutorialManagerStage2/OJPPMELONDL","System.Object"
-2050008187,"","PGEEEBOLBKB","TutorialManagerStage2/PGEEEBOLBKB","System.Object"
227315873,"","TutorialManagerStage3","TutorialManagerStage3","TutorialManagerBase"
2110014742,"","DHDAHKOFLGL","TutorialManagerStage3/DHDAHKOFLGL","System.Object"
693350302,"","EOANNIBMAOM","TutorialManagerStage3/EOANNIBMAOM","System.Object"
1571083887,"","IJIENBLFAJD","TutorialManagerStage3/IJIENBLFAJD","System.Object"
-2140601999,"","JAAGHMKDIIA","TutorialManagerStage3/JAAGHMKDIIA","System.Object"
-246813435,"","LFCKGNCMGMB","TutorialManagerStage3/LFCKGNCMGMB","System.Object"
1099286026,"","TutorialManagerStage4","TutorialManagerStage4","TutorialManagerBase"
1216968350,"","LIMNGFDOBNO","TutorialManagerStage4/LIMNGFDOBNO","System.Object"
1599985687,"","TutorialManagerStage5","TutorialManagerStage5","TutorialManagerBase"
-2137190590,"","BAHBKLBBNGA","TutorialManagerStage5/BAHBKLBBNGA","System.Object"
-858407302,"","TutorialManagerStage6","TutorialManagerStage6","TutorialManagerBase"
1010664705,"","IDABCBMMFHP","TutorialManagerStage6/IDABCBMMFHP","System.Object"
-1777464055,"","TutorialMapDefinition","TutorialMapDefinition","UnityEngine.MonoBehaviour"
-1596671086,"","TutorialOverlayGuiElement","TutorialOverlayGuiElement","GuiElementSingle`1<TutorialOverlayGuiElement>"
-1792070185,"","EEABENHLLCL","TutorialOverlayGuiElement/EEABENHLLCL","System.Object"
831503528,"","GGFMPPNECNE","TutorialOverlayGuiElement/GGFMPPNECNE","System.Object"
1402736719,"","KFFILKBMAND","TutorialOverlayGuiElement/KFFILKBMAND","System.Object"
1966918603,"","KNBGNPICFJH","TutorialOverlayGuiElement/KNBGNPICFJH","System.Object"
1579332627,"","LKODLDEHACD","TutorialOverlayGuiElement/LKODLDEHACD","System.Object"
457561048,"","PBCEOPEKONM","TutorialOverlayGuiElement/PBCEOPEKONM","System.Object"
-651780903,"","TutorialProgressShower","TutorialProgressShower","Singleton`1<TutorialProgressShower>"
232806007,"","TutorialWeaponDialog","TutorialWeaponDialog","GuiElementSingle`1<TutorialWeaponDialog>"
500235229,"","TweenAlphaHider","TweenAlphaHider","UITweener"
-90279007,"","TweenAnimator","TweenAnimator","Core_BaseScript"
-570491548,"","MNAIKKJDPLK","TweenAnimator/MNAIKKJDPLK","System.Enum"
-1354540919,"","NHBFIOEDDBI","TweenAnimator/NHBFIOEDDBI","System.Object"
-445466588,"","TweenRecord","TweenAnimator/TweenRecord","System.Object"
673241767,"","TweenBeginnerLeague","TweenBeginnerLeague","UITweener"
885501858,"","TweenColorSpecial","TweenColorSpecial","UITweener"
1442952214,"","TweenCounterSpecial","TweenCounterSpecial","UITweener"
-1961606377,"","TweenLeague","TweenLeague","UITweener"
582272472,"","TweenProgressBar","TweenProgressBar","UITweener"
-1453423773,"","TweenRotationSpecial","TweenRotationSpecial","UITweener"
-916951926,"","TweenSufixTextCounter","TweenSufixTextCounter","UITweener"
2003369407,"","TweenTextCounter","TweenTextCounter","UITweener"
1089316144,"","TweenTextCounterLong","TweenTextCounterLong","UITweener"
1408164948,"","TweenTimeCounter","TweenTimeCounter","UITweener"
-1043625283,"","TweenXPTextCounter","TweenXPTextCounter","UITweener"
678687758,"","Tweetmanager","Tweetmanager","Singleton`1<Tweetmanager>"
-139607258,"","UIAnchorAutoDisable","UIAnchorAutoDisable","UIAnchor"
1910532687,"","UIButtonBlink","UIButtonBlink","UnityEngine.MonoBehaviour"
1540265750,"","UIButtonOnOff","UIButtonOnOff","UIButton"
-758597583,"","UIButtonScaleTouch","UIButtonScaleTouch","UnityEngine.MonoBehaviour"
-827174069,"","UIButtonSetter","UIButtonSetter","UnityEngine.MonoBehaviour"
-128607576,"","ButtonBackgrounds","UIButtonSetter/ButtonBackgrounds","System.Object"
-36258078,"","LabelWidth","UIButtonSetter/LabelWidth","System.Object"
641818783,"","UICenterOnChildWithMomentum","UICenterOnChildWithMomentum","UnityEngine.MonoBehaviour"
-2025747674,"","UICheckboxPanel","UICheckboxPanel","UnityEngine.MonoBehaviour"
478400588,"","UIDraggablePanelAlignToBottom","UIDraggablePanelAlignToBottom","UIDraggablePanel"
-250709762,"","UIDraggablePanelRestrictTopLeft","UIDraggablePanelRestrictTopLeft","UIDraggablePanel"
-1400812128,"","UIDraggablePanelWithScale","UIDraggablePanelWithScale","UIDraggablePanel"
1824173642,"","UIGridStretchWidth","UIGridStretchWidth","UnityEngine.MonoBehaviour"
2105747022,"","BFECKPMJGKE","UIGridStretchWidth/BFECKPMJGKE","System.MulticastDelegate"
-67971000,"","HIHMHMFIOFK","UIGridStretchWidth/HIHMHMFIOFK","System.Enum"
731428725,"","UIInputChat","UIInputChat","UIInput"
776441166,"","UIInputHidingKeyboardFix","UIInputHidingKeyboardFix","UIInput"
-2033308511,"","UIPopupListSameSelect","UIPopupListSameSelect","UIPopupList"
-1080497485,"","CHPECODAIJK","UIPopupListSameSelect/CHPECODAIJK","System.MulticastDelegate"
302369023,"","UIPositionSetter","UIPositionSetter","UnityEngine.MonoBehaviour"
-439890852,"","UIReflectionEffect","UIReflectionEffect","UISprite"
-1229918926,"","UISimpleHider","UISimpleHider","UnityEngine.MonoBehaviour"
1679227052,"","UISpriteRelativeWidth","UISpriteRelativeWidth","UnityEngine.MonoBehaviour"
-1295760878,"","UnitEndScreenRecord","UnitEndScreenRecord","PoolableObject"
-2060012415,"","UnitIndicator","UnitIndicator","PoolableObject"
-173183046,"","AFEJOHDDHIB","UnitIndicator/AFEJOHDDHIB","System.Object"
-1365059002,"","UnitModelLoader","UnitModelLoader","Core_BaseScript"
-1081015209,"","UnitModelLoaderWithAnimations","UnitModelLoaderWithAnimations","UnitModelLoader"
-1857328941,"","UnitPromotedDialog","UnitPromotedDialog","GuiElementSingle`1<UnitPromotedDialog>"
1388442384,"","UnitPromotionLockedDialog","UnitPromotionLockedDialog","GuiElementSingle`1<UnitPromotionLockedDialog>"
1188483330,"","UnitReadyForPromotionDialog","UnitReadyForPromotionDialog","GuiElementSingle`1<UnitReadyForPromotionDialog>"
-1272302621,"","UnitShield","UnitShield","Core_BaseScript"
1972557148,"","UnitUpgradeDefinition","UnitUpgradeDefinition","System.Object"
-1997391134,"","UnitsHeadTest","UnitsHeadTest","Core_BaseScript"
-705509783,"","OEDCMGHNIDF","UnitsHeadTest/OEDCMGHNIDF","System.Object"
1701862049,"UnityStandardAssets.ImageEffects","GlobalFog","UnityStandardAssets.ImageEffects.GlobalFog","UnityStandardAssets.ImageEffects.PostEffectsBase"
1448185299,"UnityStandardAssets.ImageEffects","PostEffectsBase","UnityStandardAssets.ImageEffects.PostEffectsBase","UnityEngine.MonoBehaviour"
-311975780,"","UnluckDistanceDisabler","UnluckDistanceDisabler","UnityEngine.MonoBehaviour"
1634391296,"","UpgradeSlot","UpgradeSlot","System.Object"
616964599,"","UpgradeSlotElite","UpgradeSlotElite","UpgradeSlot"
-363978796,"","UpgradeSlotSpecial","UpgradeSlotSpecial","UpgradeSlot"
477570866,"","UpgradeSlots","UpgradeSlots","Core_BaseScript"
447097903,"","CGMBKNHFEKK","UpgradeSlots/CGMBKNHFEKK","System.Object"
-1337212896,"","GDPICKHGNNF","UpgradeSlots/GDPICKHGNNF","System.Object"
1095502662,"","JKLFIKMDAOA","UpgradeSlots/JKLFIKMDAOA","System.Object"
333907803,"","JLANLLEABDC","UpgradeSlots/JLANLLEABDC","System.Enum"
-581057,"","JNBLKNMGMBD","UpgradeSlots/JNBLKNMGMBD","System.Object"
977705893,"","MJFCEHPBAGM","UpgradeSlots/MJFCEHPBAGM","System.Object"
1185565092,"","NJPCJIKDDAJ","UpgradeSlots/NJPCJIKDDAJ","System.Object"
1916710009,"","UnitUpgrades","UpgradeSlots/UnitUpgrades","System.ValueType"
-747680338,"","VisualSlotMesh","UpgradeSlots/VisualSlotMesh","System.Object"
647408890,"","UpgradeSlotsAssaultHelicopter","UpgradeSlotsAssaultHelicopter","UpgradeSlotsVehicle`1<Google2u.DBUpgradeSlotsDrone>"
1257950575,"","UpgradeSlotsAssaulter","UpgradeSlotsAssaulter","UpgradeSlotsBaseSoldier`1<Google2u.DBUpgradeSlotsAssaulter>"
-2047006774,"","UpgradeSlotsBaseSoldier`1","UpgradeSlotsBaseSoldier`1","UpgradeSlotsGeneric`1<T>"
-1292702865,"","EEHPCJJABDC","UpgradeSlotsBaseSoldier`1/EEHPCJJABDC","System.Object"
-414210167,"","PKIINPFKGDD","UpgradeSlotsBaseSoldier`1/PKIINPFKGDD","System.Object"
-875523472,"","UpgradeSlotsBazooka","UpgradeSlotsBazooka","UpgradeSlotsBaseSoldier`1<Google2u.DBUpgradeSlotsShotgunner>"
-768537615,"","UpgradeSlotsBuddy","UpgradeSlotsBuddy","UpgradeSlotsBaseSoldier`1<Google2u.DBUpgradeSlotsBuddy>"
-468201695,"","UpgradeSlotsCar","UpgradeSlotsCar","UpgradeSlotsVehicle`1<Google2u.DBUpgradeSlotsCar>"
1873493748,"","UpgradeSlotsCarBuggy","UpgradeSlotsCarBuggy","UpgradeSlotsVehicle`1<Google2u.DBUpgradeSlotsCarBuggy>"
573295477,"","UpgradeSlotsCarTransporter","UpgradeSlotsCarTransporter","UpgradeSlotsVehicle`1<Google2u.DBUpgradeSlotsTransporter>"
-1236309547,"","UpgradeSlotsCommando","UpgradeSlotsCommando","UpgradeSlotsBaseSoldier`1<Google2u.DBUpgradeSlotsCommando>"
-1449360955,"","UpgradeSlotsDrone","UpgradeSlotsDrone","UpgradeSlotsMechanical`1<Google2u.DBUpgradeSlotsDrone>"
-32418420,"","UpgradeSlotsEngineer","UpgradeSlotsEngineer","UpgradeSlotsBaseSoldier`1<Google2u.DBUpgradeSlotsShotgunner>"
-1292702865,"","EEHPCJJABDC","UpgradeSlotsEngineer/EEHPCJJABDC","System.Object"
-414210167,"","PKIINPFKGDD","UpgradeSlotsEngineer/PKIINPFKGDD","System.Object"
-32318465,"","UpgradeSlotsFlamethrower","UpgradeSlotsFlamethrower","UpgradeSlotsBaseSoldier`1<Google2u.DBUpgradeSlotsFlamethrower>"
1418192456,"","UpgradeSlotsGeneric`1","UpgradeSlotsGeneric`1","UpgradeSlots"
-676331086,"","UpgradeSlotsGrennader","UpgradeSlotsGrennader","UpgradeSlotsBaseSoldier`1<Google2u.DBUpgradeSlotsShotgunner>"
-1676307147,"","UpgradeSlotsGunslicer","UpgradeSlotsGunslicer","UpgradeSlotsBaseSoldier`1<Google2u.DBUpgradeSlotsGrennader>"
2008482418,"","UpgradeSlotsHelicopter","UpgradeSlotsHelicopter","UpgradeSlotsVehicle`1<Google2u.DBUpgradeSlotsHelicopter>"
1966113574,"","UpgradeSlotsMachineGunner","UpgradeSlotsMachineGunner","UpgradeSlotsBaseSoldier`1<Google2u.DBUpgradeSlotsMachineGunner>"
-1268541104,"","UpgradeSlotsMech","UpgradeSlotsMech","UpgradeSlotsMechanical`1<Google2u.DBUpgradeSlotsMech>"
-1665982350,"","UpgradeSlotsMechanical`1","UpgradeSlotsMechanical`1","UpgradeSlotsGeneric`1<T>"
-1163918178,"","UpgradeSlotsMinigunner","UpgradeSlotsMinigunner","UpgradeSlotsBaseSoldier`1<Google2u.DBUpgradeSlotsShotgunner>"
-1307984380,"","UpgradeSlotsMortar","UpgradeSlotsMortar","UpgradeSlotsBaseSoldier`1<Google2u.DBUpgradeSlotsGrennader>"
-1848088255,"","UpgradeSlotsParachuter","UpgradeSlotsParachuter","UpgradeSlotsBaseSoldier`1<Google2u.DBUpgradeSlotsShotgunner>"
-1469216831,"","UpgradeSlotsSciFi","UpgradeSlotsSciFi","UpgradeSlotsBaseSoldier`1<Google2u.DBUpgradeSlotsSciFi>"
1245847842,"","UpgradeSlotsShotgunner","UpgradeSlotsShotgunner","UpgradeSlotsBaseSoldier`1<Google2u.DBUpgradeSlotsShotgunner>"
-423743742,"","UpgradeSlotsSniper","UpgradeSlotsSniper","UpgradeSlotsBaseSoldier`1<Google2u.DBUpgradeSlotsSniper>"
435825156,"","UpgradeSlotsSwat","UpgradeSlotsSwat","UpgradeSlotsBaseSoldier`1<Google2u.DBUpgradeSlotsShotgunner>"
141863740,"","UpgradeSlotsTank","UpgradeSlotsTank","UpgradeSlotsVehicle`1<Google2u.DBUpgradeSlotsTank>"
-1549915908,"","UpgradeSlotsTurret","UpgradeSlotsTurret","UpgradeSlotsMechanical`1<Google2u.DBUpgradeSlotsTurret>"
-1364199850,"","UpgradeSlotsVehicle`1","UpgradeSlotsVehicle`1","UpgradeSlotsMechanical`1<T>"
-1292702865,"","EEHPCJJABDC","UpgradeSlotsVehicle`1/EEHPCJJABDC","System.Object"
-414210167,"","PKIINPFKGDD","UpgradeSlotsVehicle`1/PKIINPFKGDD","System.Object"
-713203272,"","UpgradeSlotsWarper","UpgradeSlotsWarper","UpgradeSlotsBaseSoldier`1<Google2u.DBUpgradeSlotsGrennader>"
330997674,"","UpgradesManager","UpgradesManager","Singleton`1<UpgradesManager>"
-1539466943,"","BOJCLEMBBIP","UpgradesManager/BOJCLEMBBIP","System.Object"
-1169898199,"","CGPLLMGEKCN","UpgradesManager/CGPLLMGEKCN","System.Object"
1084760702,"","UserDeviceManager","UserDeviceManager","DatabaseSerializedObjectGeneric`1<UserDeviceManager/UserDevices>"
-652948994,"","UserDevice","UserDeviceManager/UserDevice","System.Object"
821187590,"","UserDevices","UserDeviceManager/UserDevices","System.Object"
1139220340,"","UserExistsDialog","UserExistsDialog","GuiElementSingle`1<UserExistsDialog>"
1889768990,"","UserGeneratedContent","UserGeneratedContent","GuiElementSingle`1<UserGeneratedContent>"
-386255557,"","VIPButton","VIPButton","Core_BaseScript"
1303684873,"","VIPConfirmDialog","VIPConfirmDialog","GuiElementSingle`1<VIPConfirmDialog>"
-467058773,"","VIPOnlyDialog","VIPOnlyDialog","GuiElementSingle`1<VIPOnlyDialog>"
2017775447,"","VehicleBehaviour","VehicleBehaviour","LevelBehaviour"
-2037069150,"","VehicleBehaviourDefinititon","VehicleBehaviourDefinititon","BehaviourDefinititon"
-1689790898,"","VehicleEngine","VehicleEngine","UnityEngine.MonoBehaviour"
1062278289,"","VehicleVisuals","VehicleVisuals","Core_BaseScript"
-1354178632,"","Vehicle`1","Vehicle`1","MechanicalUnit`1<T>"
-1400504093,"","VideoFeedButton","VideoFeedButton","Core_BaseScript"
-1722233472,"","DPGECBFGBGI","VideoFeedButton/DPGECBFGBGI","System.Object"
2117486898,"","IMLJICEBDFA","VideoFeedButton/IMLJICEBDFA","System.Enum"
-1806743178,"","VideoFeedManager","VideoFeedManager","Core_BaseScript"
1514701481,"","VideoFeed","VideoFeedManager/VideoFeed","System.Object"
1903732314,"","VideoFeedData","VideoFeedManager/VideoFeedData","System.Object"
-987857533,"","VideoFeedRecord","VideoFeedRecord","PoolableObject"
197920238,"","VideoFeedScreen","VideoFeedScreen","GuiScreenSingle`1<VideoFeedScreen>"
-1944335793,"","MPJAFCCIOEO","VideoFeedScreen/MPJAFCCIOEO","System.Enum"
374567634,"","OEKOLCLCGIM","VideoFeedScreen/OEKOLCLCGIM","System.Object"
-1150229211,"","OLOKAIGLIFG","VideoFeedScreen/OLOKAIGLIFG","System.Object"
-975449967,"","VideoReplay","VideoReplay","GuiElement"
1379997389,"","VipManager","VipManager","Singleton`1<VipManager>"
1417920541,"","WFX_AutoDestructShuriken","WFX_AutoDestructShuriken","UnityEngine.MonoBehaviour"
-18055418,"","EGGKBJIBEPG","WFX_AutoDestructShuriken/EGGKBJIBEPG","System.Object"
306261316,"","WFX_BulletHoleDecal","WFX_BulletHoleDecal","UnityEngine.MonoBehaviour"
-631545722,"","JPOAELFPDJH","WFX_BulletHoleDecal/JPOAELFPDJH","System.Object"
646402069,"","WFX_Demo","WFX_Demo","UnityEngine.MonoBehaviour"
-773697422,"","JBIFCOIGMKM","WFX_Demo/JBIFCOIGMKM","System.Object"
-905317845,"","WFX_Demo_DeleteAfterDelay","WFX_Demo_DeleteAfterDelay","UnityEngine.MonoBehaviour"
-1576209692,"","WFX_Demo_RandomDir","WFX_Demo_RandomDir","UnityEngine.MonoBehaviour"
2104995698,"","WFX_Demo_Wall","WFX_Demo_Wall","UnityEngine.MonoBehaviour"
-91701070,"","WFX_LightFlicker","WFX_LightFlicker","UnityEngine.MonoBehaviour"
-157335305,"","LJBGEMAJIPN","WFX_LightFlicker/LJBGEMAJIPN","System.Object"
-1206422832,"","WFX_ParticleMeshBillboard","WFX_ParticleMeshBillboard","UnityEngine.MonoBehaviour"
-2145688213,"","WaitingDialog","WaitingDialog","GuiElementSingle`1<WaitingDialog>"
-1616532594,"","Wallet","Wallet","Singleton`1<Wallet>"
1671543192,"","WarArena","WarArena","DatabaseSerializedObjectGeneric`1<WarArena/WarArenaData>"
-628264928,"","WarArenaData","WarArena/WarArenaData","System.Object"
1585193919,"","WarArenaCrown","WarArenaCrown","System.Enum"
1984157789,"","WarArenaRule","WarArenaRule","UnityEngine.ScriptableObject"
1203759198,"","OBNJAIHEJOJ","WarArenaRule/OBNJAIHEJOJ","System.Enum"
179420350,"","OCCICIIEHEF","WarArenaRule/OCCICIIEHEF","System.Object"
-1646795648,"","WarArenaRuleCardsFilter","WarArenaRuleCardsFilter","WarArenaRuleGeneric`1<WarArenaRuleCardsFilter/Data>"
-1340716632,"","Data","WarArenaRuleCardsFilter/Data","RuleData"
1059464520,"","WarArenaRuleConcreteMap","WarArenaRuleConcreteMap","WarArenaRuleGeneric`1<WarArenaRuleConcreteMap/Data>"
-1340716632,"","Data","WarArenaRuleConcreteMap/Data","RuleData"
2000200547,"","WarArenaRuleCoolDown","WarArenaRuleCoolDown","WarArenaRuleGeneric`1<WarArenaRuleCoolDown/Data>"
-1340716632,"","Data","WarArenaRuleCoolDown/Data","RuleData"
1225070227,"","WarArenaRuleCrates","WarArenaRuleCrates","WarArenaRuleGeneric`1<WarArenaRuleCrates/Data>"
-1340716632,"","Data","WarArenaRuleCrates/Data","RuleData"
1757048997,"","WarArenaRuleFixedEnergy","WarArenaRuleFixedEnergy","WarArenaRuleGeneric`1<WarArenaRuleFixedEnergy/Data>"
-1340716632,"","Data","WarArenaRuleFixedEnergy/Data","RuleData"
1619514501,"","WarArenaRuleFixedSpawning","WarArenaRuleFixedSpawning","WarArenaRuleGeneric`1<WarArenaRuleFixedSpawning/Data>"
-1340716632,"","Data","WarArenaRuleFixedSpawning/Data","RuleData"
1336363876,"","WarArenaRuleGeneric`1","WarArenaRuleGeneric`1","WarArenaRule"
-608383702,"","WarArenaRuleMatchCardSet","WarArenaRuleMatchCardSet","WarArenaRuleGeneric`1<WarArenaRuleMatchCardSet/Data>"
-1340716632,"","Data","WarArenaRuleMatchCardSet/Data","RuleData"
141583096,"","WarArenaRuleOverTime","WarArenaRuleOverTime","WarArenaRuleGeneric`1<WarArenaRuleOverTime/Data>"
-1340716632,"","Data","WarArenaRuleOverTime/Data","RuleData"
1814650499,"","WarArenaRulePlayerHp","WarArenaRulePlayerHp","WarArenaRuleGeneric`1<WarArenaRulePlayerHp/Data>"
-1340716632,"","Data","WarArenaRulePlayerHp/Data","RuleData"
1893629930,"","WarArenaRulePlayerSpeed","WarArenaRulePlayerSpeed","WarArenaRuleGeneric`1<WarArenaRulePlayerSpeed/Data>"
-1340716632,"","Data","WarArenaRulePlayerSpeed/Data","RuleData"
-331164470,"","WarArenaRuleRandomCards","WarArenaRuleRandomCards","WarArenaRuleGeneric`1<WarArenaRuleRandomCards/Data>"
-1340716632,"","Data","WarArenaRuleRandomCards/Data","RuleData"
-406858345,"","WarArenaRuleRandomUnits","WarArenaRuleRandomUnits","WarArenaRuleGeneric`1<WarArenaRuleRandomUnits/Data>"
-1340716632,"","Data","WarArenaRuleRandomUnits/Data","RuleData"
-1327595765,"","WarArenaRuleRandomWeapons","WarArenaRuleRandomWeapons","WarArenaRuleGeneric`1<WarArenaRuleRandomWeapons/Data>"
-1340716632,"","Data","WarArenaRuleRandomWeapons/Data","RuleData"
11030593,"","WarArenaRuleShields","WarArenaRuleShields","WarArenaRuleGeneric`1<WarArenaRuleShields/Data>"
-1340716632,"","Data","WarArenaRuleShields/Data","RuleData"
485755479,"","WarArenaRuleUnitCategory","WarArenaRuleUnitCategory","WarArenaRuleGeneric`1<WarArenaRuleUnitCategory/Data>"
-1340716632,"","Data","WarArenaRuleUnitCategory/Data","RuleData"
-1418719517,"","WarArenaRuleUnitsHP","WarArenaRuleUnitsHP","WarArenaRuleGeneric`1<WarArenaRuleUnitsHP/Data>"
-1340716632,"","Data","WarArenaRuleUnitsHP/Data","RuleData"
1491434539,"","WarArenaRuleWeapons","WarArenaRuleWeapons","WarArenaRuleGeneric`1<WarArenaRuleWeapons/Data>"
-1340716632,"","Data","WarArenaRuleWeapons/Data","RuleData"
1415194461,"","WeaponConfig","WarArenaRuleWeapons/WeaponConfig","System.Object"
177382272,"","WarArenaRuleWeaponsAmmo","WarArenaRuleWeaponsAmmo","WarArenaRuleGeneric`1<WarArenaRuleWeaponsAmmo/Data>"
-1340716632,"","Data","WarArenaRuleWeaponsAmmo/Data","RuleData"
784921855,"","EBLDNOCBGED","WarArenaRuleWeaponsAmmo/EBLDNOCBGED","System.Enum"
1415194461,"","WeaponConfig","WarArenaRuleWeaponsAmmo/WeaponConfig","System.Object"
44171378,"","WarArenaRuleWeaponsReload","WarArenaRuleWeaponsReload","WarArenaRuleGeneric`1<WarArenaRuleWeaponsReload/Data>"
-1340716632,"","Data","WarArenaRuleWeaponsReload/Data","RuleData"
916795295,"","PJLMIBPABGH","WarArenaRuleWeaponsReload/PJLMIBPABGH","System.Enum"
1415194461,"","WeaponConfig","WarArenaRuleWeaponsReload/WeaponConfig","System.Object"
-285523460,"","WarArenaSmallRewardRecord","WarArenaSmallRewardRecord","PoolableObject"
-2124313345,"","WarBucksConfirmDialog","WarBucksConfirmDialog","GuiElementSingle`1<WarBucksConfirmDialog>"
-1429911302,"","WararenaRewardRecord","WararenaRewardRecord","PoolableObject"
-820475411,"","COLKIFOMJPF","WararenaRewardRecord/COLKIFOMJPF","System.Enum"
184106963,"","WarbucksButtonRecord","WarbucksButtonRecord","Core_BaseScript"
541347845,"","WarcardpackButtonRecord","WarcardpackButtonRecord","Core_BaseScript"
629118196,"","WarcardsContent","WarcardsContent","Core_BaseScript"
295230422,"","EAFODKCNCHA","WarcardsContent/EAFODKCNCHA","System.Object"
-381533816,"","WarningDialog","WarningDialog","GuiElementSingle`1<WarningDialog>"
-654268422,"","ODLENIGMPGG","WarningDialog/ODLENIGMPGG","System.Object"
-315025882,"","OPFOCLIJMLG","WarningDialog/OPFOCLIJMLG","System.Object"
983425345,"","WarpTrails","WarpTrails","Core_BaseScript"
-1667628963,"","WayPoint","WayPoint","Core_BaseScript"
-282266116,"","WayPointPath","WayPointPath","Core_BaseScript"
1145807560,"","WaypointCircuit","WaypointCircuit","UnityEngine.MonoBehaviour"
1022656826,"","PCAIENMNMLL","WaypointCircuit/PCAIENMNMLL","System.ValueType"
1146143320,"","WaypointList","WaypointCircuit/WaypointList","System.Object"
2017707963,"","WaypointProgressTracker","WaypointProgressTracker","UnityEngine.MonoBehaviour"
-1434415666,"","IKNHDDGJCOP","WaypointProgressTracker/IKNHDDGJCOP","System.Enum"
1226169119,"","Weapon","Weapon","PoolableObject"
-156905684,"","IGGFMJAKLGO","Weapon/IGGFMJAKLGO","System.Enum"
-1250891756,"","JMPCJHIKJEO","Weapon/JMPCJHIKJEO","System.MulticastDelegate"
-230978651,"","Weapon3DModel","Weapon3DModel","Core_BaseScript"
1948900843,"","WeaponSlot","Weapon3DModel/WeaponSlot","System.Object"
-1507281686,"","WeaponCameraSetup","WeaponCameraSetup","System.Object"
-737219319,"","WeaponCategory","WeaponCategory","System.Enum"
1968953801,"","WeaponEquipSlotButton","WeaponEquipSlotButton","Core_BaseScript"
-1666727726,"","WeaponFeature","WeaponFeature","System.Object"
1800791394,"","WeaponFeatures","WeaponFeatures","Core_BaseScript"
-2025878773,"","WeaponGuiRecord","WeaponGuiRecord","PoolableObject"
-694353060,"","WeaponInventory","WeaponInventory","Core_BaseScript"
-877941779,"","ACBLHNJKCBI","WeaponInventory/ACBLHNJKCBI","System.Object"
1498577930,"","WeaponLeftContent","WeaponLeftContent","Core_BaseScript"
-237000248,"","WeaponLevelsSetup","WeaponLevelsSetup","Core_BaseScript"
1703111365,"","GILPPKMICCF","WeaponLevelsSetup/GILPPKMICCF","System.Enum"
333907803,"","JLANLLEABDC","WeaponLevelsSetup/JLANLLEABDC","System.Enum"
1634391296,"","UpgradeSlot","WeaponLevelsSetup/UpgradeSlot","System.Object"
-281242739,"","WeaponPreviewCamera","WeaponPreviewCamera","Singleton`1<WeaponPreviewCamera>"
78538813,"","AGBEGHPLLNA","WeaponPreviewCamera/AGBEGHPLLNA","System.Object"
-1188205764,"","FLGIOKGKADH","WeaponPreviewCamera/FLGIOKGKADH","System.Object"
-1703013279,"","WeaponRightContent","WeaponRightContent","Core_BaseScript"
-713060087,"","WeaponScreen","WeaponScreen","GuiScreenSingle`1<WeaponScreen>"
1473200206,"","ABDDBOABKOK","WeaponScreen/ABDDBOABKOK","System.Enum"
-1440399181,"","OGPCPMGOAMA","WeaponScreen/OGPCPMGOAMA","System.Object"
895492487,"","WeaponStatProgressBar","WeaponStatProgressBar","Core_BaseScript"
-655743267,"","WebTextureLoader","WebTextureLoader","Core_BaseScript"
-2013070386,"","DBGNFLACFMI","WebTextureLoader/DBGNFLACFMI","System.Object"
1127558560,"","GIILGEGBNHD","WebTextureLoader/GIILGEGBNHD","System.Object"
-1002184907,"","IBFFOHBCCGF","WebTextureLoader/IBFFOHBCCGF","System.Object"
675026695,"","NHECBNIHAJO","WebTextureLoader/NHECBNIHAJO","System.Object"
1147463787,"","WelcomeBackSoldierDialog","WelcomeBackSoldierDialog","GuiElementSingle`1<WelcomeBackSoldierDialog>"
-1938134341,"","PDPNFKKEKLO","WelcomeBackSoldierDialog/PDPNFKKEKLO","System.Enum"
-1145787480,"","Wheel","Wheel","UnityEngine.MonoBehaviour"
-1223637934,"","WinMultiplayerMatchesAssignment","WinMultiplayerMatchesAssignment","Assignment"
-567072801,"","WinStreakCounter","WinStreakCounter","Core_BaseScript"
237833923,"","WinStreakManager","WinStreakManager","DatabaseSerializedObjectGeneric`1<WinStreakManager/WinStreak>"
1151098344,"","WinStreak","WinStreakManager/WinStreak","System.Object"
-1945957425,"","nguiFPS","nguiFPS","UnityEngine.MonoBehaviour"
-1573851552,"","PFCEHPBADKG","nguiFPS/PFCEHPBADKG","System.Object"
1491268743,"","particleTest","particleTest","UnityEngine.MonoBehaviour"
-1304111604,"","vp_MuzzleFlash","vp_MuzzleFlash","UnityEngine.MonoBehaviour"
